730 736 398 789 409 443 307 950 722 172 79 516 650 991 855 516 640 532 146 116 256 541 239 764 1 462 627 462 76 167 116 166 362 915 917 801 222 559 130 483 205 944 480 73 873 926 562 742 414 519 263 348 691 417 443 232 43 85 639 942 80 828 515 652 889 60 382 911 900 123 30 202 751 103 574 994 36 829 558 531 732 242 558 903 191 527 458 542 882 569 462 712 564 955 865 105 574 334 428 63 442 884 112 928 695 824 409 749 328 57 995 563 545 14 87 691 232 136 763 122 981 196 175 226 707 643 111 772 592 345 820 215 148 123 291 719 965 427 477 838 59 523 832 94 72 453 96 538 35 639 842 716 546 499 262 517 737 184 499 407 405 716 812 172 244 807 853 689 276 551 662 741 625 481 856 396 933 741 999 287 378 907 265 273 284 395 737 774 132 490 658 791 53 638 367 285 672 394 706 343 24 754 250 405 270 628 292 452 688 911 284 838 560 678 928 122 630 227 434 80 882 419 714 490 81 637 237 834 949 410 299 648 62 121 974 698 393 402 482 585 798 889 505 458 71 199 229 184 53 828 778 0 336 884 723 230 426 361 785 718 888 664 212 295 283 499 692 255 475 598 851 718 246 551 268 726 943 692 887 151 900 442 913 481 617 175 766 125 405 107 690 319 974 416 431 395 204 641 273 746 510 780 849 627 363 29 133 809 741 290 812 67 319 306 41 63 393 197 672 190 694 328 169 11 835 474 794 947 948 173 582 66 934 706 266 732 398 91 190 566 577 541 199 934 188 712 577 724 693 655 456 635 800 656 822 533 708 299 110 480 91 333 555 597 567 357 280 770 772 447 321 955 641 295 856 907 67 461 178 947 417 386 853 294 848 245 898 180 585 908 385 352 460 306 277 409 261 468 198 245 436 76 203 510 749 593 798 496 282 496 20 621 217 979 918 449 564 970 49 790 225 949 392 557 297 883 949 751 14 481 49 92 162 665 691 208 905 412 916 38 546 456 639 539 580 715 426 441 56 897 402 548 655 871 631 696 538 769 812 520 793 153 318 558 18 253 234 293 546 533 790 129 208 285 291 921 905 483 669 16 101 512 955 954 853 328 349 846 817 667 292 123 317 814 143 160 759 364 833 185
190 146 559 221 631 657 942 979 641 88 76 93 133 774 819 525 600 853 875 702 900 800 153 309 535 800 868 315 246 770 324 839 491 526 450 230 365 396 982 837 661 73 403 90 978 503 820 323 316 204 393 891 104 121 212 491 769 60 236 525 699 880 188 509 898 286 623 209 633 682 3 875 231 319 277 207 374 594 574 751 964 565 694 90 492 661 495 508 683 215 124 974 44 6 621 817 27 505 220 54 565 118 911 798 521 780 61 281 424 405 78 313 125 640 226 389 417 637 386 525 429 230 766 119 312 190 459 752 707 971 349 63 625 303 301 540 327 78 653 283 953 14 913 321 599 554 206 961 745 987 181 913 37 71 509 744 898 8 828 712 74 672 844 189 511 624 399 549 937 24 634 544 972 791 182 613 108 429 296 3 426 943 580 968 75 987 414 940 829 842 720 940 507 102 531 757 528 905 351 283 795 705 143 855 252 296 966 678 695 142 47 521 547 653 517 306 780 448 398 160 222 321 758 652 617 601 808 717 786 2 876 325 668 433 712 498 225 511 544 395 426 392 651 915 301 18 25 110 540 720 182 447 974 275 235 640 309 31 610 370 163 392 982 936 928 593 328 330 366 804 959 841 627 282 372 248 971 112 207 355 399 599 32 889 657 808 926 246 521 155 783 699 730 600 734 255 70 175 518 841 709 916 130 843 656 622 708 121 118 614 356 473 979 196 709 92 917 397 725 294 525 831 375 125 457 366 464 355 713 763 833 247 304 769 315 879 248 348 33 833 101 105 172 647 199 719 37 566 866 376 255 944 61 476 953 177 386 431 233 811 88 759 251 708 830 535 298 787 988 293 602 630 757 754 850 978 120 759 58 708 373 260 309 212 678 550 781 611 667 956 506 61 387 821 458 625 462 45 620 909 649 340 724 229 693 615 456 305 939 325 385 141 671 558 650 78 855 813 666 219 91 632 248 252 633 588 982 773 76 234 610 261 931 194 723 127 123 525 223 880 380 716 849 348 870 990 481 531 751 71 605 240 185 785 489 395 131 810 882 512 952 571 497 958 18 104 706 329 511 358 126 672 812 313 356 567 759 222 136 634 439 738 640 359 422 904 349 904 733 810 489 279 618 240 836 816 329 969 842 446
68 420 177 460 761 687 431 437 644 473 810 83 654 670 279 577 357 773 735 184 981 925 562 5 974 102 946 421 866 800 860 339 305 276 791 10 155 298 147 564 667 294 619 722 976 19 273 844 938 320 27 639 867 836 536 369 671 446 973 777 462 498 857 139 96 81 930 511 264 81 161 130 427 17 882 510 682 786 692 95 595 851 860 848 907 19 498 689 989 183 1 507 827 618 347 858 794 262 50 996 838 646 339 183 415 136 783 731 63 332 734 189 516 810 606 624 475 230 456 912 385 516 505 935 875 256 599 921 811 360 324 698 279 565 74 734 114 74 269 39 386 405 770 487 193 178 748 519 727 26 686 45 876 890 900 85 463 445 861 260 843 281 555 438 65 668 351 432 397 655 489 539 397 244 561 810 488 18 585 886 885 905 176 875 575 630 831 823 214 483 589 81 625 162 771 160 580 72 163 690 108 409 547 859 86 231 89 402 168 481 27 487 397 838 807 747 546 768 791 871 828 420 886 948 229 907 447 41 699 414 406 354 776 770 558 565 559 596 857 750 753 757 702 329 693 40 434 515 346 555 141 312 808 648 527 604 100 654 195 880 673 854 939 178 913 75 118 893 347 239 52 874 472 988 11 342 583 602 137 223 959 771 622 901 556 59 121 708 907 547 887 87 700 675 337 512 926 224 90 433 810 486 386 153 946 21 698 323 545 639 884 697 682 352 67 366 45 478 641 803 237 218 210 640 580 170 309 181 553 454 657 155 921 560 639 285 431 573 940 138 397 217 581 594 374 151 626 411 388 505 527 615 643 8 995 663 424 188 327 770 691 171 84 496 488 471 326 89 183 580 701 869 193 525 510 981 997 235 960 368 237 294 734 632 851 742 390 357 584 992 584 417 602 459 853 239 603 838 919 1 491 696 546 646 309 317 148 953 968 890 6 339 163 940 977 117 32 41 557 3 625 349 916 33 746 305 472 168 149 34 687 452 179 903 31 873 459 892 317 731 239 351 299 748 751 768 102 110 405 474 20 627 274 428 27 195 291 671 741 22 200 873 63 259 591 578 583 392 466 27 181 634 643 836 801 668 457 616 943 886 174 347 176 998 284 121 838 897 484 160 605 915 634 454 784 918 896 263 629 250
266 138 768 281 996 200 447 47 436 320 625 528 800 275 741 923 393 297 792 911 609 45 403 824 452 892 805 185 336 139 143 373 742 451 109 942 307 463 441 593 579 941 374 387 72 318 862 403 456 39 837 215 737 430 452 96 776 808 558 960 739 514 628 797 486 803 973 780 859 816 118 179 266 957 452 476 889 766 51 246 200 481 447 571 654 938 496 167 78 553 374 541 922 799 675 79 279 329 664 491 75 374 302 155 265 717 535 494 328 764 203 308 804 801 363 172 854 976 20 851 359 57 263 654 332 754 710 338 111 37 441 562 278 164 222 135 297 182 864 944 8 393 394 923 682 224 538 19 934 93 736 818 725 844 282 122 686 641 908 985 84 836 624 555 332 743 841 575 734 537 675 444 70 790 28 927 419 466 826 170 55 777 58 80 632 593 966 347 403 789 779 766 828 495 85 829 579 642 868 571 239 902 250 120 33 274 376 827 475 14 328 34 316 91 176 522 518 86 332 428 871 227 958 967 676 914 277 320 76 574 453 627 548 467 147 492 831 690 778 843 153 292 178 953 367 807 984 407 99 539 300 993 251 44 172 13 805 980 935 785 175 200 892 455 484 294 776 187 992 324 937 3 440 238 151 244 945 445 740 338 419 327 262 582 291 187 482 203 446 922 779 946 758 159 892 565 158 57 959 285 601 780 499 210 240 820 203 803 49 510 509 152 344 750 238 474 2 606 207 566 783 266 710 594 852 918 561 267 39 229 282 929 670 141 189 826 972 618 570 672 950 882 792 953 471 571 403 56 718 255 615 793 279 544 197 310 291 659 177 33 550 659 248 702 679 328 152 535 889 84 11 183 666 854 632 89 899 934 175 11 95 328 238 723 295 134 656 511 827 83 432 610 519 347 282 309 771 673 156 876 675 467 904 696 588 223 352 512 94 515 519 183 751 731 719 779 763 4 372 286 626 649 525 214 66 605 443 231 14 134 728 977 123 105 313 687 549 447 208 681 232 801 169 386 603 135 354 666 403 371 452 626 743 536 886 901 61 220 622 787 434 619 571 896 946 955 132 105 211 7 905 964 379 804 542 251 476 400 826 847 204 116 21 422 585 374 736 335 940 160 880 729 997 806 920 6 736 571 661 920
122 867 702 749 86 714 964 255 428 272 612 489 531 52 306 825 979 118 152 201 638 35 154 490 363 951 439 954 889 322 805 174 927 985 642 141 339 583 625 826 638 472 410 984 254 893 984 446 515 389 294 950 336 908 954 17 667 478 847 910 536 218 925 471 970 188 209 489 250 191 178 227 814 301 69 327 650 847 968 717 959 8 380 389 83 566 404 978 675 743 181 27 131 996 290 27 345 928 562 390 241 664 660 432 466 357 366 19 512 766 779 454 708 875 902 660 128 672 492 859 833 455 864 711 3 366 284 836 821 143 380 347 525 419 145 905 687 477 567 390 65 903 325 229 309 627 155 273 216 629 164 345 862 672 152 843 108 560 315 489 548 531 84 950 588 952 347 164 4 97 147 235 959 809 8 172 457 124 169 419 602 992 54 327 523 567 568 289 268 464 180 454 650 708 913 76 751 73 878 19 743 530 352 602 355 321 3 191 227 204 889 406 222 2 218 923 442 401 355 625 500 989 377 218 421 828 877 946 275 273 558 850 850 365 980 944 912 77 552 783 36 135 815 986 200 891 878 314 527 288 549 671 298 259 196 893 29 267 100 950 476 309 545 470 780 698 611 994 660 738 970 371 896 789 309 801 330 648 478 711 338 906 431 284 192 873 912 771 762 354 317 975 313 997 946 923 281 861 937 288 65 972 813 490 662 193 773 184 414 372 510 778 90 502 193 111 307 66 944 306 712 432 560 779 424 701 590 635 477 415 490 625 125 856 889 440 200 824 628 385 795 749 208 646 54 668 697 657 860 462 759 167 57 388 36 542 890 802 769 954 701 106 407 568 846 78 483 852 25 11 197 849 991 190 234 406 898 47 77 260 490 398 446 96 23 123 156 407 160 729 664 360 750 680 677 858 488 943 924 621 432 606 300 666 128 860 683 528 843 251 729 160 750 69 471 529 368 235 296 440 224 692 646 61 990 504 290 339 596 146 827 736 370 409 776 54 378 86 483 947 77 10 137 507 484 564 437 293 264 804 95 531 360 484 278 66 331 708 626 939 16 370 831 874 969 663 335 219 45 42 566 358 53 318 109 951 847 402 610 886 348 929 293 905 422 768 637 96 202 770 132 919 22 888 823 348 179 511 275 900
938 797 296 667 837 300 263 714 265 534 909 563 313 75 803 985 523 673 952 602 890 716 668 876 941 516 246 180 96 152 218 174 256 158 469 768 309 702 162 26 32 381 854 101 420 541 134 904 794 557 955 546 493 443 386 346 436 656 914 837 364 502 73 533 406 576 446 384 950 824 745 175 973 716 657 350 367 298 236 842 934 345 85 500 186 796 245 622 533 175 154 849 513 358 792 970 517 342 9 358 961 780 412 218 293 442 833 303 155 763 415 363 854 948 794 88 167 648 57 745 717 147 234 782 677 314 226 596 274 885 931 905 706 535 727 307 797 956 394 914 488 641 761 520 802 939 927 843 785 896 38 296 14 287 229 2 276 257 472 398 296 110 151 852 601 406 322 245 760 272 506 39 290 2 408 716 221 130 11 822 413 306 975 724 619 745 433 106 573 288 669 588 799 60 66 605 264 989 325 309 854 862 779 553 288 974 174 249 445 904 365 253 866 34 166 246 691 434 814 109 37 283 66 617 305 664 289 292 301 241 136 67 837 122 857 913 37 665 84 551 864 785 748 235 421 883 879 45 888 84 325 534 660 444 856 713 712 432 801 875 991 886 991 656 274 522 814 842 125 34 194 486 24 65 738 946 808 746 267 741 506 366 414 525 976 90 195 97 914 901 262 412 47 503 409 567 24 698 621 283 431 161 646 933 681 545 952 984 999 602 780 38 768 354 901 315 493 518 188 562 646 418 983 628 883 370 303 344 806 620 205 565 314 683 80 149 835 250 552 834 710 455 758 2 495 520 314 717 326 883 765 982 289 522 314 603 125 422 200 813 928 849 286 152 840 757 411 482 209 274 537 824 35 163 916 463 241 404 512 129 603 554 807 373 782 518 810 693 268 526 197 710 229 419 969 59 715 437 105 995 458 352 764 65 698 537 311 753 193 675 986 538 17 283 762 268 28 444 476 664 600 78 507 847 295 375 504 955 339 480 609 311 430 302 384 440 891 980 200 143 620 902 130 43 529 95 229 275 693 146 286 106 284 967 472 445 684 301 341 231 541 704 664 788 226 348 4 748 333 870 471 937 375 511 78 207 259 429 242 383 20 917 590 625 889 17 613 624 381 17 18 268 950 344 737 269 425 204 828 923
581 685 978 288 751 223 440 215 335 29 707 276 817 726 699 624 439 560 622 106 207 561 173 162 340 48 222 385 249 486 931 306 585 809 289 940 290 552 956 941 981 644 398 843 270 856 229 707 568 27 957 295 374 532 44 586 684 25 886 427 382 451 498 264 926 378 158 326 3 960 320 747 270 709 158 860 971 915 152 146 849 617 628 869 449 464 805 660 367 289 780 507 445 219 253 492 663 57 398 859 970 42 552 406 350 315 152 313 908 606 218 263 769 761 987 276 571 359 161 390 410 731 424 752 474 80 363 548 908 256 390 983 41 960 708 241 300 628 111 209 341 207 145 478 832 347 481 386 649 984 761 54 856 807 409 773 779 289 810 454 94 958 456 617 516 864 287 402 659 557 490 154 637 631 784 577 480 584 436 897 437 919 277 711 3 452 576 311 58 772 305 172 387 175 100 522 256 487 337 981 997 834 22 610 506 423 311 71 467 370 351 978 327 881 85 166 338 943 597 571 605 872 568 125 448 555 908 791 259 764 258 139 822 861 3 894 868 901 834 285 829 902 436 522 979 488 562 492 438 313 1 282 666 909 144 77 930 138 880 255 594 690 521 382 500 888 60 920 615 795 119 48 378 795 987 847 846 742 650 158 562 45 837 240 819 829 60 311 889 513 862 945 911 923 525 6 298 719 865 851 36 639 702 652 421 222 969 917 811 129 95 574 774 945 615 338 846 36 891 692 919 127 252 133 331 381 949 268 515 498 612 411 561 533 296 452 434 481 73 432 918 960 807 186 186 805 933 207 282 495 912 274 252 762 110 767 617 197 857 762 536 929 953 320 8 966 794 672 795 956 688 570 611 153 956 582 517 247 258 595 561 467 970 523 900 206 998 379 413 500 843 532 145 327 665 389 979 997 257 196 81 982 408 86 837 177 591 390 30 91 136 579 356 545 981 452 720 296 691 291 443 735 780 384 382 409 822 61 395 571 552 492 717 186 988 641 195 187 989 98 355 519 472 518 857 228 189 440 477 915 655 491 997 570 304 687 450 172 185 366 648 355 799 419 585 191 914 487 462 968 178 719 96 641 575 274 188 22 301 573 25 43 401 34 221 458 308 404 513 573 785 957 154 624 456 671 411 66 710 888
67 185 262 449 744 675 15 475 596 786 468 46 918 265 327 139 569 290 897 819 875 471 822 826 60 426 439 195 436 138 661 554 685 245 209 877 862 21 946 178 133 605 631 736 145 879 853 511 901 350 68 738 52 686 512 831 646 234 71 363 51 970 307 526 410 617 381 140 244 797 829 204 128 39 799 891 260 332 375 7 670 983 561 988 989 653 398 461 406 943 63 315 30 734 46 594 13 65 7 878 30 43 175 357 159 7 301 347 88 644 93 150 533 686 644 876 157 757 678 699 791 241 460 418 921 701 958 889 153 31 388 842 785 762 200 428 518 102 151 742 256 922 137 173 189 815 671 312 823 122 672 634 743 258 132 419 363 11 862 98 596 992 388 5 504 158 247 362 317 208 359 300 530 871 995 201 645 656 339 294 971 413 541 498 722 549 353 930 986 245 377 862 860 34 374 918 596 995 519 19 670 799 949 395 845 804 26 884 945 537 110 414 503 996 451 996 636 809 382 473 708 916 102 906 586 213 416 205 250 510 256 837 182 997 278 848 564 264 119 123 502 905 458 639 505 230 25 303 346 762 199 590 794 434 465 22 379 514 689 182 157 870 416 934 831 849 5 789 449 592 821 644 549 285 168 443 74 78 557 229 776 633 197 133 750 395 783 323 842 983 343 733 532 886 272 675 45 304 646 118 27 744 580 515 960 67 867 231 588 122 309 260 560 111 332 136 251 463 520 968 124 598 484 444 985 811 631 393 739 164 622 731 528 757 67 864 397 408 805 814 340 792 298 714 521 148 549 697 85 120 215 292 201 948 319 872 209 479 586 222 101 460 908 954 592 339 209 513 74 808 815 380 336 12 308 615 845 590 501 216 90 666 532 430 359 700 912 318 436 341 74 935 702 974 423 441 988 262 390 768 630 518 721 129 199 769 502 835 254 12 782 82 523 797 320 49 32 898 122 782 473 66 553 685 988 644 173 309 646 563 968 829 431 888 910 583 855 781 164 701 67 762 271 461 534 118 226 918 139 211 854 721 705 214 35 404 147 845 810 263 594 170 415 921 960 833 535 671 728 571 837 860 508 567 238 834 585 753 194 234 502 934 986 761 736 314 737 202 906 622 212 245 588 487 789 812 376 861 480 944
995 724 955 320 915 692 738 659 540 996 199 764 728 176 86 838 328 627 540 894 344 445 13 341 869 6 89 144 69 148 85 848 629 617 312 765 399 667 327 199 177 303 324 991 1 646 845 459 428 432 386 968 672 287 822 219 18 606 79 458 861 801 131 924 664 333 656 350 840 357 504 406 951 333 672 746 355 129 623 178 237 624 402 709 548 333 328 753 545 988 516 561 569 785 915 729 396 385 82 913 190 246 94 639 376 476 152 988 325 596 913 929 680 115 933 900 92 768 620 865 395 734 551 448 605 345 544 467 749 46 177 102 831 263 357 172 488 17 140 904 93 396 83 774 462 302 528 549 71 585 308 232 629 677 132 705 581 623 823 579 834 464 52 824 794 376 204 6 148 558 657 751 827 323 739 986 890 519 733 906 643 277 586 869 159 543 984 526 638 966 471 641 594 524 113 174 616 899 792 661 427 644 666 640 379 972 958 832 291 500 566 718 120 879 248 100 965 610 886 278 131 270 439 288 29 14 102 756 652 665 259 552 695 127 786 713 161 328 473 323 717 993 249 223 786 163 93 233 383 723 207 469 107 486 923 482 15 162 96 943 648 688 175 52 99 936 103 490 778 744 977 499 307 824 356 398 325 675 986 314 898 707 387 892 648 587 203 405 188 808 443 787 314 300 587 182 217 238 456 374 826 271 147 183 761 527 929 108 757 664 874 484 43 933 832 537 828 846 742 255 45 653 113 285 43 215 989 656 836 915 129 356 61 622 897 835 104 774 732 875 646 449 3 703 319 592 324 788 577 4 934 633 731 967 702 890 465 8 372 577 557 133 684 798 871 447 277 910 451 922 579 393 532 329 789 171 414 415 712 210 56 823 379 666 915 459 610 448 556 556 137 277 948 7 444 599 887 84 612 279 988 862 743 393 587 29 787 223 651 251 293 606 810 1 658 467 641 542 635 800 224 74 444 128 731 774 728 555 182 846 380 89 299 118 902 793 269 274 622 275 130 586 25 897 945 360 597 901 30 727 974 119 456 5 689 274 195 18 449 929 97 207 9 333 978 125 627 354 64 203 47 873 772 858 800 816 57 182 930 44 750 307 254 473 497 720 224 298 863 387 61 661 700 861 356 721 813 306 28 527
570 649 751 295 956 484 299 526 348 48 941 829 817 572 55 484 679 234 35 968 702 230 645 278 266 771 519 752 365 851 226 573 65 51 889 326 911 755 638 20 807 592 89 269 684 399 150 375 578 142 980 640 928 914 767 164 217 131 414 574 718 121 435 929 696 680 460 479 789 31 234 37 113 534 779 610 744 956 994 553 473 515 163 804 805 339 976 114 382 173 131 222 916 896 883 844 80 937 861 106 126 797 59 167 751 907 104 598 793 297 503 357 690 510 748 70 932 735 28 150 612 264 971 349 958 211 388 909 208 966 517 892 229 665 691 574 295 148 965 806 138 806 138 291 128 302 936 468 769 393 201 899 258 504 283 494 312 234 720 787 533 829 706 893 827 410 527 689 831 863 258 830 143 124 603 143 21 547 354 146 677 4 878 381 264 442 809 537 492 93 17 291 492 977 850 620 16 612 657 730 378 324 478 8 7 298 300 195 916 726 365 198 880 121 547 882 480 52 814 535 13 527 864 595 824 347 460 782 813 695 120 770 497 632 113 928 759 932 759 430 551 67 610 360 198 42 408 834 944 784 296 771 243 419 187 932 879 361 591 893 670 549 456 856 265 139 441 200 507 920 336 710 152 886 198 487 197 995 68 771 125 872 859 71 217 443 158 484 140 719 755 429 484 849 696 125 841 398 500 489 869 1 465 832 910 555 262 780 967 355 649 658 918 109 689 782 446 652 302 927 460 75 786 387 997 719 235 920 852 460 12 461 211 392 972 553 683 947 796 37 225 913 970 36 823 675 976 763 68 163 543 88 511 83 812 745 598 612 633 233 106 606 335 484 44 458 993 726 218 167 597 765 88 463 685 352 761 892 936 897 996 382 627 42 238 557 372 543 334 514 310 307 910 505 478 104 8 38 667 932 907 133 713 410 511 146 908 12 616 633 307 233 102 91 564 424 994 377 950 372 830 701 908 440 239 326 979 733 244 271 812 925 712 651 766 691 484 614 773 338 577 653 980 850 979 446 254 959 929 732 382 399 947 764 76 136 74 781 538 799 427 980 582 728 987 938 698 670 559 680 796 520 999 251 643 822 753 658 327 517 200 561 948 543 435 420 978 212 6 303 183 246 821 370 775 747 249 151 570 188
763 247 136 522 368 736 223 932 272 577 692 977 850 358 910 144 816 291 100 441 976 934 566 170 726 385 448 805 690 215 536 268 966 169 2 491 960 750 823 230 115 30 834 196 859 351 897 995 640 822 188 943 198 256 936 134 657 397 864 228 769 379 978 115 483 725 637 275 909 979 188 84 909 166 142 357 709 135 227 637 560 121 559 447 150 896 491 828 846 90 228 415 476 394 46 622 872 652 648 405 1 250 863 700 854 353 879 170 868 932 717 941 699 49 495 347 288 453 828 672 892 459 252 344 334 91 945 611 92 348 925 762 195 417 675 475 682 46 114 824 959 28 3 42 799 435 960 878 139 196 155 476 260 674 907 249 311 99 217 456 553 517 191 533 887 846 480 862 138 137 380 132 284 590 136 323 551 115 162 21 150 484 61 812 619 552 895 600 243 463 467 837 708 968 977 150 753 720 824 489 970 244 785 909 902 206 945 557 71 272 842 18 270 438 535 841 447 471 578 422 205 46 21 407 732 96 462 443 46 979 707 797 871 798 868 380 152 987 949 934 330 145 404 957 161 538 486 784 767 648 80 48 12 251 687 825 249 980 836 216 679 197 551 487 619 966 152 848 275 903 419 441 398 122 318 271 490 703 859 102 944 827 200 111 590 684 335 684 376 613 28 993 628 785 570 193 849 751 528 931 652 383 930 672 132 591 112 351 716 30 665 374 210 917 544 811 40 550 491 577 582 395 432 865 313 707 802 686 812 70 683 580 128 626 286 295 393 747 99 728 928 125 439 700 794 889 15 634 294 762 351 803 922 658 217 365 47 416 514 516 747 935 32 217 823 775 396 511 89 832 695 878 687 93 701 706 721 342 452 558 325 441 379 967 565 360 655 924 591 409 513 861 825 302 319 208 76 715 136 340 871 530 313 153 289 987 9 992 31 238 208 256 715 751 205 970 650 933 223 534 23 565 852 44 99 454 459 355 335 448 171 162 710 174 290 510 392 58 5 654 479 345 435 447 724 926 209 163 598 855 684 185 890 168 618 498 286 74 251 209 924 664 923 953 831 829 340 617 483 271 14 703 60 980 935 708 686 144 266 97 200 874 976 433 774 496 730 790 40 460 18 670 61 920 876 66 508 428 257 363
769 682 49 312 104 197 940 310 150 188 942 957 365 759 661 505 23 870 235 166 182 87 113 172 625 733 68 55 580 286 193 494 595 222 472 567 923 184 11 718 418 375 58 79 594 491 349 671 974 818 967 242 753 409 955 16 304 455 494 812 402 64 353 835 463 50 56 340 270 729 912 424 35 898 558 167 976 942 534 595 92 606 61 289 128 454 505 768 631 985 945 973 617 438 804 388 875 1 559 109 407 881 193 426 783 995 453 855 178 349 719 635 373 274 285 547 50 656 637 446 30 499 533 458 821 858 979 453 724 30 245 946 222 363 943 373 97 467 490 814 797 152 418 374 437 668 45 38 160 492 613 588 963 564 286 730 541 920 496 536 678 558 848 861 170 459 245 303 249 239 175 935 9 167 228 182 424 607 289 515 695 827 360 865 623 509 859 877 809 953 164 140 978 301 875 944 651 590 540 990 687 966 835 359 441 326 79 28 446 979 394 466 933 237 114 255 704 17 825 696 105 832 628 613 568 779 688 690 141 869 373 570 462 47 121 488 688 573 938 755 397 377 681 798 648 492 403 391 30 195 978 674 798 567 840 33 916 672 506 462 15 424 228 731 25 773 815 178 993 736 638 636 534 459 691 225 649 982 587 776 392 749 155 843 855 211 795 931 202 991 627 963 725 189 63 35 231 531 852 54 182 496 108 912 678 729 9 79 456 11 54 880 704 825 921 355 204 586 156 18 372 276 241 700 325 931 515 460 279 939 264 48 988 459 351 271 65 41 902 584 698 483 788 37 926 474 741 897 806 298 211 563 329 42 789 607 786 310 178 857 81 496 97 906 895 631 941 461 154 163 29 106 158 374 717 641 26 417 285 347 22 450 97 962 906 344 342 758 757 132 704 794 560 371 810 780 483 125 93 135 858 810 211 859 104 774 670 207 964 867 696 432 502 897 321 404 179 488 172 135 503 932 67 859 413 551 476 318 868 223 73 714 528 295 380 445 358 788 261 398 759 269 261 442 398 528 16 856 501 422 563 211 162 930 360 802 376 609 777 959 797 354 177 377 837 532 95 218 218 365 380 666 609 395 970 276 275 738 857 505 763 310 778 411 53 285 365 938 345 336 560 954 722 431 307 736 718 423 226 656
690 538 501 131 521 703 232 293 393 1 102 736 751 203 286 722 878 741 84 852 56 18 713 488 133 797 224 871 390 795 591 166 325 193 83 724 246 841 280 278 218 688 137 226 889 782 788 634 13 5 693 100 436 743 429 963 134 873 788 255 770 379 742 13 628 610 150 846 868 775 24 721 512 162 366 485 582 71 354 831 919 577 360 291 773 488 791 448 575 303 548 154 117 795 861 236 708 823 384 603 999 304 395 959 408 683 962 874 918 698 545 513 347 129 923 29 754 336 805 255 639 135 996 418 455 239 323 873 197 812 215 648 444 315 73 922 30 347 513 844 768 763 424 816 229 695 187 388 653 802 300 788 918 234 126 323 419 859 969 416 806 41 185 695 262 409 367 147 164 106 911 591 689 139 729 818 503 30 999 549 38 77 159 470 867 642 631 577 572 610 365 971 716 882 263 44 490 357 776 372 194 690 507 946 957 799 756 16 909 34 679 585 338 642 419 496 375 69 519 823 90 401 31 631 758 438 956 18 682 792 204 249 817 822 577 253 40 345 170 533 397 172 895 145 848 397 196 927 371 797 876 885 442 929 105 208 264 964 721 201 138 406 203 235 59 922 440 766 388 397 33 219 801 693 909 85 421 322 990 592 600 560 944 900 802 873 677 394 911 989 678 279 333 946 915 157 93 169 433 478 130 0 499 448 619 745 69 546 637 504 863 36 893 920 591 773 552 76 87 58 388 895 560 776 557 327 149 808 913 924 120 732 599 530 119 426 729 619 283 432 314 745 506 926 886 699 209 464 623 594 513 309 300 421 335 151 689 37 781 59 804 362 294 514 387 928 471 725 171 117 872 979 359 991 627 743 862 368 348 660 836 517 919 668 837 892 854 921 566 602 285 431 800 295 289 117 873 406 917 387 594 256 426 878 421 795 56 955 954 509 0 345 133 409 111 138 376 160 59 487 764 36 320 504 634 678 190 430 475 942 250 139 335 740 486 420 275 886 6 904 825 621 703 361 429 2 957 648 142 628 498 637 527 174 411 727 91 970 705 148 148 690 4 473 857 465 530 667 183 135 64 993 236 976 7 836 299 918 36 572 862 119 231 585 331 965 877 656 799 734 126 488 826 327 99 734 281 1 769 29
879 751 115 426 881 419 23 877 238 315 896 122 826 399 656 205 269 971 321 874 458 780 996 339 436 633 541 361 474 729 506 129 725 430 311 809 390 558 547 406 140 568 784 221 685 829 297 905 475 789 478 320 345 9 535 543 218 748 744 979 603 881 253 748 202 164 306 549 355 443 736 357 406 712 985 293 987 73 249 493 691 307 169 649 55 330 85 956 959 440 573 118 575 527 82 863 41 105 242 633 693 65 966 611 659 309 532 879 98 973 802 169 902 203 265 483 966 83 287 77 458 72 82 384 790 356 244 805 649 881 861 887 8 637 968 617 637 672 628 800 438 278 717 11 733 885 497 135 245 322 837 444 213 352 177 35 75 997 920 356 947 868 721 208 258 895 483 106 879 481 64 545 702 449 679 437 196 136 273 27 320 627 934 197 494 996 620 168 560 369 899 826 957 342 437 733 685 665 937 619 932 739 604 288 916 862 401 533 751 84 840 917 766 732 777 936 868 278 940 21 554 545 963 53 403 328 795 448 710 363 947 589 3 343 912 997 559 713 755 183 519 5 718 153 535 777 405 200 926 352 123 320 189 413 78 644 176 141 54 957 299 185 53 41 544 796 121 118 149 950 591 52 484 785 374 631 433 436 25 233 373 434 136 195 947 692 560 317 588 410 440 757 672 492 312 92 121 60 123 314 937 842 500 941 809 927 27 541 773 856 777 152 949 414 344 191 881 961 100 861 806 781 51 716 138 601 535 358 837 197 367 771 370 357 455 412 944 309 391 364 614 45 162 150 622 630 426 963 310 367 161 450 869 818 669 670 890 204 831 910 326 311 633 22 916 628 587 368 808 694 337 512 44 754 304 669 757 545 75 571 128 375 6 557 342 715 606 550 487 832 142 799 856 722 338 863 51 851 514 375 800 725 295 458 371 114 734 284 152 134 396 526 240 378 550 895 889 873 501 444 824 687 151 466 873 134 676 717 396 829 118 454 979 12 207 589 189 808 105 739 949 126 997 599 666 86 761 29 941 244 981 649 363 575 42 367 481 473 824 382 587 508 399 708 468 964 359 108 802 986 68 726 799 5 151 374 264 919 834 468 917 452 586 27 208 723 889 680 144 456 480 623 739 376 589 283 699 630 649 289
746 427 932 278 880 447 715 38 590 343 813 887 202 834 232 309 59 357 674 752 180 833 576 512 610 940 198 871 958 641 312 572 73 214 332 448 729 225 841 962 343 550 358 400 458 826 598 47 734 34 455 57 647 537 250 161 241 236 176 606 586 5 65 682 214 222 195 854 944 37 895 790 288 722 633 91 744 994 862 415 694 64 398 810 697 683 0 605 498 920 526 523 759 476 978 726 11 786 893 636 638 736 265 273 262 198 24 555 608 935 19 887 807 548 859 507 234 139 862 137 629 947 643 641 225 741 230 762 614 309 307 677 327 17 120 543 503 288 361 280 574 378 754 930 701 161 792 761 249 281 483 288 676 555 834 252 295 411 643 601 493 446 961 748 186 701 751 625 144 487 639 95 966 895 784 735 267 771 896 39 845 347 922 870 631 342 685 18 538 965 208 412 801 27 644 713 871 796 94 152 844 161 305 279 990 340 536 222 156 984 462 34 528 999 543 867 945 313 474 950 254 851 798 995 213 763 664 104 364 204 597 151 275 283 510 883 449 27 862 914 456 406 759 387 964 702 645 850 39 892 229 950 675 42 414 887 651 911 682 328 347 769 542 897 387 123 759 75 563 218 730 490 396 766 831 140 391 490 164 220 975 623 99 924 524 417 798 192 147 49 409 169 218 610 96 287 485 562 238 29 144 261 834 820 336 191 705 891 378 521 517 315 141 769 36 533 353 95 111 537 644 103 609 393 718 237 943 866 378 123 951 192 801 415 303 367 391 259 324 430 116 160 789 471 7 944 362 34 709 270 104 197 962 286 583 338 389 626 462 546 2 818 493 948 25 421 813 892 837 858 598 343 269 986 603 372 526 374 589 310 456 217 470 411 812 833 64 838 187 243 817 73 803 598 94 423 590 324 16 286 990 685 156 140 358 441 339 468 480 369 426 849 597 39 572 183 888 995 666 406 100 685 249 223 896 295 706 478 462 979 154 956 118 816 43 755 883 981 363 125 986 82 354 494 936 295 570 926 53 838 746 114 629 456 827 123 450 10 180 665 17 811 945 58 133 539 576 261 565 125 863 979 754 657 737 323 559 397 345 230 281 774 786 251 243 7 740 468 173 896 48 642 240 863 849 552 343 146 33 306
635 592 748 254 547 821 401 341 631 798 838 607 430 399 480 281 528 216 853 312 165 919 162 8 739 748 275 802 426 982 222 465 20 393 656 617 529 852 850 53 172 845 269 437 840 768 186 783 207 778 664 121 508 174 251 650 136 248 428 634 298 707 258 25 730 81 435 769 417 571 449 104 536 716 652 541 142 787 824 7 190 924 753 882 106 543 617 800 717 482 521 263 396 229 719 511 864 583 251 0 159 446 199 64 586 767 370 392 285 84 98 303 223 898 90 500 283 797 731 106 769 238 872 346 512 302 999 180 380 211 707 42 63 752 716 547 292 697 535 568 442 342 717 144 269 604 639 168 93 705 368 578 305 778 789 920 411 132 987 755 562 891 23 748 59 189 870 691 245 277 239 202 227 424 379 314 869 378 861 470 32 510 851 603 79 523 588 990 800 807 142 937 857 931 122 637 23 775 440 578 487 588 456 540 265 731 575 803 661 267 638 121 485 33 792 815 698 786 856 732 75 974 124 84 877 204 483 218 531 125 786 919 550 560 583 731 735 530 337 792 493 682 711 38 310 616 616 723 507 789 732 629 517 366 75 601 411 249 954 576 100 152 623 857 203 849 113 780 644 193 839 256 776 323 24 978 18 699 630 539 860 22 457 672 457 777 218 58 665 301 276 292 768 244 258 610 348 476 341 152 931 649 439 60 437 356 928 661 421 691 830 494 282 368 872 396 479 961 435 892 642 15 439 903 841 54 857 303 785 772 694 89 935 842 797 85 14 38 538 166 486 828 198 900 656 90 406 80 704 638 769 13 873 993 392 576 148 22 346 440 445 796 222 232 66 236 446 55 779 241 559 369 697 328 658 682 986 243 871 463 692 247 821 280 767 699 927 857 510 411 959 560 184 464 848 578 81 884 947 874 391 308 254 640 639 498 710 897 599 483 463 355 688 197 69 408 359 118 77 271 312 297 677 311 738 841 403 967 839 37 734 767 216 45 131 358 705 422 514 348 478 22 517 212 111 206 317 491 84 239 76 995 344 403 47 178 378 752 486 769 701 796 179 732 833 553 845 488 330 760 775 114 340 591 236 375 404 451 97 548 401 979 48 383 285 654 531 487 870 478 896 827 371 148 400 890 500 611 624 697
961 979 552 110 750 448 704 97 457 447 439 754 136 506 382 929 411 771 184 222 610 474 977 192 903 836 620 620 262 202 90 33 369 599 353 703 442 954 580 437 614 716 162 648 458 965 456 511 783 739 766 161 658 56 644 571 176 621 479 238 505 860 187 317 515 410 823 482 559 948 418 675 669 67 894 29 174 53 711 937 890 79 724 64 685 885 364 185 710 948 665 638 951 419 485 230 280 92 195 498 818 162 360 275 686 361 460 766 449 687 847 845 741 217 535 32 18 922 676 464 999 94 431 679 92 723 240 463 429 755 135 775 781 75 215 56 196 510 465 166 494 836 752 800 837 164 658 391 411 142 403 469 429 18 144 411 151 355 694 15 205 342 396 15 901 32 281 783 930 956 587 973 775 603 628 206 377 328 848 34 554 763 965 837 796 929 231 213 884 53 968 139 696 653 86 832 792 578 987 439 652 755 850 241 250 15 330 743 87 599 673 946 572 192 345 732 842 93 830 173 813 122 733 595 936 650 731 325 723 124 843 849 203 60 413 361 115 210 688 123 511 82 810 386 213 546 539 793 676 800 886 932 782 227 54 75 751 121 637 837 948 825 747 154 643 459 923 288 829 877 135 330 418 197 498 260 681 970 606 340 495 262 649 478 180 782 615 538 46 919 754 850 839 754 114 434 982 325 971 635 230 39 262 257 11 442 650 173 483 144 354 928 819 157 483 581 467 503 860 583 919 873 618 116 985 583 648 656 255 746 839 451 355 901 119 106 961 298 444 859 85 196 620 639 856 591 532 562 466 792 438 359 356 34 885 690 799 136 611 224 326 440 735 692 420 664 259 137 839 42 172 875 410 351 188 68 122 780 646 249 181 856 646 526 303 466 721 594 125 228 174 782 341 1 326 328 792 760 131 547 131 381 807 787 460 893 829 632 330 831 247 453 997 144 779 969 743 348 570 868 208 988 612 513 416 284 869 748 728 199 427 196 277 580 979 914 107 190 243 389 917 644 947 101 853 880 338 918 978 290 656 677 263 176 269 256 729 858 710 827 948 620 997 416 239 40 562 490 825 820 333 144 400 509 108 653 245 194 319 664 992 224 448 483 423 117 976 894 288 154 733 672 582 317 151 459 167 896 384 515
968 190 793 321 6 59 852 576 105 784 497 75 80 275 966 407 232 531 268 807 53 149 977 158 443 554 677 621 564 186 708 538 125 805 422 768 148 157 543 621 35 474 163 136 438 310 278 340 116 428 324 673 628 432 357 409 318 821 391 654 762 483 220 272 846 971 70 347 689 7 900 128 402 190 860 534 704 316 487 924 892 688 453 339 983 447 528 646 141 702 936 26 771 356 859 536 234 512 125 156 556 385 805 523 500 510 832 388 281 283 336 482 244 949 166 257 648 646 579 929 703 199 621 128 370 533 453 362 668 180 542 294 702 206 429 268 186 104 482 388 525 49 921 927 658 124 861 827 607 609 664 697 484 240 726 281 903 653 518 217 63 145 231 988 597 649 925 302 37 719 68 590 484 739 806 999 520 424 986 623 313 668 703 28 990 963 336 699 650 522 832 932 613 390 698 207 374 212 163 240 175 886 829 4 101 73 278 894 815 537 736 862 802 942 609 136 541 460 950 293 149 412 758 492 298 143 368 276 575 106 253 382 168 695 779 24 467 405 80 474 581 630 18 666 967 286 435 469 875 480 445 697 306 584 121 637 9 830 369 111 817 562 695 786 735 296 360 243 28 957 259 42 965 949 925 384 431 82 882 903 884 374 5 758 430 266 120 425 330 463 908 507 196 516 312 735 401 794 38 143 930 678 833 570 441 139 150 101 389 253 368 697 258 348 943 896 830 829 421 188 702 747 877 54 716 245 885 37 605 490 482 217 368 652 167 549 541 450 943 466 811 484 161 983 351 930 604 42 128 764 762 951 509 484 931 674 457 640 430 504 481 573 647 870 174 844 7 787 556 938 995 123 615 132 89 692 654 648 974 31 170 506 978 915 876 338 555 689 926 190 110 152 125 508 388 126 623 331 948 155 364 797 341 177 423 932 903 551 659 718 135 379 993 269 975 177 808 715 361 285 136 478 920 111 856 863 15 735 0 156 783 189 300 276 677 354 484 687 176 604 958 298 871 755 200 867 121 93 120 831 354 597 158 447 486 495 222 668 606 235 449 404 232 285 4 117 557 587 160 82 737 611 937 74 807 529 465 738 642 291 148 923 242 385 463 442 248 313 852 314 604 286 824 430 871 113 560 707 245 664
790 426 89 871 131 295 447 430 833 309 925 266 899 237 204 187 497 611 515 135 195 334 880 724 684 943 666 981 287 990 751 898 503 151 842 779 794 626 314 550 963 890 967 129 30 631 238 910 604 50 587 680 562 803 13 842 855 64 365 734 711 356 509 753 552 228 660 918 522 621 792 966 13 394 167 159 401 634 688 105 596 632 85 972 804 236 434 839 392 799 157 418 387 2 392 209 195 508 687 166 972 90 658 714 311 522 210 139 241 603 953 171 112 276 656 787 365 155 285 124 506 983 577 886 347 49 688 14 607 489 752 910 222 525 92 797 355 887 866 303 234 455 823 791 228 67 803 398 899 861 997 713 86 143 960 506 502 0 679 367 535 62 831 576 671 603 452 441 350 873 39 565 406 220 806 934 515 831 484 316 416 916 80 51 591 1 177 363 250 779 444 7 390 644 484 369 695 672 411 859 397 227 701 425 734 433 748 5 450 448 794 988 184 150 628 340 910 68 471 755 128 56 630 310 213 673 796 47 456 945 855 671 32 141 531 446 255 441 573 400 487 159 207 251 752 232 138 386 376 245 2 207 732 683 858 67 529 880 442 162 798 875 885 887 513 310 76 138 120 167 604 912 277 306 440 794 692 461 139 949 253 285 415 901 265 606 362 223 679 853 326 932 767 953 252 208 834 523 933 704 86 222 836 484 79 944 709 941 650 162 388 421 493 626 470 830 420 387 394 784 633 570 789 8 376 478 133 631 647 437 998 423 601 484 345 679 74 794 212 584 860 340 796 87 84 346 728 714 963 192 579 675 242 402 5 421 335 679 680 896 288 787 357 577 454 542 735 595 94 473 863 811 607 655 923 713 57 936 818 63 396 396 307 258 842 795 913 322 225 100 138 135 904 368 574 340 51 891 665 551 803 271 268 83 390 472 89 264 37 240 724 712 975 284 674 979 548 444 909 683 243 537 825 106 238 159 217 434 149 476 480 616 753 90 756 491 635 382 902 476 825 367 83 776 708 534 652 629 897 708 557 142 811 846 805 364 636 616 574 83 336 559 573 143 747 206 672 345 177 739 249 720 633 28 453 912 716 1 267 864 406 300 307 800 61 909 175 902 352 566 409 487 815 35 770 698 241 858 959 228
850 433 951 148 55 15 593 672 335 977 431 239 228 882 882 226 454 622 124 591 423 917 531 487 405 464 702 804 440 590 221 554 399 876 975 197 151 493 39 257 371 692 147 537 894 277 549 422 23 465 485 823 761 962 750 942 449 377 779 831 226 944 59 65 562 505 426 802 444 196 891 770 756 702 750 834 666 752 848 606 163 851 625 276 727 303 36 733 937 966 321 221 399 625 846 256 284 897 906 919 864 408 726 248 48 90 583 119 387 260 556 197 642 704 553 708 43 356 694 406 162 777 362 345 173 271 786 134 265 288 304 647 628 393 351 368 78 593 648 874 950 462 865 992 356 597 999 335 426 378 788 593 813 592 348 176 604 603 734 366 885 426 55 383 761 72 252 709 589 765 270 676 773 91 759 203 579 812 795 543 149 133 626 571 380 204 499 109 908 685 747 342 615 64 616 459 23 487 542 305 84 754 228 849 53 696 404 745 616 405 897 789 651 934 673 372 437 750 805 66 600 408 954 790 322 497 281 372 841 379 480 190 393 829 159 280 578 884 500 284 127 244 353 988 121 892 782 687 442 813 965 795 718 499 636 103 984 112 992 147 734 648 956 368 166 44 5 404 438 748 582 898 458 48 112 774 905 12 391 715 154 410 713 52 270 468 965 528 698 721 573 613 228 639 91 573 632 649 854 532 467 196 76 871 706 63 648 559 700 593 556 226 160 301 713 513 660 585 474 923 370 404 286 330 955 96 288 18 828 23 990 456 38 659 841 320 544 523 769 413 251 540 340 838 479 408 252 969 918 241 491 440 893 416 611 161 897 785 866 230 53 873 466 414 138 269 503 641 355 414 890 104 987 516 508 969 720 255 727 342 471 208 207 594 390 684 964 708 609 312 918 357 706 363 299 441 84 803 135 548 60 724 943 815 250 210 319 35 683 441 989 522 45 858 119 895 614 212 113 914 510 412 806 263 245 502 657 156 751 11 498 19 191 197 522 231 696 964 118 275 978 708 875 495 81 344 729 314 115 807 388 280 656 672 586 334 659 623 909 592 806 592 151 402 518 918 618 1 629 8 775 836 623 8 34 294 990 154 352 79 691 848 192 959 213 389 637 163 112 825 381 713 206 426 754 981 953 147 316 343
730 173 475 403 536 500 9 155 975 418 691 635 736 811 143 376 396 57 926 239 902 824 915 122 88 370 490 967 911 159 626 738 975 367 267 962 276 675 10 159 405 592 723 205 789 959 561 663 228 218 419 776 164 96 807 329 849 727 749 56 979 77 8 683 48 80 186 834 560 131 508 788 135 136 163 443 438 124 262 461 940 112 976 247 571 383 509 809 318 398 15 870 660 987 710 711 279 722 392 217 923 557 509 820 238 513 787 1 639 517 269 300 52 696 395 588 285 408 89 11 447 370 300 468 448 603 381 298 845 278 313 762 86 576 778 389 256 911 177 223 390 184 412 281 670 983 531 263 636 898 546 927 176 57 890 508 394 625 884 797 377 389 939 909 206 696 540 981 719 229 97 828 411 655 280 932 764 833 445 572 942 941 999 194 215 181 981 536 621 254 52 24 570 741 841 612 496 653 666 986 386 498 637 887 500 765 916 284 514 366 746 328 282 64 348 116 363 714 353 299 724 110 65 808 428 86 77 869 37 527 237 67 826 291 405 220 987 277 828 574 797 111 780 980 500 567 314 476 593 105 652 126 455 530 380 771 218 346 489 442 332 686 102 900 236 799 769 965 579 301 8 59 971 574 624 14 344 183 758 23 724 574 794 793 535 173 84 60 535 735 618 804 190 55 726 839 757 226 871 384 43 584 211 978 795 501 349 172 83 159 118 701 900 770 197 913 93 204 155 170 612 753 643 233 191 531 513 995 203 659 181 636 662 748 752 423 872 248 413 571 197 479 957 860 293 851 632 563 171 243 738 983 208 669 917 474 437 935 724 20 632 215 498 360 343 199 92 171 749 958 640 955 167 91 78 443 372 783 373 679 568 411 292 905 811 146 602 337 946 478 242 462 937 545 991 197 465 364 622 280 406 620 252 38 772 199 945 749 569 512 844 743 613 100 333 255 678 609 623 986 8 328 779 430 362 841 208 720 52 375 24 217 794 45 692 612 114 866 81 338 774 419 293 784 765 488 830 747 990 159 558 877 979 683 590 570 311 583 941 540 416 767 531 994 485 702 802 383 471 616 469 841 324 217 587 151 97 395 433 20 274 358 574 931 583 756 118 606 717 939 592 359 342 696 30 121 564 55 111 32
64 673 722 458 666 195 7 775 348 625 739 990 201 583 728 384 208 870 175 207 554 58 700 505 660 907 461 942 187 596 334 413 706 581 233 378 656 858 629 685 566 915 214 300 73 163 527 784 431 869 178 253 329 580 7 725 774 405 45 443 516 423 427 406 438 775 217 728 173 323 990 179 967 875 359 691 979 430 780 430 630 671 279 942 407 62 882 396 981 436 612 444 338 980 766 463 502 390 538 988 253 916 524 365 894 90 942 562 767 23 44 163 391 505 903 574 872 973 757 682 362 713 28 187 207 861 247 616 32 838 337 582 650 94 481 922 900 252 493 90 849 168 267 136 395 644 911 378 891 666 148 711 750 871 258 318 346 441 503 315 99 653 570 71 481 213 822 409 841 530 818 72 404 667 811 667 921 478 47 458 702 91 590 881 997 417 291 202 121 700 899 843 366 38 305 557 91 29 503 800 876 924 293 609 22 309 212 546 537 899 942 662 744 260 175 5 46 894 712 929 29 694 367 521 520 409 181 243 802 751 113 109 186 453 630 886 554 692 590 776 145 153 585 63 472 787 499 169 417 731 334 872 332 525 665 203 827 928 716 49 752 613 114 316 881 738 346 126 956 432 69 688 427 961 812 582 157 593 146 534 726 737 579 11 157 400 163 906 643 176 786 261 274 393 69 480 867 55 163 917 732 284 132 764 290 115 365 11 616 57 232 398 10 2 134 867 326 999 241 832 832 940 462 218 921 72 329 552 923 96 201 611 772 476 486 433 171 360 56 967 197 895 116 93 403 589 31 532 640 309 628 268 999 908 478 651 574 696 903 434 901 87 444 867 381 403 299 382 912 557 705 415 723 246 664 304 136 461 376 430 812 941 760 763 713 48 431 673 626 573 464 835 482 387 130 88 883 310 185 189 509 479 904 330 711 917 414 836 945 294 856 708 313 752 396 811 466 23 589 433 597 933 811 627 785 163 830 948 903 667 320 180 117 835 199 200 791 846 144 943 818 899 748 768 22 335 960 752 179 245 262 691 736 269 204 788 155 918 656 788 456 739 43 965 921 775 593 164 527 129 236 346 850 432 740 972 887 520 983 963 273 675 260 204 907 117 511 894 279 346 391 688 567 282 11 973 460 890 525 728
437 306 563 834 653 341 345 118 387 687 26 398 181 281 483 323 522 986 912 677 872 526 170 400 568 541 120 765 838 605 224 886 564 426 694 305 152 688 159 808 2 152 997 936 427 304 782 217 100 669 626 229 144 388 538 343 303 30 934 999 406 757 386 602 911 252 670 661 606 758 407 101 495 341 358 467 522 218 347 120 15 337 985 422 986 607 640 734 786 83 974 728 101 993 481 39 461 180 233 586 210 27 32 465 503 376 655 995 592 568 82 172 933 153 930 265 746 568 64 465 764 301 730 411 407 388 81 127 430 192 535 831 692 682 446 146 119 136 324 56 806 256 881 249 708 305 1 431 194 4 825 982 284 171 644 39 983 159 427 269 427 470 0 36 92 387 327 258 374 736 959 824 904 654 540 703 502 421 333 420 305 105 270 176 322 15 400 220 861 185 134 869 577 154 974 409 464 697 550 374 454 138 124 196 849 309 921 232 639 38 506 942 423 22 261 150 848 139 124 553 531 845 525 368 878 129 803 694 880 411 603 21 195 902 423 892 560 707 802 952 310 644 858 271 892 94 959 858 612 708 50 469 418 581 511 793 76 178 372 719 215 675 764 473 32 444 481 782 977 430 555 143 111 128 743 173 605 141 412 229 853 669 628 511 199 805 618 505 590 196 324 675 927 976 848 878 56 846 949 15 704 246 369 142 148 686 339 320 859 273 191 396 487 895 967 547 778 913 522 413 119 330 246 763 311 457 153 563 868 103 925 802 266 402 196 789 301 488 739 563 579 680 203 756 567 895 325 167 150 879 118 523 757 700 74 887 32 759 894 437 493 778 906 219 966 708 716 798 845 58 173 472 395 574 442 97 191 191 859 936 452 584 261 789 860 969 740 496 726 798 953 84 317 124 817 414 366 704 707 33 464 772 51 285 335 700 443 589 688 639 97 148 228 766 983 488 202 811 638 531 954 626 284 953 839 364 613 608 42 263 746 873 846 647 522 294 989 681 870 140 865 997 721 950 579 770 555 350 155 903 118 278 35 738 417 411 739 832 702 41 459 335 535 236 72 247 386 955 468 216 980 211 552 275 712 751 232 488 52 720 364 394 259 872 882 949 209 177 301 453 543 489 184 662 527 881 317 30 71 910
709 610 702 28 766 857 178 866 49 496 917 504 794 145 429 106 808 890 658 168 27 800 825 830 58 485 768 529 182 932 551 722 275 98 999 362 949 664 762 144 944 776 744 654 856 739 221 532 741 238 195 976 484 30 581 817 380 579 483 91 559 545 226 850 109 653 233 323 157 7 332 292 782 641 355 391 938 438 611 51 520 944 867 144 173 468 548 357 457 633 821 170 694 78 830 578 670 797 727 439 798 351 448 444 236 615 435 755 154 438 869 860 915 874 956 302 343 868 477 949 722 382 245 312 992 206 919 536 443 338 233 717 231 264 565 596 344 800 160 869 275 712 681 944 802 221 79 374 528 933 532 113 752 788 227 17 637 451 990 540 816 760 436 666 44 552 531 889 122 456 55 304 679 964 436 582 322 291 432 515 923 407 429 647 779 899 441 802 668 965 249 266 140 15 176 209 320 611 336 310 451 691 369 71 254 431 897 677 738 551 282 630 398 219 372 105 205 239 52 784 196 553 931 924 605 431 410 543 265 71 288 194 732 919 912 47 917 67 582 781 398 16 487 827 500 15 46 221 648 821 244 856 875 682 76 566 392 196 174 245 465 199 121 554 544 263 141 848 588 471 279 781 669 388 111 990 397 464 616 934 210 948 757 172 853 376 183 990 836 567 910 586 980 594 342 154 28 132 323 892 275 101 94 61 27 364 994 715 355 347 272 969 688 610 724 284 278 57 411 907 335 537 292 490 889 579 982 142 99 573 34 420 983 757 722 729 842 967 286 423 172 832 954 12 652 287 971 981 594 995 333 333 163 731 868 399 350 299 708 924 955 890 210 420 249 752 171 183 406 222 134 128 657 87 954 351 636 357 595 384 214 152 385 370 549 702 98 685 436 180 60 992 898 258 173 376 4 874 365 949 518 193 860 295 554 820 353 558 1 930 453 577 622 562 452 203 638 38 353 580 774 819 82 344 357 31 795 466 910 997 310 736 150 655 520 663 628 905 989 117 548 729 549 784 224 516 660 314 732 144 338 273 623 191 915 837 511 535 806 305 839 270 983 80 308 440 823 999 264 861 106 208 429 126 103 371 339 372 429 655 853 620 563 335 275 41 657 26 292 381 308 823 894 659 307 873 428 982 188 172
689 500 825 624 63 768 924 730 625 447 613 940 572 810 288 931 48 931 194 841 586 695 815 722 549 843 23 659 671 461 584 186 611 400 741 619 784 923 484 604 685 204 140 995 892 651 406 563 213 352 255 224 424 315 353 751 479 237 37 260 828 90 382 462 208 108 592 924 907 178 375 369 527 312 263 848 18 679 908 412 955 307 850 883 501 971 784 827 837 907 433 954 313 298 241 421 415 769 660 22 194 382 437 594 95 740 392 591 687 924 499 438 271 396 108 835 836 218 67 293 185 477 717 226 358 293 194 234 352 422 412 603 84 833 861 80 398 677 285 373 743 906 491 43 372 742 678 233 338 18 202 35 880 719 917 115 595 634 764 4 920 939 172 255 208 531 904 652 237 300 227 432 83 831 263 98 954 317 564 333 467 764 190 375 147 512 903 709 536 944 832 257 763 686 298 249 282 763 287 559 707 117 416 989 403 845 881 927 353 123 460 380 61 184 813 791 437 159 258 194 419 583 620 64 826 621 17 751 498 857 317 62 855 620 92 802 228 236 325 398 535 402 456 781 106 422 672 264 884 303 36 636 990 642 168 332 663 39 574 621 415 647 576 980 23 132 904 552 526 392 392 728 524 151 338 182 895 605 604 40 580 493 688 964 87 180 351 332 558 229 522 27 302 876 566 68 792 727 68 774 480 722 411 556 141 661 961 528 44 209 897 814 623 15 730 974 518 999 428 234 112 851 220 560 660 315 655 809 790 493 637 511 673 627 902 256 283 957 507 27 564 677 215 524 278 13 641 663 607 382 170 659 738 243 153 896 173 779 492 252 676 551 208 18 972 613 568 424 874 837 948 491 1 257 545 602 600 728 842 903 71 359 956 990 434 822 202 177 176 863 781 816 412 618 56 457 736 281 623 781 490 785 450 226 58 342 935 199 375 720 207 787 679 155 370 787 960 939 154 420 348 549 813 38 807 205 351 954 775 742 250 587 700 821 357 234 54 213 977 519 438 9 555 324 699 616 384 252 194 625 563 548 269 710 828 164 113 921 16 612 814 414 401 193 133 313 169 243 496 187 807 252 73 200 664 287 606 563 478 269 445 145 724 355 168 529 920 216 945 612 299 389 222 95 6 560 188 745 800 250
78 86 661 769 295 842 963 944 224 378 625 449 772 403 590 126 49 574 971 848 923 644 843 380 573 859 600 772 871 146 696 456 861 377 647 146 895 19 201 119 294 334 155 538 816 940 109 967 665 469 956 326 366 318 128 482 652 205 70 78 179 104 947 711 899 556 699 758 654 114 714 433 338 618 369 440 328 899 496 577 576 896 516 108 698 736 737 650 97 74 22 893 330 385 780 588 417 713 426 557 774 231 778 114 80 641 107 917 805 279 164 128 614 153 691 783 300 745 249 79 103 184 590 38 654 301 765 740 353 639 987 65 223 302 421 253 106 432 515 889 892 664 202 960 346 995 328 730 501 182 170 2 950 278 601 41 8 367 618 194 485 315 889 129 156 125 320 254 331 172 700 306 873 353 605 711 656 519 778 110 363 83 291 146 38 396 265 829 667 595 782 457 556 38 387 723 0 356 266 766 346 2 538 911 152 195 921 83 820 884 248 253 26 728 156 472 300 621 107 335 300 957 521 946 208 807 47 904 249 322 377 825 696 788 537 479 453 501 355 936 804 774 324 362 718 501 161 36 543 158 483 156 965 8 408 373 491 549 954 237 475 478 557 218 147 652 457 448 481 489 693 69 981 60 480 3 874 58 55 307 449 188 699 109 364 909 759 118 747 409 917 902 260 968 507 186 767 42 829 486 869 973 371 566 939 901 194 782 539 946 188 618 620 824 205 471 302 581 197 979 101 518 235 557 670 444 783 454 658 513 478 716 640 367 734 768 544 35 182 199 489 750 570 174 932 663 478 975 626 107 46 252 275 782 848 631 937 809 12 903 693 520 806 217 819 326 998 397 9 603 350 548 715 17 860 218 46 16 611 919 15 453 538 953 189 543 202 538 68 846 518 486 184 288 748 647 52 686 559 973 841 306 139 140 688 549 887 440 345 891 251 437 128 141 460 17 853 989 179 226 370 350 431 766 139 40 601 181 392 766 96 370 172 186 746 653 18 920 596 88 441 805 742 843 612 371 611 139 566 521 419 711 383 780 86 807 521 941 944 641 921 697 86 671 42 217 257 227 103 120 155 112 35 848 129 701 147 686 38 450 792 555 497 617 904 206 463 968 460 906 625 497 710 594 625 48 785 585 566 827
551 938 843 683 91 358 299 274 193 901 706 376 296 211 720 621 47 586 232 760 341 318 420 85 5 780 679 743 936 912 453 760 40 747 678 877 493 300 592 891 246 285 69 996 607 417 203 125 891 428 181 639 21 425 910 415 159 973 71 64 889 151 517 604 785 755 259 592 202 485 702 899 644 852 424 862 984 791 265 31 203 792 151 12 674 307 498 383 800 408 493 251 763 769 655 221 878 656 293 164 235 805 991 993 54 678 640 561 442 415 210 168 992 889 66 589 286 565 958 931 822 660 157 139 532 854 25 359 420 217 278 278 565 497 556 352 753 736 725 74 235 736 928 877 526 231 812 51 117 390 882 231 993 621 818 525 883 773 673 550 936 858 654 302 746 593 689 67 551 129 124 317 195 706 457 368 703 607 898 175 524 222 116 372 786 755 753 887 221 564 805 296 364 755 491 385 380 855 573 164 83 585 965 296 151 144 562 850 58 229 839 417 428 817 37 74 682 874 733 827 569 449 83 712 324 988 283 931 784 535 997 313 922 447 750 264 137 355 633 707 32 798 408 565 478 451 948 720 413 1 454 549 750 73 454 551 206 902 375 27 93 555 435 549 767 968 607 636 995 127 104 131 560 305 98 968 638 956 495 356 924 570 904 392 831 529 675 613 558 572 123 58 351 425 297 299 178 740 483 689 884 29 396 953 312 793 375 741 595 960 817 644 236 714 389 930 977 883 527 256 725 874 405 974 280 856 813 840 198 5 714 27 818 906 940 441 356 483 200 671 659 664 263 829 638 650 376 971 615 956 586 955 695 17 822 921 266 161 127 790 454 210 895 512 480 945 335 162 44 318 304 535 650 465 517 327 275 67 193 533 161 576 403 335 502 140 950 258 41 67 944 405 847 836 937 470 527 288 230 791 416 475 832 79 342 174 281 862 745 57 853 975 419 56 802 646 315 646 519 198 514 656 32 54 82 556 84 6 292 323 30 268 585 796 542 675 87 463 262 639 403 87 721 947 179 671 116 420 241 194 455 165 861 557 81 290 232 836 217 761 687 220 56 547 196 179 528 174 294 46 128 946 538 642 489 719 123 414 782 902 841 569 25 728 647 702 919 905 992 241 42 784 688 836 4 604 420 439 771 623
412 748 291 47 715 115 807 769 413 950 418 951 287 563 885 353 409 273 394 923 305 312 177 429 262 478 622 875 803 75 127 984 929 277 766 345 980 814 929 328 597 855 325 556 15 286 60 308 816 94 317 354 692 5 716 701 545 661 275 335 227 580 980 768 661 820 760 857 964 17 404 94 366 912 976 920 155 563 877 935 403 476 921 464 27 537 445 788 665 914 726 617 609 649 313 665 743 637 618 519 974 157 996 962 740 143 120 456 324 28 316 526 616 191 523 568 535 312 49 382 666 978 130 256 100 402 264 687 25 476 49 276 149 848 290 868 665 590 225 892 618 5 576 990 269 695 747 406 285 325 628 957 203 213 785 46 172 303 797 951 667 469 378 37 934 836 258 975 555 275 615 178 97 128 807 438 155 510 873 613 914 650 6 729 180 337 819 221 731 88 12 525 966 203 387 770 832 420 641 1 794 23 719 346 546 531 896 180 582 971 665 248 325 524 884 215 221 845 506 538 174 439 288 936 775 948 962 997 843 167 793 294 354 933 818 861 504 850 557 221 443 807 971 249 976 659 625 129 565 2 160 924 196 862 498 414 592 889 792 30 794 197 731 854 72 248 796 836 991 616 144 556 150 983 537 739 616 231 831 231 476 164 453 32 845 271 145 523 849 436 322 759 314 584 495 127 336 696 991 256 864 911 198 189 162 553 197 941 19 115 662 18 478 140 399 874 355 479 198 613 972 420 648 155 851 271 770 374 199 466 294 384 134 393 921 854 573 791 726 571 831 251 956 4 495 167 261 439 664 929 925 950 385 411 882 184 491 82 758 206 465 387 221 935 528 897 819 677 699 814 577 589 315 151 36 507 30 805 626 871 168 264 559 972 937 306 386 177 128 199 686 837 753 739 640 320 421 489 602 296 787 226 797 29 99 270 267 164 524 310 568 583 873 640 238 481 901 70 473 134 223 409 306 673 880 669 411 904 972 162 753 220 963 551 669 762 932 767 279 647 50 782 993 553 721 823 338 674 906 260 384 922 914 438 887 507 496 182 691 217 265 793 245 956 545 706 260 436 937 638 324 613 39 663 665 851 323 737 519 768 48 585 972 947 247 473 623 346 441 44 422 97 10 121 351 698 566 75 552 454
792 767 804 12 855 302 127 638 101 506 726 656 399 145 641 456 974 558 951 955 183 181 703 178 1 193 100 908 877 801 395 412 532 103 271 30 171 761 502 254 801 638 860 330 467 488 313 803 787 80 959 836 676 477 517 87 267 752 268 391 676 31 173 129 963 167 632 779 2 260 677 159 621 504 812 980 505 770 283 326 311 948 249 279 374 484 975 941 742 338 250 380 78 17 136 545 59 46 711 849 178 300 156 484 598 3 675 492 642 643 784 296 279 436 965 831 995 175 647 508 892 582 915 844 490 612 876 552 301 671 502 436 715 31 287 648 760 21 744 494 594 397 811 920 125 513 892 649 368 1 220 593 967 856 79 983 963 600 59 510 151 270 423 719 97 591 169 930 788 379 467 565 897 320 915 782 875 430 147 922 720 229 149 581 27 346 899 330 109 723 470 38 652 501 712 912 950 42 764 226 793 460 384 784 228 270 505 357 568 959 552 47 867 277 81 311 12 888 840 777 775 411 626 239 301 534 114 383 594 634 479 199 316 456 241 753 866 192 912 745 593 878 766 810 292 409 145 160 162 540 317 368 276 92 961 671 448 497 933 526 58 910 663 872 352 463 119 780 877 174 348 877 714 459 660 140 413 791 677 889 850 103 939 976 278 146 35 704 67 208 574 886 469 656 721 798 914 52 604 842 936 111 983 358 11 676 104 155 145 103 619 977 344 848 702 737 761 405 448 654 821 202 327 136 547 737 887 164 109 53 264 877 24 933 355 461 63 933 368 474 270 140 640 904 316 790 724 984 472 634 305 697 656 376 607 970 482 967 439 493 319 936 195 255 914 216 147 634 371 328 833 243 654 187 306 191 279 255 877 779 590 360 952 755 162 704 850 761 725 18 443 944 339 825 68 756 827 951 316 239 644 850 710 733 349 270 209 199 389 655 605 297 78 792 740 193 214 176 154 112 115 997 800 285 327 288 458 659 725 487 662 580 494 135 440 586 811 371 710 264 949 814 103 478 417 7 679 702 278 39 666 909 257 238 742 965 203 858 777 780 869 506 679 92 141 954 383 438 528 541 659 73 275 860 543 575 41 574 635 92 475 364 803 596 334 796 27 904 96 340 412 601 482 792 147 431 151 681 746 802
545 456 632 558 766 414 27 637 604 328 681 405 165 554 976 764 762 843 224 774 773 553 12 161 448 238 613 992 24 637 78 362 799 20 341 507 149 493 42 198 669 508 66 774 201 407 455 549 318 716 50 661 993 765 661 745 327 56 57 627 20 916 53 255 749 533 159 936 717 0 201 258 476 526 246 143 705 640 446 511 381 712 907 672 850 216 941 108 870 381 389 226 940 254 417 300 443 975 325 511 604 841 679 164 365 47 807 23 682 814 74 256 928 291 734 363 518 912 229 197 249 140 40 299 603 728 990 822 535 297 856 523 664 49 973 116 356 679 945 128 917 612 397 950 682 630 850 86 512 946 812 329 999 727 960 85 111 54 797 520 834 734 529 182 49 185 457 536 682 103 882 876 191 92 244 842 254 513 44 717 643 21 578 279 672 468 911 577 82 20 57 71 878 897 232 390 231 930 151 237 834 256 781 649 700 820 502 317 316 759 572 303 329 500 905 252 872 125 809 146 19 167 631 906 822 633 311 331 452 389 967 721 93 97 305 548 107 58 891 33 69 977 2 571 509 275 447 977 304 640 434 619 317 576 846 53 784 658 132 242 889 602 214 439 175 537 607 433 805 426 55 715 147 473 369 176 482 303 234 710 455 291 257 773 689 339 283 59 29 511 770 526 370 455 223 975 712 816 714 247 803 734 171 406 304 44 571 874 977 126 811 292 803 270 163 688 468 299 327 143 533 658 267 703 699 237 680 436 0 975 156 416 794 372 963 429 838 43 943 598 981 196 305 898 190 379 904 680 219 898 435 320 424 525 27 437 436 919 633 147 856 854 990 122 410 836 150 814 544 439 618 354 384 509 167 788 455 625 721 705 737 671 472 416 758 323 351 366 336 576 550 320 94 200 144 202 965 712 73 365 512 678 723 641 206 155 885 852 783 813 26 871 565 561 534 282 482 875 223 756 790 821 775 926 142 534 317 138 476 52 560 398 384 33 331 315 158 555 695 725 788 659 762 882 545 773 456 65 136 523 256 807 862 44 423 206 497 340 3 636 714 440 562 30 443 639 453 214 910 106 24 362 599 286 395 905 983 613 756 359 447 511 889 287 903 580 468 844 8 747 669 846 147 29 724 101 994 759 141 916
718 715 276 466 104 797 824 505 897 645 928 321 155 334 912 13 203 358 285 46 499 112 562 59 644 112 160 367 425 37 89 553 135 460 95 15 25 772 554 48 94 704 57 393 39 229 910 727 243 751 781 647 507 751 419 617 740 525 604 946 488 427 297 100 429 121 390 52 427 331 147 946 640 933 234 337 871 988 854 459 500 489 686 751 328 808 573 319 394 248 941 742 279 516 23 437 284 86 858 864 590 857 631 454 712 831 944 873 964 621 551 326 911 381 44 822 469 90 963 49 763 928 578 475 148 129 137 366 227 128 502 304 304 394 318 336 620 414 306 858 188 702 706 34 881 734 805 958 612 412 480 828 428 230 728 736 41 767 160 115 184 871 163 837 545 614 219 872 552 417 58 481 31 839 844 562 869 652 693 315 680 325 608 472 625 185 337 870 89 469 115 40 59 859 860 378 245 691 26 994 167 566 46 466 469 994 448 468 929 658 538 402 38 567 307 25 100 56 467 949 562 984 252 488 78 4 70 786 354 620 992 161 501 769 737 705 838 788 658 106 438 449 149 251 531 453 384 353 864 827 613 265 401 797 257 454 556 55 267 169 15 952 587 509 422 251 792 317 16 249 732 534 58 744 553 208 559 511 623 546 780 525 924 240 371 270 578 336 958 774 27 800 771 604 795 231 737 452 497 228 916 341 762 761 937 191 376 634 467 596 483 544 627 384 60 165 847 780 943 754 720 484 137 982 264 443 237 282 902 640 63 584 19 158 985 551 940 998 852 619 879 534 254 499 681 70 169 983 639 696 594 502 17 118 788 616 986 146 806 763 617 258 6 619 458 800 554 100 910 868 958 439 913 439 822 782 58 774 999 783 328 644 346 290 39 104 942 949 210 556 26 916 662 490 30 507 677 463 897 998 758 114 817 314 404 103 533 967 858 459 103 566 835 309 368 147 215 862 25 389 854 95 777 127 285 561 881 479 902 542 692 9 379 567 461 757 453 755 685 585 141 569 925 196 470 782 936 512 860 262 557 762 203 900 549 933 978 764 3 193 421 806 24 513 184 495 101 956 411 105 493 19 42 881 453 673 648 233 776 93 88 546 235 442 613 705 709 751 543 607 326 832 567 155 317 368 550 607 34 719
963 414 678 402 395 400 723 97 802 768 434 471 707 102 322 187 875 960 267 265 142 513 831 273 345 428 823 95 595 340 118 202 232 592 366 785 324 338 45 972 613 830 401 846 620 555 235 779 693 355 54 551 437 57 963 343 574 499 683 183 195 589 38 448 325 812 247 553 650 558 524 101 430 721 512 914 904 162 287 706 421 742 402 325 365 715 144 534 757 599 633 111 538 952 429 438 123 598 281 30 976 388 704 657 446 91 543 987 164 366 137 101 188 194 588 559 720 389 793 120 963 599 913 1 302 302 454 242 450 381 273 303 506 278 105 881 371 197 34 738 826 209 281 646 622 142 682 245 399 966 817 422 39 219 187 250 809 880 844 674 593 998 786 601 44 312 588 296 370 630 842 661 110 645 357 307 456 33 780 807 640 254 812 82 562 146 455 670 542 479 33 88 65 629 170 795 241 988 649 205 422 159 562 847 366 255 433 939 462 272 235 947 827 999 341 643 290 299 555 588 256 424 968 659 300 647 377 165 278 914 156 183 190 638 194 451 755 643 138 568 578 379 17 877 81 785 948 641 551 172 409 485 853 830 346 588 159 419 81 377 283 114 333 156 201 593 705 813 488 348 683 353 602 119 353 755 345 295 551 496 828 783 801 310 285 715 370 676 191 375 571 840 547 51 808 920 522 399 295 429 797 997 907 416 683 891 968 573 352 242 658 304 69 836 808 521 501 251 82 813 894 681 880 764 329 389 370 292 919 934 701 978 753 20 775 433 804 259 866 694 328 590 108 783 399 304 91 398 385 909 839 159 907 917 388 765 858 641 824 380 93 280 906 778 670 853 923 687 516 353 753 315 345 880 669 745 507 112 722 32 142 110 935 894 18 828 483 54 273 993 566 257 764 734 626 789 921 92 857 160 359 471 897 245 234 61 807 72 246 828 742 400 77 625 677 214 395 702 493 386 136 678 163 339 834 590 789 366 337 909 103 756 994 8 772 695 738 754 857 452 9 689 805 643 452 917 773 314 346 323 583 261 522 631 403 269 161 533 475 452 425 981 598 147 502 793 997 222 560 735 968 917 358 338 222 478 344 282 452 34 207 546 988 238 940 15 645 328 547 530 154 264 650 798 794 991 408 818 76 712
432 89 161 494 769 58 112 934 362 66 13 15 112 276 213 217 684 871 611 614 146 549 58 471 886 919 41 477 439 248 416 211 463 28 50 201 179 58 545 506 647 7 627 24 357 497 122 851 329 184 230 846 189 705 91 997 459 289 334 547 196 226 75 776 103 998 344 227 148 818 624 484 353 382 571 901 870 929 813 897 898 190 62 573 634 201 678 730 257 360 480 303 664 874 138 436 900 238 518 748 848 424 726 719 237 51 310 973 412 60 153 830 903 217 16 132 935 103 41 86 241 374 35 644 518 991 603 429 635 449 473 585 141 438 79 129 967 715 386 446 442 544 631 767 552 633 518 884 415 538 462 166 235 444 19 735 172 463 20 18 647 23 487 42 45 62 788 116 798 168 537 644 592 996 552 524 427 572 813 93 583 763 608 47 422 906 426 929 750 562 934 963 842 794 729 544 31 574 852 742 22 629 332 202 363 630 192 708 755 177 981 539 824 76 589 242 752 349 961 900 309 550 960 619 669 637 261 968 977 609 227 647 310 95 379 916 367 0 220 203 221 474 605 360 88 341 732 17 890 56 103 928 430 799 304 815 679 512 93 652 250 314 566 803 803 741 861 363 37 596 826 984 489 791 463 35 270 887 864 353 104 602 820 404 140 831 328 749 757 247 190 904 458 758 124 790 400 721 529 883 426 185 423 194 643 974 818 247 568 912 984 869 279 645 397 883 462 71 224 662 134 395 267 766 709 275 861 254 588 233 20 507 96 208 842 312 64 612 614 398 746 577 870 189 709 716 402 740 617 829 813 777 849 278 300 676 326 707 692 113 269 594 593 742 351 268 778 592 846 694 590 861 751 603 414 929 307 399 389 354 152 743 192 879 1 612 699 400 954 275 54 478 417 859 501 636 434 500 580 792 331 388 618 300 326 387 44 492 140 934 259 656 438 686 16 487 964 594 295 527 6 604 72 591 818 417 187 4 56 512 855 737 289 607 990 63 669 670 950 16 362 742 616 607 989 923 137 572 981 987 924 202 44 61 287 291 113 185 53 133 433 37 855 26 933 145 38 455 353 410 235 28 375 684 233 93 558 733 557 180 351 46 665 541 210 316 929 811 319 645 244 375 186 960 814 415 193 537 859 346
782 562 244 363 555 185 15 239 4 216 278 355 472 532 413 871 545 44 900 177 626 401 486 275 268 698 643 925 201 513 470 636 611 536 571 979 296 189 167 976 311 410 48 965 172 748 755 712 336 528 440 987 259 22 426 448 267 357 375 470 94 13 802 828 915 86 314 762 591 552 395 644 782 615 971 386 726 398 62 238 425 97 985 686 64 591 772 357 464 912 744 598 487 301 204 744 392 386 867 451 86 782 247 724 320 945 322 925 415 551 456 262 423 159 311 171 733 554 584 245 65 307 909 973 667 494 205 873 752 217 270 725 286 825 683 191 702 428 450 930 417 920 546 275 193 145 485 486 602 175 422 823 859 967 749 303 820 371 121 788 178 776 397 418 374 779 816 728 47 215 395 572 459 484 341 321 324 573 573 597 44 630 872 357 181 998 350 491 521 177 246 398 89 348 799 706 138 475 653 79 824 541 372 425 609 880 406 552 846 656 529 648 89 215 524 603 591 328 803 390 304 344 732 105 705 544 635 985 932 703 312 155 107 58 83 473 686 612 713 608 226 1 646 993 886 203 284 52 603 266 328 878 592 646 746 759 995 269 353 736 405 196 64 191 220 561 667 318 803 795 468 321 516 928 382 411 997 240 713 520 857 447 55 869 603 334 612 55 299 681 714 263 441 725 281 807 607 304 75 461 743 290 182 483 64 949 549 901 993 806 157 198 225 485 772 931 304 618 575 606 207 18 550 288 316 519 60 126 861 692 783 113 425 696 688 579 633 86 216 442 139 775 595 0 571 648 567 338 880 744 566 284 338 448 917 456 859 159 330 64 487 498 590 310 550 184 701 140 983 500 925 763 826 54 840 217 101 516 289 240 184 670 241 711 417 373 444 247 129 124 747 835 502 822 129 954 777 989 199 346 682 877 698 557 752 283 20 582 239 22 80 320 361 693 452 310 84 555 606 801 885 454 940 765 460 51 280 914 631 492 591 649 587 512 388 107 494 680 875 535 22 91 355 247 622 309 798 155 352 869 284 237 596 581 553 35 294 87 306 322 347 345 417 772 580 7 251 708 944 84 942 295 208 650 984 523 561 649 572 839 138 94 16 3 554 29 427 594 250 559 406 628 601 489 262 249 764 833 836 528
727 792 695 606 818 579 337 750 702 884 477 844 848 16 2 997 534 249 587 229 284 72 547 471 474 352 60 551 262 393 405 140 852 644 922 68 502 920 747 637 217 569 848 755 720 22 336 700 602 259 470 135 893 250 696 972 120 972 192 269 750 818 930 960 814 206 576 270 208 200 861 697 981 208 537 711 264 79 747 70 279 909 987 191 544 522 831 561 752 774 203 960 280 905 656 345 843 874 885 893 878 755 509 381 708 815 922 785 527 597 292 208 406 756 520 336 686 803 571 936 926 423 772 664 950 757 981 442 846 446 91 325 828 689 790 641 453 713 965 706 459 853 122 393 243 593 8 242 583 293 910 438 72 212 393 972 416 428 594 604 144 196 177 157 867 591 54 855 545 215 513 7 537 491 370 896 654 196 764 874 391 435 84 360 453 562 847 278 212 896 393 514 35 976 560 199 991 846 108 995 30 930 372 383 153 333 825 876 420 892 306 590 674 778 976 378 764 224 927 10 854 139 7 356 148 868 62 425 696 28 634 429 154 943 884 698 326 523 559 915 868 774 991 246 70 290 652 662 135 384 35 189 438 785 22 754 866 147 545 544 79 615 884 485 65 320 413 588 279 390 147 911 91 743 21 141 581 34 502 636 933 325 238 99 715 649 817 803 31 961 112 183 336 821 283 539 937 782 431 55 770 498 738 433 495 794 420 773 128 970 985 229 989 579 10 243 28 832 265 174 815 367 512 281 537 652 826 441 210 98 527 603 51 618 678 39 880 105 404 250 392 787 360 45 475 131 281 203 271 125 951 968 529 872 22 648 956 481 949 71 381 300 361 603 355 390 525 214 583 684 338 378 314 69 970 932 367 211 233 486 134 543 647 162 764 226 892 344 843 575 847 652 222 880 224 720 97 456 544 686 715 503 228 504 485 110 82 114 104 257 608 147 293 827 39 720 544 276 591 960 399 407 288 635 314 945 315 271 110 245 489 838 630 921 784 181 379 156 208 51 79 321 551 451 466 456 168 399 258 470 83 494 737 753 823 96 20 36 556 169 652 644 808 29 548 354 243 55 737 759 117 569 906 458 530 831 417 575 718 7 566 544 716 676 577 268 110 109 988 643 11 841 541 109 865 708 663 242 803 228
24 611 32 94 321 608 196 344 311 23 830 907 942 915 414 801 109 375 35 74 771 178 166 458 795 272 860 302 594 477 916 0 802 700 531 47 951 237 411 56 772 514 956 766 321 845 169 620 666 684 225 493 104 841 391 924 981 846 741 136 835 111 510 390 527 676 776 559 203 525 159 922 754 975 521 380 12 13 330 24 792 472 327 525 769 734 861 530 359 322 693 516 480 553 217 761 347 409 857 52 29 20 172 114 292 559 872 330 290 347 749 644 324 803 803 685 546 202 835 867 565 515 336 309 930 252 529 802 771 689 604 936 234 781 335 589 530 455 502 354 171 227 467 600 862 590 646 852 991 18 720 338 257 707 976 248 657 523 48 828 43 373 396 452 520 740 951 291 534 319 44 517 875 669 599 840 257 304 356 550 412 664 942 154 531 235 743 507 232 150 558 785 80 583 648 52 234 194 362 809 754 406 58 518 317 235 476 986 775 251 491 420 912 931 139 561 212 549 905 923 251 182 633 315 896 592 834 142 52 602 242 873 669 821 108 251 643 582 557 609 14 834 814 549 808 860 722 886 826 138 596 24 101 539 675 749 350 719 122 969 444 950 649 405 532 234 379 166 1 432 89 978 742 732 757 44 372 46 967 943 236 791 980 161 390 142 855 360 966 140 139 614 24 764 752 89 45 202 155 113 792 595 527 309 774 225 461 15 790 334 373 27 434 651 524 182 518 806 41 618 137 521 574 174 404 310 184 138 697 352 809 192 501 321 505 783 850 532 310 421 571 174 1 326 879 858 626 505 433 631 637 187 250 331 362 261 336 602 541 739 312 674 724 638 196 868 230 856 76 888 636 416 440 562 436 507 759 58 416 480 414 980 88 179 469 227 615 999 460 597 318 147 346 120 115 876 476 476 256 376 508 537 455 55 489 328 336 840 888 582 922 200 174 26 12 716 835 261 256 996 33 979 618 739 727 534 711 810 858 715 493 932 274 684 852 411 3 842 956 105 866 337 255 410 674 286 387 106 435 336 108 671 482 394 191 358 177 219 192 592 883 165 610 66 766 961 32 709 712 721 116 242 199 195 13 704 748 122 382 117 861 992 186 418 951 638 418 44 760 952 243 759 327 114 120 231 865 721 287 342
757 467 749 505 503 685 139 21 257 646 294 741 575 813 689 840 226 347 11 960 969 852 784 899 778 409 600 279 91 825 96 482 637 960 682 748 732 588 98 514 522 55 912 208 979 394 846 296 288 223 370 389 383 499 863 170 670 612 372 619 88 647 761 115 480 221 906 157 358 815 936 14 68 544 213 225 112 962 799 112 852 180 65 440 578 270 949 864 371 555 61 732 287 178 762 65 342 564 634 656 190 935 393 580 363 78 396 849 548 298 529 182 476 487 152 236 634 758 227 821 731 897 551 949 425 903 338 827 238 683 578 726 931 512 392 844 795 675 585 519 670 212 724 575 645 770 379 15 782 159 423 900 512 379 429 263 76 386 177 944 219 641 441 860 709 26 800 341 702 213 278 947 828 920 250 860 298 725 510 488 786 434 618 866 446 860 817 610 498 777 409 495 240 863 981 815 606 361 248 309 505 808 117 71 602 477 690 49 134 759 651 37 752 351 767 186 45 216 119 50 393 384 25 98 869 286 751 219 462 192 284 617 887 517 21 158 933 605 537 641 434 954 628 679 25 134 83 517 168 144 784 55 621 987 335 174 101 276 414 756 14 734 285 595 560 776 952 259 749 13 19 339 265 149 512 630 547 878 176 549 317 997 474 841 433 439 259 571 179 129 902 374 480 734 252 581 67 458 450 890 999 393 570 968 852 414 467 464 333 374 347 625 341 905 11 480 861 735 129 975 2 458 959 80 412 13 147 407 138 907 734 753 69 719 216 395 663 77 177 573 314 299 214 49 755 13 732 456 999 675 447 407 328 325 517 575 206 763 784 383 850 745 676 888 669 881 11 639 824 949 426 375 160 696 607 622 99 282 127 723 481 519 193 999 49 210 668 144 711 102 980 295 398 764 445 368 179 73 677 896 185 672 902 617 196 216 208 343 360 421 460 818 832 337 75 551 789 539 393 631 992 153 906 755 876 632 614 683 726 166 499 959 204 808 246 191 361 736 290 401 268 388 32 905 169 637 100 903 6 16 817 293 897 634 773 329 536 565 639 72 606 70 473 508 818 853 754 678 957 125 139 451 597 438 132 110 30 851 825 940 375 562 247 260 892 286 466 36 430 875 197 944 607 782 967 728 757 230 631 101
827 464 262 693 457 889 146 253 554 399 160 797 829 167 369 349 747 155 278 997 615 138 218 349 96 294 232 136 398 790 915 835 806 405 10 982 594 494 790 631 725 213 540 832 372 684 409 183 919 153 570 71 999 316 9 120 817 354 438 615 835 466 547 735 301 119 604 698 418 31 578 46 208 271 83 111 865 528 692 600 654 513 186 830 732 247 779 668 286 438 254 278 225 586 48 695 343 761 34 890 474 149 328 827 44 773 486 271 224 564 531 344 899 168 348 953 68 476 340 845 294 273 966 569 483 233 233 249 184 146 942 857 554 430 681 233 880 104 497 9 14 499 648 287 884 299 660 665 243 845 662 494 603 259 690 353 730 568 753 858 685 147 625 766 166 803 808 522 656 810 655 772 930 227 711 780 416 832 924 494 866 886 844 610 279 399 470 280 233 243 665 770 132 308 90 509 608 184 616 268 178 853 887 408 536 296 961 634 612 570 596 660 735 773 133 2 616 180 325 913 805 673 746 108 371 637 961 680 149 1 120 231 770 768 356 100 640 806 145 536 939 66 522 630 196 111 326 605 449 557 853 822 796 863 504 458 477 430 739 64 305 897 543 901 87 929 501 485 65 720 962 393 209 113 481 596 806 779 454 951 201 890 94 987 761 501 682 473 26 486 560 262 97 537 755 148 737 318 842 443 8 510 853 788 805 335 749 692 425 378 6 239 167 771 615 991 714 218 154 259 505 838 168 63 475 232 430 639 783 735 102 741 338 970 786 593 996 423 153 359 205 370 187 299 127 618 442 386 518 545 536 504 192 840 249 352 664 174 168 121 16 304 838 575 267 135 280 76 787 673 680 975 653 241 415 215 448 708 800 603 351 284 674 688 533 596 505 631 772 825 237 514 8 828 306 259 459 74 543 425 406 680 572 165 886 852 448 887 176 599 97 441 954 200 50 105 151 700 170 422 505 479 612 693 982 55 59 847 393 54 216 828 818 568 355 800 499 701 31 696 536 194 967 392 652 140 747 744 217 729 201 928 336 370 324 682 468 479 516 656 598 472 44 904 581 632 553 90 947 56 41 765 466 375 827 270 387 726 210 539 143 969 58 668 766 743 987 348 662 407 442 319 4 527 703 293 820 14 766 324
678 314 937 463 295 925 306 316 502 313 828 436 997 925 494 896 208 73 675 165 624 725 258 123 529 619 566 109 958 629 623 660 934 600 403 892 569 247 114 358 880 582 531 304 331 380 210 394 516 681 761 700 469 928 234 870 807 70 318 23 824 83 922 536 982 875 849 680 721 87 442 913 821 911 692 798 558 472 2 35 345 801 56 868 758 314 965 497 581 396 187 66 218 680 877 269 92 514 314 737 242 652 459 266 871 90 757 211 606 926 706 266 386 635 555 239 633 201 798 610 547 102 152 850 264 755 536 258 625 901 368 833 261 611 349 433 218 8 463 392 925 431 298 724 299 551 668 489 697 439 744 747 593 421 391 346 409 686 642 14 376 501 287 149 386 383 44 302 122 140 310 510 169 912 812 550 373 765 539 598 411 371 823 767 309 5 879 868 326 238 117 991 831 566 390 372 178 859 997 428 243 902 24 528 891 361 416 865 866 30 178 74 677 237 643 422 779 504 889 333 183 568 392 876 493 128 597 316 989 681 87 572 225 367 963 79 851 221 674 151 669 520 33 220 106 921 955 972 843 532 338 523 473 782 183 954 352 355 776 638 528 432 544 662 51 943 940 690 595 926 649 727 69 654 274 146 35 79 296 135 686 424 989 893 921 222 687 984 715 717 510 719 470 998 834 680 961 726 789 54 895 37 243 359 731 707 774 685 787 65 892 30 552 30 632 16 793 830 192 351 252 178 103 984 28 940 389 249 416 982 311 531 2 119 683 9 534 545 419 974 483 513 189 776 94 256 392 349 948 683 732 534 279 555 308 167 791 661 731 344 18 193 123 649 3 114 413 535 557 607 329 857 766 603 513 705 996 41 748 221 563 303 785 820 696 223 89 103 254 851 366 358 394 939 624 401 718 601 366 455 376 405 984 862 661 368 24 878 553 246 983 926 257 311 401 976 314 232 262 431 779 411 854 595 467 336 767 773 786 474 814 628 380 62 653 222 314 456 824 216 626 94 433 834 921 275 615 401 561 688 445 885 839 19 657 175 345 227 152 778 709 33 55 77 973 366 329 322 716 326 695 512 744 535 120 655 171 710 333 868 864 877 659 472 139 920 652 917 564 136 719 647 316 635 542 750 208 849 83 480
950 816 326 430 43 1 464 117 684 158 806 507 73 271 731 394 51 157 820 351 835 331 469 633 830 645 262 510 275 747 464 369 851 648 158 42 851 240 174 662 561 956 373 308 46 311 763 566 297 671 480 171 943 471 829 110 541 558 435 756 453 7 514 126 201 790 192 510 268 761 267 740 871 707 952 145 750 26 668 825 702 818 871 876 431 234 381 46 66 50 89 515 742 483 799 662 186 788 911 928 964 641 173 540 180 524 517 15 536 680 688 847 232 371 812 659 377 969 442 167 651 891 81 27 40 511 20 62 841 633 727 225 85 976 957 264 563 838 246 772 792 719 499 24 300 411 322 643 2 992 923 889 787 411 15 877 786 165 226 806 965 86 746 757 991 353 131 816 769 552 268 165 497 540 181 405 619 308 107 18 739 183 108 255 771 175 681 188 325 144 5 116 407 809 764 197 459 660 567 70 107 908 934 544 608 573 69 88 393 299 585 380 667 92 266 155 269 160 846 716 586 506 431 106 97 848 808 515 791 505 730 175 529 547 512 319 507 261 933 354 132 912 472 789 452 794 265 764 720 636 928 488 960 64 633 245 521 859 751 340 992 797 792 889 395 128 38 869 90 10 65 312 309 229 267 173 535 838 794 852 93 726 681 611 780 783 724 701 715 911 79 672 333 791 9 137 262 382 321 565 190 352 258 934 459 794 415 347 693 976 631 284 104 33 524 172 618 324 347 344 910 701 433 49 977 215 611 103 541 729 357 824 944 603 257 688 879 286 530 598 386 539 757 52 567 400 477 47 366 653 259 448 991 472 967 602 866 945 716 174 576 772 249 916 615 911 100 43 665 568 96 542 93 354 727 174 788 397 459 791 63 472 386 7 8 933 669 545 842 941 241 193 962 545 148 855 424 644 974 321 378 756 212 607 667 146 594 253 921 590 640 571 266 75 331 21 467 549 852 801 739 612 250 522 545 39 764 192 489 182 840 798 972 81 461 92 874 417 88 604 978 775 727 659 222 16 51 290 398 575 845 147 272 943 328 903 805 834 24 989 914 855 800 403 444 155 510 762 318 684 687 430 779 6 649 324 948 207 269 212 458 824 397 904 780 71 335 140 747 697 734 319 753 768 571 230 58 941 578 279
581 674 928 566 606 54 430 433 339 783 786 641 348 968 120 795 274 530 245 756 913 47 11 484 828 983 431 638 588 696 429 63 659 489 24 200 425 415 866 676 322 246 337 700 332 393 7 512 554 892 64 85 426 964 874 540 746 806 727 416 122 861 971 254 132 222 777 766 726 560 385 555 641 573 964 365 733 149 714 654 696 476 529 57 426 154 91 218 592 315 28 724 851 601 118 34 187 557 440 610 30 608 743 599 290 404 265 835 874 957 850 868 822 200 909 86 84 185 138 962 787 995 992 688 744 121 282 836 264 370 84 398 917 192 225 402 96 134 57 746 353 215 462 822 188 470 652 672 3 321 556 641 611 292 546 544 230 356 638 19 548 534 265 252 774 26 820 562 573 536 556 309 184 182 677 761 536 346 674 309 422 763 450 777 65 128 283 340 438 201 382 387 375 34 837 478 112 34 609 357 244 319 365 222 858 140 378 60 272 840 803 612 659 595 343 619 784 538 367 190 862 598 779 174 981 568 128 743 258 621 314 981 749 821 704 931 483 341 492 288 182 632 413 30 11 966 797 631 881 569 118 948 729 704 647 179 237 977 467 246 435 351 421 447 425 635 427 32 544 761 152 130 361 293 291 271 545 958 8 731 239 863 994 918 101 86 775 574 398 263 390 484 765 489 985 807 408 968 490 764 596 451 954 439 777 971 780 253 810 80 222 555 200 815 805 464 893 164 425 26 795 591 12 116 155 56 281 81 983 671 794 306 334 365 662 361 146 829 640 277 873 564 159 145 218 364 577 327 296 458 727 394 820 36 343 512 802 27 239 723 154 57 122 974 939 112 325 37 960 475 894 591 203 645 859 831 483 163 592 811 269 148 69 13 844 963 616 449 611 668 276 260 254 725 887 118 918 375 652 668 603 668 20 295 784 316 469 212 433 959 334 241 223 242 581 158 390 959 45 214 399 679 608 723 734 267 531 754 483 6 934 710 38 298 489 646 196 991 145 692 174 556 87 512 452 388 372 333 225 670 675 640 212 502 260 360 481 270 297 234 858 779 944 459 380 973 72 569 252 845 133 496 897 600 313 729 490 362 66 10 631 340 365 362 300 991 300 117 618 29 154 532 361 435 909 655 911 880 878 446
153 966 901 966 200 387 23 515 527 353 863 435 897 771 475 533 479 497 359 699 218 569 489 687 904 991 615 993 807 933 694 307 547 466 925 395 251 686 505 976 720 992 613 193 3 377 208 539 457 682 712 365 220 300 88 114 163 580 467 301 179 443 73 385 184 489 534 609 236 423 975 379 106 793 780 542 428 243 24 514 950 651 399 366 271 391 647 244 639 877 979 40 362 810 626 777 792 900 143 639 9 411 93 600 953 170 324 66 799 645 698 233 117 381 925 925 554 89 550 96 446 675 107 916 783 367 544 631 631 494 182 314 753 413 564 803 429 690 228 547 548 320 814 84 391 352 634 331 606 740 780 21 557 183 725 224 186 456 808 333 572 218 509 664 394 800 948 124 598 725 907 649 513 231 696 822 370 874 362 906 387 354 194 802 931 788 89 308 360 720 167 399 377 873 41 608 716 0 323 372 393 573 498 996 203 821 130 783 868 886 423 601 765 920 83 730 905 423 135 132 744 349 954 607 44 314 586 928 702 425 865 526 774 449 366 979 989 337 512 200 188 697 89 96 995 484 644 656 321 571 766 405 804 674 540 442 120 241 573 229 672 110 291 622 340 965 56 718 95 279 890 991 848 392 499 662 773 767 610 857 540 138 681 208 419 939 882 365 545 366 383 792 544 624 850 601 601 778 168 818 518 56 941 920 362 475 895 593 890 834 431 188 645 336 855 967 465 158 615 405 969 234 933 954 597 197 466 777 635 511 46 513 713 5 734 162 785 960 739 780 594 289 216 121 862 629 766 701 916 756 539 181 213 975 708 612 515 384 893 342 117 230 491 143 540 47 827 842 949 972 350 704 37 706 990 818 278 789 830 20 292 352 992 455 782 675 450 144 68 848 371 220 232 272 884 915 55 486 543 358 753 114 11 290 779 865 575 572 297 141 787 71 452 591 223 880 643 576 160 74 913 333 144 742 224 160 388 410 504 843 873 377 474 464 241 519 157 563 301 57 839 92 339 644 900 535 355 951 265 250 580 860 410 356 130 612 374 404 517 637 124 425 225 153 771 18 540 27 56 437 517 907 509 272 793 767 933 363 416 660 433 458 533 74 157 52 158 913 145 133 935 648 694 733 360 722 882 745 668 308
886 952 989 686 411 587 677 284 104 432 458 552 860 119 419 112 913 57 974 104 559 770 204 241 590 760 572 680 54 832 85 766 19 188 498 148 911 150 928 272 74 655 550 853 614 661 457 351 51 434 134 256 50 617 761 297 523 860 262 851 269 914 462 106 671 443 57 97 960 645 590 100 794 959 613 296 402 89 458 382 104 330 841 716 342 862 384 919 158 577 109 690 325 217 542 608 310 939 121 882 943 560 673 611 973 892 866 250 844 711 928 52 388 647 419 301 16 701 126 301 317 895 778 38 666 973 807 235 228 381 863 715 251 1 572 370 612 172 784 561 149 369 993 396 782 442 852 947 118 362 978 942 15 32 336 532 676 980 923 737 700 428 12 497 829 862 295 640 477 581 394 641 623 638 93 796 737 491 697 299 973 167 762 885 671 735 318 590 817 546 292 724 58 984 362 101 952 238 193 126 22 820 700 168 598 609 530 933 779 44 696 747 546 214 744 203 223 828 732 457 120 555 269 717 126 801 767 293 773 873 790 861 678 468 219 766 773 125 518 595 267 868 869 62 646 78 842 755 994 463 892 104 816 52 985 113 768 942 226 778 775 316 82 731 783 378 583 7 522 243 65 400 940 889 854 792 436 523 419 820 691 518 949 541 87 835 590 113 528 372 929 2 458 26 301 104 307 352 68 771 823 491 428 96 821 310 46 501 863 12 684 790 362 292 694 815 254 616 308 89 655 151 835 173 638 169 934 910 51 361 110 825 596 332 21 501 409 53 370 673 600 145 251 235 154 771 312 327 864 239 976 504 503 242 803 671 460 961 57 385 20 260 241 871 353 837 25 64 584 905 288 174 0 854 866 531 784 360 636 941 707 784 998 282 898 759 805 401 33 126 483 720 557 640 722 559 868 228 213 749 612 748 728 698 429 204 426 620 78 602 925 527 26 27 528 638 134 668 578 470 25 824 432 478 817 129 427 68 812 324 325 89 636 545 455 291 551 699 649 144 761 897 367 823 967 144 435 434 544 131 513 545 12 851 534 894 847 7 842 181 423 905 949 301 124 542 360 599 129 421 616 784 81 554 100 470 181 930 958 76 11 726 408 75 391 702 91 626 100 799 986 803 701 977 889 996 271 751 934 924
963 614 480 650 713 386 937 196 199 737 135 431 569 566 783 572 306 115 760 323 89 547 322 65 841 119 553 744 156 728 296 745 30 549 312 826 295 728 752 67 166 615 903 282 950 886 212 583 726 930 230 360 538 161 133 452 3 970 510 877 328 410 721 270 512 614 302 474 691 93 646 323 395 222 860 135 553 735 298 909 468 440 708 113 382 423 477 694 688 927 806 811 861 398 244 39 866 427 240 46 876 804 981 430 431 271 87 561 303 310 689 167 31 415 974 189 296 761 35 1 184 518 872 87 924 893 818 579 888 746 434 21 398 730 231 142 688 886 94 537 738 666 836 420 143 294 3 191 888 728 689 92 764 597 448 312 808 641 384 933 60 589 374 579 45 614 521 306 594 335 517 689 943 827 231 10 189 386 635 295 796 720 99 110 111 305 516 273 761 654 869 417 848 497 335 280 614 632 0 536 426 181 538 209 177 158 124 24 849 826 600 636 108 334 780 488 882 682 538 29 910 284 229 881 340 781 893 283 889 127 196 266 926 546 494 663 477 359 842 915 397 956 347 530 939 556 185 958 264 453 167 907 518 625 58 134 147 965 42 63 538 865 586 641 198 941 716 857 279 260 273 825 559 237 566 587 184 972 637 428 176 41 260 555 50 60 384 19 658 990 65 34 532 632 542 109 437 841 157 363 262 557 73 893 186 963 413 366 238 611 866 848 324 259 417 181 703 119 844 797 84 935 275 20 238 466 267 935 605 948 218 4 769 880 190 759 17 769 770 803 263 206 233 579 620 315 473 545 652 437 175 517 411 144 906 297 634 832 362 353 156 680 714 326 603 788 828 649 433 572 928 569 176 396 779 583 728 638 35 2 540 159 996 962 530 162 803 823 203 672 545 10 138 514 844 863 978 895 518 323 324 815 835 611 643 268 903 703 561 16 38 136 288 222 747 361 277 32 612 462 110 569 316 767 692 339 275 164 322 222 191 13 637 416 932 990 469 591 259 374 237 228 114 327 998 314 660 932 284 25 496 939 15 197 530 411 765 54 320 768 585 727 421 790 829 372 465 931 528 947 711 924 435 897 356 615 987 214 936 806 593 905 692 230 103 987 623 575 792 732 807 860 346 593 643 965 835 90 227 608
941 104 676 321 64 655 296 59 635 619 663 607 582 524 405 707 116 24 289 828 815 131 203 280 41 415 300 826 83 339 479 615 951 228 786 286 910 716 631 406 808 929 296 840 210 199 527 446 3 635 917 897 570 714 5 486 375 31 911 2 200 775 862 14 438 158 222 875 227 864 149 708 820 932 547 574 130 224 708 368 21 724 643 211 552 616 933 710 934 418 379 247 792 469 991 799 374 787 21 877 762 769 152 545 959 471 182 286 41 912 538 662 30 921 726 316 174 261 494 916 388 937 211 753 209 869 229 521 340 654 315 510 271 396 344 84 734 146 125 338 719 224 0 687 41 801 805 36 780 528 762 35 928 957 153 937 530 184 250 814 444 674 281 933 191 607 310 843 698 107 707 888 861 365 930 180 257 841 507 460 508 711 438 883 398 61 204 541 48 622 812 429 851 821 84 46 367 501 444 247 24 102 204 583 826 460 113 407 232 884 910 900 203 962 532 991 630 573 699 793 253 263 265 546 474 816 809 477 387 885 368 35 274 750 209 981 694 188 232 117 668 540 805 876 785 969 368 841 602 270 989 652 168 454 832 113 635 497 715 659 736 452 983 994 352 170 17 960 227 824 779 271 653 453 663 157 863 638 805 300 703 595 390 98 766 290 228 585 957 224 778 148 337 308 328 821 653 132 970 251 31 904 330 561 666 837 354 168 259 95 798 662 248 585 952 867 61 950 363 822 189 912 40 923 161 972 814 548 205 209 524 503 898 325 773 251 375 539 871 797 332 788 922 282 40 610 618 830 601 508 0 496 669 686 387 428 139 951 606 740 231 890 123 533 725 403 353 867 56 911 131 430 269 522 605 180 56 450 238 644 673 822 249 678 449 259 374 619 227 887 351 186 10 847 384 51 374 198 646 704 192 989 152 282 261 700 947 71 221 543 947 563 950 890 375 83 184 887 316 845 923 579 102 203 252 749 186 861 928 505 691 712 725 789 896 688 733 746 619 481 163 649 709 502 181 105 373 437 598 989 976 474 150 810 876 543 277 841 110 326 668 366 124 967 322 477 279 95 444 241 524 182 913 234 861 520 834 618 628 255 206 116 965 598 82 209 955 980 436 866 393 198 150 49 304 681 122 409 642 489
780 480 582 739 418 392 107 733 558 579 364 55 13 484 461 625 798 22 246 467 337 309 37 975 240 373 152 225 729 294 215 967 958 922 985 662 549 63 981 192 550 961 428 291 392 780 427 642 101 864 202 810 385 776 156 126 540 394 112 202 662 108 541 787 702 820 501 721 940 750 986 400 987 474 712 224 394 947 583 270 161 664 88 284 373 497 804 727 270 442 510 518 650 672 943 424 387 496 258 962 229 856 890 118 124 487 271 928 333 367 281 377 157 284 656 431 646 584 221 897 742 727 279 454 18 171 466 501 858 590 70 519 148 909 352 404 353 492 220 961 163 360 95 741 707 468 886 489 612 403 374 937 291 363 315 582 970 53 994 979 620 176 35 614 96 988 112 788 966 866 354 311 614 270 62 743 425 461 800 158 541 309 748 684 204 243 304 936 660 270 636 930 429 438 16 179 243 80 905 297 112 938 85 104 646 470 972 870 322 762 920 32 884 154 352 932 638 215 534 357 34 578 598 137 738 497 537 154 800 492 557 610 583 1 603 108 599 645 688 74 974 298 471 465 266 365 268 489 775 196 163 449 377 749 40 895 715 218 596 980 313 52 301 601 178 187 335 589 602 953 576 35 76 182 971 965 725 661 19 397 149 37 782 97 961 383 901 506 135 495 68 277 642 670 469 404 84 337 137 87 318 649 531 462 61 255 404 430 145 410 303 663 894 758 987 495 622 542 138 200 653 757 591 252 319 752 990 375 350 613 536 704 665 82 825 858 306 45 744 424 1 626 383 93 602 340 359 188 774 1 81 465 255 405 16 808 318 892 558 581 155 338 867 907 756 651 376 56 45 858 14 150 966 828 692 42 17 168 85 717 508 882 816 188 770 623 637 69 632 883 134 716 46 762 270 117 197 366 530 567 547 742 773 614 419 580 66 811 151 715 43 77 218 415 392 145 896 425 477 728 950 575 663 44 896 210 576 56 423 360 695 318 790 645 906 747 799 864 168 257 39 677 462 678 155 155 806 584 653 542 74 716 941 496 217 58 395 641 581 694 849 426 344 197 576 300 446 803 926 106 615 451 1 427 730 33 204 809 355 564 657 698 975 815 459 534 775 897 357 604 766 985 873 474 652 385 332 409 735 900
505 669 597 95 495 331 949 891 465 832 928 271 208 284 785 28 606 727 113 956 904 100 515 364 669 522 32 286 81 602 51 296 811 963 730 965 204 22 843 196 20 117 456 316 156 404 596 493 199 500 240 639 841 646 999 663 149 331 451 345 231 776 575 657 303 152 708 177 898 137 66 340 838 351 516 254 772 359 742 269 515 153 103 296 230 852 907 949 213 68 52 114 20 105 271 53 738 562 245 506 135 37 403 307 139 579 178 867 784 717 644 845 950 759 526 673 281 117 500 943 813 247 593 110 622 373 610 174 9 246 546 704 135 345 931 553 65 626 128 939 23 518 927 825 771 843 615 82 138 111 568 740 644 678 238 100 166 576 85 249 743 334 786 123 505 968 493 589 240 826 828 232 470 975 401 725 624 587 292 623 133 271 27 738 545 348 747 122 566 349 902 237 765 648 825 58 594 228 609 331 134 316 623 544 893 297 25 420 576 636 457 999 193 569 157 782 821 352 233 7 422 656 28 45 306 770 672 288 883 919 900 681 574 477 664 820 851 414 952 936 93 885 827 973 123 916 770 340 966 924 533 236 295 108 495 745 459 467 840 296 744 272 788 495 209 93 649 366 575 668 147 663 173 142 348 857 775 14 956 395 695 360 344 54 554 308 0 289 519 764 457 763 176 919 550 852 278 710 500 913 576 336 566 125 368 921 964 690 780 701 956 12 915 971 695 562 475 776 537 95 851 937 318 658 144 429 256 3 951 66 21 320 125 51 2 758 659 656 134 127 772 42 759 786 555 289 776 686 923 636 627 997 549 373 946 829 315 371 204 28 151 560 302 8 35 784 12 716 895 337 50 232 603 892 575 444 981 555 629 574 289 502 614 505 535 82 454 58 988 356 696 941 282 628 101 372 292 58 545 926 588 653 119 746 689 519 282 15 133 178 267 842 272 12 860 61 472 869 820 432 470 926 100 592 276 367 782 498 170 20 836 995 855 187 685 763 693 680 999 777 988 257 428 51 562 630 865 235 1 602 110 61 987 293 239 215 70 848 135 796 408 3 877 835 845 230 868 796 215 558 33 313 956 254 884 269 272 639 481 248 400 634 722 406 220 318 809 813 991 711 601 375 884 268 955 768 1 846 444 601
891 789 699 179 952 271 474 802 963 281 344 149 530 208 234 172 432 660 267 65 603 103 803 134 88 174 883 601 967 986 551 906 198 62 600 140 896 195 391 278 664 198 604 601 599 73 463 541 59 750 259 554 713 610 151 898 434 42 106 551 766 934 753 456 955 280 260 898 644 521 621 966 73 445 41 609 746 916 211 3 155 859 211 181 464 95 49 589 970 868 884 701 555 183 796 116 134 106 772 450 887 817 388 882 914 601 634 479 275 353 839 451 412 531 880 582 124 671 49 178 675 806 607 88 873 351 167 349 140 937 906 778 524 951 0 226 251 223 387 624 159 59 889 235 853 631 482 341 12 51 720 931 950 9 606 280 339 446 715 295 831 292 963 593 621 750 517 467 828 366 846 708 258 210 490 485 300 36 210 920 67 548 402 660 231 850 213 56 586 516 158 623 535 374 684 872 858 983 207 506 24 630 22 412 885 807 629 609 113 718 246 215 430 471 276 930 953 175 813 198 966 703 397 909 801 828 590 394 459 953 988 427 222 885 278 99 446 318 239 40 333 996 615 413 4 353 231 932 98 7 242 690 948 329 4 79 181 138 31 12 876 763 3 294 310 501 503 397 766 783 344 779 624 424 672 720 746 414 554 651 409 295 923 273 786 994 639 171 602 207 54 816 694 674 891 733 499 625 585 907 187 150 22 383 67 203 770 70 834 736 479 910 73 35 450 743 132 520 291 421 411 340 70 275 384 146 951 253 377 975 186 320 364 701 501 806 130 257 21 144 398 663 190 825 239 345 876 883 46 561 325 814 287 29 227 978 157 962 409 885 452 729 537 605 807 758 359 44 574 611 749 459 388 718 806 766 669 258 3 873 846 154 265 730 945 442 855 480 153 209 351 184 281 264 387 221 765 827 179 127 135 39 116 663 405 790 899 495 365 638 656 360 470 627 732 945 255 930 152 71 87 396 494 368 481 928 554 630 519 620 931 381 176 356 48 967 117 155 703 100 796 920 820 776 673 249 813 580 723 710 534 878 433 773 922 772 541 841 768 412 576 195 166 345 685 59 66 706 659 350 387 571 780 469 890 712 260 83 604 766 198 515 10 341 841 295 942 898 907 478 428 732 392 532 654 110 775 335 220 633
231 543 964 423 808 395 437 825 303 679 357 332 576 355 992 691 595 149 901 637 342 613 60 470 537 447 550 502 310 987 84 234 248 225 860 519 834 588 76 523 392 287 528 563 2 69 831 131 68 105 754 506 9 764 798 56 933 129 851 736 523 299 156 69 242 297 675 829 603 787 50 88 64 884 893 956 174 1 511 466 945 603 760 309 234 731 779 758 648 72 967 544 795 43 920 283 445 919 729 800 78 793 619 862 340 508 120 980 882 937 355 606 301 33 478 656 222 401 18 521 688 159 990 702 618 954 389 719 227 886 483 118 668 785 294 597 292 821 779 116 884 30 3 914 611 831 634 399 789 247 579 907 775 748 627 850 356 902 329 642 79 444 577 467 182 897 486 422 526 889 961 116 303 408 630 512 171 167 837 801 919 487 309 518 948 920 212 29 761 517 25 406 961 340 416 22 647 664 875 642 40 434 465 956 597 247 621 542 256 156 757 291 508 916 886 595 584 239 979 52 803 646 775 924 871 66 562 729 69 334 259 199 968 2 30 267 212 190 386 278 82 844 847 35 903 792 877 852 665 122 829 701 422 110 77 448 606 215 746 193 995 395 16 724 791 10 1 212 940 869 540 4 317 370 271 352 586 612 803 465 528 97 287 389 871 411 764 834 833 104 0 992 927 804 226 750 991 543 612 785 471 131 892 71 2 693 850 883 540 859 922 56 97 79 770 514 353 59 87 796 933 804 636 372 459 203 462 19 690 308 825 657 36 512 669 63 691 455 7 920 245 180 937 453 566 63 573 343 278 649 747 203 635 333 483 460 886 190 785 591 914 128 697 718 990 642 389 726 125 500 977 652 958 308 574 649 850 314 236 935 731 442 28 651 696 406 793 173 375 313 626 57 409 585 981 706 472 820 496 432 714 20 203 464 57 580 312 967 511 717 174 598 538 283 840 872 947 75 419 636 992 24 435 949 955 958 575 231 222 163 628 736 72 490 947 964 86 590 428 949 883 675 778 347 63 472 604 191 850 545 513 657 715 526 154 234 725 351 777 789 31 694 632 732 222 152 636 238 376 698 218 457 449 93 943 292 796 487 441 81 620 739 829 120 625 154 776 958 211 675 142 389 908 595 955 86 245 87 757 692
834 818 228 780 863 367 642 699 22 900 136 290 793 687 813 852 818 368 332 870 195 808 357 258 219 628 236 425 411 431 150 798 105 480 599 710 76 293 751 475 745 693 663 205 766 108 186 810 546 476 683 42 958 884 604 269 731 711 922 754 706 550 50 629 527 58 271 700 729 65 486 92 53 699 93 552 287 275 440 452 790 324 38 119 899 687 985 954 665 52 811 869 707 979 859 878 24 519 105 563 712 952 704 675 760 695 217 981 62 209 226 431 806 872 788 659 561 28 326 911 35 474 123 87 688 356 977 548 197 785 92 742 805 979 880 323 735 657 524 705 28 558 776 132 303 912 284 32 92 933 407 301 300 284 913 931 573 209 730 517 166 75 470 843 510 914 585 451 477 879 612 396 137 462 296 282 866 493 366 932 14 48 343 385 186 552 181 926 228 147 928 797 614 916 19 157 325 901 65 431 798 935 136 709 951 90 359 735 255 1 52 340 837 788 473 460 336 213 837 346 216 91 457 263 761 946 45 79 993 429 465 903 313 788 677 611 832 287 345 442 267 286 307 417 465 266 164 50 865 131 438 341 361 905 389 503 32 111 605 655 362 468 886 845 152 117 81 613 966 581 566 239 628 535 194 564 72 304 271 88 749 243 627 444 618 189 32 129 614 985 558 476 622 886 829 993 509 959 142 720 151 666 899 772 809 702 582 449 905 101 438 255 737 178 216 258 719 548 73 9 687 214 315 914 354 274 732 924 886 379 36 56 926 510 544 612 966 734 829 862 930 140 942 225 140 634 134 148 443 300 706 997 745 871 299 141 606 659 822 606 253 65 120 84 735 895 251 349 437 719 687 266 696 654 261 624 632 344 214 966 890 369 906 902 257 662 948 151 246 128 114 94 941 526 465 406 157 114 205 517 451 73 88 50 679 380 706 245 827 818 173 122 319 763 57 538 208 344 667 178 805 598 97 515 495 104 130 868 552 339 914 100 517 970 229 39 259 519 546 20 406 625 506 186 541 892 90 645 328 737 798 340 294 995 495 634 711 490 604 551 431 103 933 519 816 406 684 918 84 80 594 879 613 41 426 95 637 897 958 679 367 292 104 790 32 34 383 103 595 218 668 513 666 925 509 878 51 86 889 59
26 178 522 423 171 653 632 858 644 87 78 883 109 313 674 489 428 535 835 791 756 100 659 843 752 600 25 20 892 777 66 736 780 770 398 804 240 279 818 935 830 383 337 441 147 522 270 207 536 175 289 503 872 530 942 824 902 819 505 597 238 443 523 157 798 656 193 880 62 668 268 979 701 514 22 228 585 827 854 893 923 17 896 399 74 867 185 757 843 736 190 565 236 266 494 509 119 273 19 187 999 231 623 221 546 444 732 468 870 183 851 650 544 817 767 5 353 448 826 528 105 331 536 304 979 240 845 165 849 233 805 555 451 481 399 240 811 637 946 466 994 871 411 243 330 802 223 713 708 913 538 364 916 497 368 821 658 614 619 775 506 648 117 919 367 61 34 979 309 469 732 584 35 535 570 204 838 657 510 496 918 857 864 636 814 58 497 123 263 941 103 462 309 259 976 199 963 866 854 970 459 55 148 130 422 884 427 357 98 37 291 302 90 556 508 624 384 120 170 797 542 518 438 221 685 454 192 730 431 163 948 288 501 570 766 394 630 96 51 409 487 48 827 418 49 29 590 111 921 610 668 315 920 58 473 620 293 191 259 650 364 886 45 647 697 310 759 530 448 142 456 683 395 853 235 734 590 46 661 829 777 207 219 860 454 406 683 919 912 333 674 318 603 864 806 226 174 857 588 949 679 645 100 748 676 860 110 866 186 991 57 382 773 255 202 163 420 103 540 276 837 292 203 876 286 838 73 960 170 73 136 156 41 98 365 480 392 765 633 870 548 893 317 299 65 398 900 710 623 347 265 69 367 791 653 383 654 230 354 294 841 695 708 808 282 530 364 997 837 437 354 400 75 141 732 268 431 923 479 252 367 948 183 79 914 43 787 833 235 483 158 274 850 854 57 404 223 73 929 947 699 55 213 334 181 221 689 505 992 362 735 727 411 777 9 842 691 355 373 656 413 373 98 661 602 200 856 48 138 430 225 459 859 301 808 902 260 928 497 144 935 752 504 256 376 898 652 776 123 905 337 769 195 781 607 373 456 821 657 303 410 949 751 175 509 593 539 987 633 991 427 930 152 899 233 773 963 759 620 696 340 149 42 732 166 296 945 855 357 128 369 1 957 306 647 554 128 400 301 103
903 478 273 528 331 250 846 320 491 878 30 34 768 212 401 844 84 664 600 171 931 327 304 598 479 148 187 147 745 733 915 349 668 124 585 914 96 190 489 77 9 269 325 953 336 233 688 974 573 968 724 55 336 404 838 343 979 874 182 975 683 24 75 593 21 84 457 866 63 634 699 590 771 585 671 954 286 781 471 280 545 321 254 409 202 875 1 998 309 801 402 841 130 618 638 163 775 279 789 581 981 893 196 220 479 803 344 653 843 386 113 69 399 943 625 266 73 829 876 800 792 31 517 315 208 643 382 228 778 69 13 258 194 562 532 132 610 134 258 336 538 126 261 484 405 734 12 696 348 51 741 724 647 788 530 818 719 927 106 114 789 844 698 960 571 576 892 46 914 543 609 752 21 721 882 485 437 858 93 398 818 382 799 238 312 118 604 287 487 213 954 370 90 533 359 712 280 43 910 953 363 24 644 933 208 756 389 945 544 753 819 581 467 502 275 847 58 550 623 853 542 872 116 58 690 946 943 450 607 141 846 674 356 890 311 813 491 452 875 546 720 784 65 320 39 527 983 706 973 44 142 523 409 170 849 699 856 773 234 608 879 282 975 350 819 886 522 609 227 399 895 951 183 685 179 455 188 89 704 996 307 854 258 379 842 536 85 914 680 301 520 173 922 896 729 481 835 238 569 101 239 876 563 815 201 465 316 175 758 187 258 656 954 7 529 959 53 81 484 873 440 267 433 857 522 12 555 56 655 978 435 666 273 102 236 584 811 553 648 950 399 376 599 931 734 580 686 878 478 328 891 953 808 823 282 670 214 386 754 394 314 677 697 243 940 676 719 256 229 700 613 734 363 794 628 905 748 761 300 513 639 740 177 478 698 25 592 710 370 961 125 609 109 383 967 609 613 513 978 455 668 951 435 601 956 749 519 763 385 227 175 727 472 787 516 690 941 820 113 803 543 448 899 200 510 942 710 801 954 252 420 617 148 612 792 18 288 603 13 328 204 892 409 489 582 608 706 604 794 217 812 145 853 458 637 980 37 21 759 794 44 888 250 786 209 290 494 173 219 122 115 893 517 858 973 236 946 965 542 525 460 812 587 944 646 723 29 981 279 868 242 468 772 461 294 785 402 106 233 199
64 440 848 31 360 713 281 508 365 573 38 675 357 612 97 118 174 619 621 559 140 520 135 950 682 772 978 909 213 425 772 786 102 23 848 554 947 456 928 969 609 796 908 575 378 356 186 950 766 997 202 884 454 127 356 995 42 979 861 151 674 461 274 629 426 304 719 494 473 183 662 730 774 525 500 989 245 301 936 213 706 65 595 504 730 465 694 916 169 838 699 697 152 392 938 763 551 486 818 505 825 579 47 509 511 190 415 777 58 41 211 998 283 435 378 477 459 608 964 434 663 9 44 22 303 474 151 59 805 742 875 479 341 84 427 929 799 224 557 646 794 991 250 244 656 92 717 134 16 755 731 903 200 727 815 468 976 76 266 545 910 512 148 796 106 771 767 492 11 466 310 192 587 825 924 24 244 494 788 72 514 258 748 88 33 5 746 549 688 271 999 251 149 621 102 493 515 448 752 802 330 134 466 298 373 27 358 81 72 49 265 547 165 566 394 391 554 498 819 888 788 25 644 165 855 361 177 803 214 207 371 223 623 227 781 817 95 999 388 124 888 516 338 962 832 793 847 143 373 965 73 954 929 978 444 590 345 395 77 765 347 242 196 709 700 470 58 504 461 129 449 389 426 704 409 155 815 247 950 176 868 534 541 359 445 225 432 451 197 951 968 338 132 687 214 330 430 678 208 710 403 9 412 923 1 957 990 136 423 110 637 912 132 918 618 196 857 633 915 297 411 446 667 688 543 914 381 158 538 317 820 284 833 393 716 804 537 664 334 128 823 56 342 76 590 829 273 200 0 783 305 423 353 394 198 787 359 915 480 835 130 759 4 502 452 772 348 377 751 21 406 923 244 447 901 143 883 660 613 941 117 349 623 868 840 676 83 68 458 201 452 840 820 342 290 602 305 481 919 633 449 348 972 63 682 465 109 176 90 582 550 795 611 679 416 206 262 188 726 746 884 459 571 828 969 509 285 82 610 296 451 458 110 286 270 283 622 781 513 816 795 28 471 314 120 76 255 80 989 76 618 411 722 4 431 927 433 622 912 186 159 671 548 258 547 259 760 499 423 68 530 414 248 86 631 556 823 432 838 90 242 128 980 100 739 671 292 772 839 829 523 807 812 241 148 813 946 636 488 506
722 885 828 835 579 169 508 692 125 452 366 800 59 584 42 787 400 268 428 324 463 563 201 685 814 53 137 839 147 190 368 565 552 799 244 784 640 770 773 774 874 310 777 485 865 45 330 740 632 299 883 93 344 878 964 637 993 753 66 918 904 27 773 337 177 835 521 697 944 317 115 298 312 972 999 609 740 316 917 128 980 946 663 853 644 154 983 344 910 453 708 828 880 780 716 477 734 660 43 959 862 273 43 640 365 939 457 335 82 533 920 316 995 470 955 945 692 688 413 632 242 893 387 638 862 897 713 56 694 363 844 570 597 121 717 762 447 791 676 201 44 777 981 13 144 349 910 728 941 703 86 804 380 826 392 836 952 591 96 794 109 131 238 245 336 991 487 263 735 532 753 442 197 883 344 762 564 637 94 190 88 529 302 821 722 939 31 36 616 868 733 908 220 478 275 136 384 665 608 667 955 618 431 715 739 384 984 464 790 337 143 891 495 461 660 678 734 207 705 339 843 288 818 703 146 156 60 636 708 922 432 160 495 487 580 745 885 765 730 144 118 16 28 273 978 253 109 531 629 272 631 331 237 443 655 434 768 785 629 724 105 265 688 543 159 443 272 285 228 829 902 76 118 188 561 937 322 179 929 933 138 909 989 569 352 165 255 547 694 144 939 392 349 921 35 245 192 164 237 807 119 647 153 844 518 974 797 164 948 749 677 83 667 987 570 353 589 456 332 374 438 624 798 788 69 533 197 254 476 619 968 551 921 300 586 341 762 149 408 466 112 483 964 103 370 457 17 348 714 583 669 620 60 221 206 642 679 436 874 562 292 401 111 992 245 703 488 395 476 511 348 22 503 943 105 225 622 798 395 346 56 750 147 481 842 211 616 503 891 671 691 856 508 391 724 823 42 670 699 764 583 629 47 928 164 815 730 863 32 814 252 756 929 922 976 475 618 518 866 681 835 754 772 919 171 35 272 519 656 740 256 781 620 487 949 39 922 626 812 535 787 30 441 730 121 67 527 791 516 242 1 186 471 398 402 725 699 419 802 166 828 752 994 343 820 167 161 990 15 29 730 265 855 639 207 220 866 980 681 263 176 20 958 690 961 362 871 318 525 300 830 627 776 461 335 541 339 482 354 309
609 374 287 823 63 438 646 205 173 285 564 345 595 533 989 464 765 294 519 183 477 172 407 335 144 933 818 682 802 264 190 18 39 471 783 635 346 93 952 123 502 834 514 884 46 160 638 232 733 128 449 412 360 62 897 883 839 995 859 12 804 935 730 886 557 455 348 692 470 125 16 499 270 611 167 342 825 81 601 153 680 62 214 334 448 737 624 172 887 151 241 374 626 233 253 922 576 980 587 712 792 486 275 367 796 226 663 201 221 881 313 375 317 82 716 667 444 379 109 763 308 7 855 624 988 199 955 690 790 183 361 169 398 873 797 120 582 44 36 39 826 181 773 381 575 552 755 753 535 500 375 716 81 685 338 376 434 707 501 58 184 945 563 783 829 415 457 875 468 193 948 730 49 812 136 891 642 525 549 114 50 425 534 51 548 704 750 987 434 674 344 654 312 175 479 21 705 586 875 917 603 800 214 208 906 225 772 839 561 161 259 565 119 796 450 294 113 569 54 510 222 179 600 624 815 120 226 75 435 637 825 244 664 461 215 33 767 651 256 180 634 410 515 48 522 405 811 301 640 449 416 805 108 683 288 724 734 937 513 146 249 152 298 254 967 462 763 907 103 733 838 67 707 223 566 290 684 375 324 895 613 271 443 872 598 106 251 283 552 582 125 409 635 391 937 972 259 286 143 800 65 195 556 172 862 92 166 99 904 398 26 612 28 591 22 655 854 657 375 45 938 159 240 164 405 299 411 462 55 263 781 496 690 577 514 139 222 856 731 60 903 2 368 233 680 685 720 91 373 10 678 314 603 741 376 548 631 307 153 373 62 55 552 891 386 19 366 802 331 434 22 442 557 105 520 315 783 264 51 576 407 144 845 731 699 236 534 367 162 532 747 825 292 200 498 188 1 482 486 308 253 308 786 307 478 85 82 666 693 500 818 1 567 86 80 628 531 212 763 861 579 326 260 158 351 317 406 905 647 815 57 221 651 677 571 458 828 878 886 758 755 249 60 759 765 771 844 898 359 193 448 259 779 871 629 463 715 705 138 348 876 41 689 720 629 391 654 398 948 435 240 979 116 938 54 689 51 922 991 337 273 946 694 824 268 485 251 463 976 595 560 468 421 892 657 834 213 528 346 73
479 706 461 629 609 179 947 711 679 675 395 948 422 508 604 508 848 900 2 278 725 452 854 30 382 236 395 862 189 648 370 815 584 500 524 209 612 942 888 142 568 548 678 645 109 699 712 671 684 509 604 385 215 388 334 564 712 618 45 988 48 900 820 370 426 261 265 88 330 363 552 157 312 349 153 209 571 335 102 462 490 533 449 205 793 523 68 264 865 285 464 75 299 914 721 328 950 288 846 681 17 642 60 164 322 49 890 274 575 321 808 55 910 251 466 643 668 43 968 954 716 539 886 881 803 403 556 84 273 217 893 789 924 400 908 627 427 232 772 968 517 360 28 824 223 209 334 789 622 742 179 203 137 651 394 658 463 867 310 290 578 223 768 559 800 323 723 283 4 173 123 634 881 676 389 951 803 727 532 470 129 585 391 33 531 410 64 209 166 112 838 853 794 844 725 999 186 625 373 342 892 158 528 762 578 980 482 24 938 877 961 104 83 821 5 572 646 339 559 859 598 157 4 997 51 351 21 656 24 11 634 271 154 449 837 136 447 500 237 442 891 847 85 511 721 871 591 363 844 817 108 251 198 951 426 149 29 600 200 844 580 120 180 813 100 739 341 182 184 688 567 353 27 892 763 897 667 540 128 627 861 995 857 777 367 456 601 509 406 274 926 201 308 264 268 555 370 299 127 903 633 553 709 117 122 456 283 424 231 593 492 310 610 981 857 9 308 931 123 740 428 691 743 467 883 614 84 18 969 588 232 768 43 703 74 684 55 551 104 936 802 996 38 919 387 690 662 368 830 270 50 244 443 561 298 839 954 744 296 257 509 657 516 481 5 113 179 829 29 974 320 738 945 382 53 917 204 727 887 483 42 455 369 364 890 984 644 846 937 653 883 724 554 70 481 838 317 463 904 922 655 164 361 476 70 487 685 703 886 703 128 476 928 291 283 246 122 91 933 561 67 487 721 365 552 890 823 723 998 219 542 881 757 672 54 586 366 908 621 327 6 510 728 894 687 470 619 522 45 43 142 669 88 553 186 288 991 5 846 736 157 849 90 258 298 923 877 434 352 711 375 52 358 88 894 664 51 478 813 489 615 842 482 536 328 870 245 668 658 315 38 246 976 309 301 887 58 767 902 114
765 231 901 609 156 74 560 634 87 936 912 585 47 492 268 91 0 591 498 681 441 855 53 541 687 518 143 289 548 636 436 868 190 28 227 759 302 26 194 807 590 951 172 218 913 627 102 517 634 857 180 755 565 362 594 811 429 733 799 5 124 930 777 791 576 837 630 817 807 988 240 84 441 986 120 202 801 953 684 83 671 436 509 535 230 56 271 425 967 330 45 591 490 15 567 920 50 947 384 527 779 911 100 824 131 224 266 952 229 984 79 725 155 999 423 602 10 844 832 256 342 112 72 946 903 5 104 56 560 547 313 132 937 630 983 186 285 42 188 909 391 471 200 878 910 825 308 764 495 443 924 784 346 485 925 197 62 296 839 753 96 48 679 754 856 318 966 177 677 223 492 126 746 877 599 577 89 12 722 322 650 804 189 676 301 61 137 736 676 236 403 412 671 769 234 709 858 858 173 50 862 86 146 535 915 338 298 243 793 981 233 807 438 722 396 300 737 975 863 691 685 80 215 351 741 934 746 255 314 905 827 880 713 776 527 721 954 170 591 106 579 47 433 623 109 257 491 115 645 603 797 649 687 525 121 48 678 868 350 524 806 633 529 312 149 701 767 933 327 652 980 310 126 300 394 188 339 178 401 954 870 108 793 73 878 929 165 313 706 309 686 67 74 567 220 237 951 841 238 893 410 780 412 439 124 713 751 331 455 662 563 483 370 290 37 855 113 305 84 395 515 43 20 241 80 907 153 20 397 768 56 43 133 905 69 307 536 362 266 811 685 92 998 236 298 158 756 267 271 224 605 609 574 151 526 315 825 688 616 286 737 807 320 923 684 231 463 979 796 553 540 426 289 736 694 776 37 652 639 676 728 226 142 981 849 31 373 22 890 421 619 617 498 460 768 945 14 837 43 135 943 344 168 254 744 818 573 69 51 215 575 454 258 558 25 773 688 728 959 565 533 60 366 561 781 869 230 578 288 449 692 537 823 226 457 214 153 882 207 302 827 372 388 816 782 124 796 466 229 957 458 337 125 266 792 388 127 685 125 568 643 357 803 58 119 38 976 958 407 388 199 729 670 11 100 829 540 466 840 519 950 384 193 698 995 832 715 961 31 342 988 990 397 941 511 910 145 305 983 488
821 910 198 516 238 704 690 359 371 539 79 758 365 151 907 438 992 945 967 286 117 759 107 179 852 956 955 854 667 535 174 896 636 588 945 264 685 321 286 619 202 978 508 84 250 582 32 754 251 470 336 772 709 664 266 314 13 822 33 881 351 299 86 650 148 113 735 608 657 46 741 239 566 380 200 84 33 903 74 345 470 462 239 912 508 528 369 747 787 521 29 154 32 848 27 266 715 75 371 430 247 792 832 905 368 404 275 164 927 779 97 776 360 653 79 675 560 500 550 194 325 890 191 904 199 376 677 668 288 525 452 893 680 584 255 790 393 140 460 620 618 935 388 185 787 885 462 231 42 71 521 996 663 907 615 84 230 179 808 515 42 795 696 423 556 291 425 626 45 655 757 497 125 351 222 918 850 510 509 11 839 638 540 423 338 689 622 557 801 690 268 454 172 636 633 500 917 664 84 966 169 357 908 997 226 186 161 623 388 685 97 161 33 533 869 58 75 144 888 86 65 187 527 376 410 783 468 140 86 569 74 348 653 198 293 876 381 719 185 617 590 454 239 315 601 457 340 645 631 284 771 204 658 479 552 317 607 806 219 339 290 69 255 877 255 517 848 110 989 160 259 340 706 305 218 904 169 686 147 784 74 389 649 502 549 506 269 129 731 981 614 52 811 680 124 926 984 986 401 693 48 52 741 297 624 648 354 777 218 392 361 872 596 842 565 173 278 572 689 868 569 984 203 372 555 486 587 988 23 861 146 728 731 527 589 349 45 513 432 645 639 900 307 790 716 938 875 588 534 109 466 99 269 221 587 361 977 989 1 797 429 117 320 277 655 212 622 269 53 49 679 438 965 825 403 561 146 397 250 140 621 925 503 252 32 154 894 706 995 223 119 944 372 20 757 381 464 613 928 452 899 435 624 13 401 302 744 16 45 208 908 860 754 141 451 648 749 148 175 616 427 255 851 618 746 751 192 122 353 543 86 161 293 752 735 726 616 258 148 286 165 899 508 580 979 164 68 639 338 510 70 74 308 266 755 498 517 905 914 386 492 839 192 465 676 641 227 711 668 263 826 193 196 770 801 293 252 203 490 908 184 188 889 129 195 118 379 736 427 399 971 286 254 921 388 430 214 832 387 163
25 169 8 997 142 635 823 426 962 721 460 24 62 872 189 66 237 795 389 56 332 411 849 921 773 783 725 805 147 558 326 151 608 382 536 53 877 598 944 986 896 433 627 345 61 135 894 261 134 640 899 680 544 615 66 185 182 765 241 89 704 948 133 551 894 249 99 253 704 42 243 765 140 637 671 405 209 103 305 721 447 132 127 679 196 855 636 176 734 159 563 425 628 826 821 78 184 572 47 886 591 372 873 695 722 693 46 316 953 489 573 7 442 73 133 589 199 324 246 212 328 217 215 17 605 694 310 398 703 355 440 316 770 919 634 993 716 128 351 993 934 263 358 761 92 618 35 801 384 268 838 180 212 448 3 503 422 316 829 13 482 20 486 965 422 579 629 660 511 308 481 68 181 387 404 603 615 658 945 783 527 32 126 709 453 577 166 681 127 403 222 622 427 368 339 448 535 819 163 562 475 449 933 844 396 657 166 151 37 823 192 866 244 952 322 989 420 112 306 497 157 997 814 153 90 261 823 18 294 910 279 167 73 511 160 355 287 203 804 159 601 114 593 110 932 718 999 556 764 303 932 350 929 979 244 487 24 290 565 649 469 35 945 483 107 619 436 384 373 713 297 441 230 144 916 955 460 724 145 863 455 228 54 261 885 712 678 981 191 180 514 406 879 869 491 193 545 998 597 996 858 840 876 345 206 48 672 699 299 397 996 630 67 325 660 628 843 721 369 346 324 680 507 536 187 827 968 197 345 870 850 442 231 795 102 195 795 136 561 240 804 508 15 798 976 336 670 255 751 114 623 653 880 34 171 704 503 229 5 201 52 843 880 114 511 224 558 734 248 809 928 232 102 746 668 961 362 423 578 427 317 88 731 75 305 433 278 933 489 867 269 423 634 360 122 593 402 436 709 649 942 352 960 726 479 73 535 822 63 507 679 422 410 421 575 768 451 734 413 49 696 785 813 430 85 7 520 94 118 344 402 528 617 225 553 706 661 64 461 868 988 559 126 380 544 81 731 988 723 941 132 399 738 635 431 446 182 671 825 838 506 600 504 344 820 791 660 195 635 473 2 886 38 943 890 171 251 837 641 856 571 853 748 551 917 676 670 677 989 820 797 960 875 985 289 898 518 454 869 447
581 632 787 237 502 68 347 23 621 748 839 814 6 826 120 514 475 550 902 194 927 564 838 306 954 66 629 313 460 972 160 316 586 63 348 414 635 880 219 663 817 163 179 287 79 311 644 878 16 656 16 394 677 781 272 101 891 445 356 223 388 250 378 364 661 344 88 756 548 63 689 582 35 941 257 267 122 181 802 79 716 1 884 89 586 560 148 801 200 20 992 783 120 689 478 9 268 219 579 841 378 517 225 181 175 738 646 225 945 227 642 512 506 72 171 348 637 926 658 943 843 265 819 320 299 809 379 925 569 796 917 838 987 386 57 870 216 129 822 715 715 327 582 18 961 407 559 426 934 628 656 363 787 812 0 676 688 786 895 376 633 414 649 734 607 563 816 664 616 48 501 442 165 645 844 793 119 858 434 802 75 401 11 38 672 332 273 560 674 833 222 10 542 816 591 241 139 750 410 296 717 449 342 725 862 952 723 384 732 675 921 600 798 223 986 999 4 865 261 85 439 160 67 231 836 947 424 186 620 209 928 117 929 624 794 346 39 220 258 146 36 746 733 157 272 422 926 486 586 69 172 487 916 734 645 805 405 110 901 430 556 955 195 114 919 770 206 118 833 24 82 144 199 360 484 533 950 886 375 69 816 466 411 62 17 199 790 993 439 9 916 553 798 963 605 675 605 885 15 61 824 626 899 298 649 260 927 198 519 485 939 311 333 226 59 893 676 942 714 327 470 776 932 259 779 489 747 565 7 535 196 861 561 597 480 708 771 646 532 562 28 976 139 221 535 787 244 327 436 194 773 52 111 759 986 390 821 855 767 884 103 994 163 272 157 688 496 489 809 14 691 228 459 463 341 931 319 171 111 452 177 691 129 760 597 399 960 834 917 487 192 818 442 312 541 676 224 983 323 671 590 440 393 883 967 134 185 499 619 463 313 861 309 638 933 204 25 506 934 905 867 969 141 800 583 14 919 220 819 26 471 91 50 873 499 806 619 545 568 876 240 490 933 380 72 200 604 742 866 470 525 586 603 823 570 754 238 542 201 478 403 733 961 840 569 266 310 72 400 753 825 285 173 9 679 25 14 806 633 620 809 417 293 782 46 68 496 233 265 249 376 996 380 21 445 396 108 467 946 815
831 76 37 524 344 742 789 658 934 676 458 305 858 355 963 464 205 532 545 144 921 593 956 72 391 924 770 16 202 224 307 392 174 471 314 288 997 36 496 630 485 357 31 609 806 739 848 576 94 653 290 751 38 542 207 662 902 797 879 669 373 967 226 762 194 407 7 787 388 82 700 21 957 15 42 420 188 924 428 146 134 570 330 612 281 545 169 52 969 204 933 614 199 816 110 518 427 556 593 659 915 460 406 880 60 443 462 883 884 938 688 224 161 973 647 7 98 916 153 716 835 35 673 162 519 289 860 316 321 224 851 351 492 972 986 949 959 170 368 32 126 287 299 99 431 258 550 245 564 703 51 665 950 597 805 424 397 138 811 495 503 14 246 280 855 217 376 158 355 778 942 713 859 273 457 118 642 930 131 949 146 710 422 583 516 581 233 737 651 144 253 168 369 208 681 657 458 571 191 236 779 514 412 55 787 153 462 130 124 635 565 949 927 293 94 512 392 45 991 517 81 47 737 226 381 69 982 485 407 245 465 150 467 939 97 913 635 935 526 220 536 614 778 774 470 39 648 426 178 831 468 698 634 100 453 614 373 852 164 675 981 311 803 788 317 37 951 85 11 492 584 484 148 182 518 494 405 55 463 761 293 459 633 185 759 690 653 793 729 518 452 868 255 123 50 170 279 808 758 930 423 207 350 667 273 72 534 141 605 210 325 520 596 31 25 217 228 154 454 773 87 334 862 465 516 209 476 828 319 749 595 190 817 915 238 889 403 43 385 235 910 92 810 176 778 394 18 734 732 862 705 308 702 136 563 354 207 48 519 939 187 877 692 518 461 708 559 106 663 517 194 141 573 224 622 73 728 38 509 16 621 640 917 392 959 625 224 683 774 7 355 635 499 101 318 725 159 368 482 473 583 528 483 121 242 93 512 411 514 678 178 39 214 707 177 579 214 522 711 383 877 156 297 448 565 16 566 816 865 360 845 304 750 567 60 836 370 677 854 643 872 290 472 617 977 440 38 409 979 596 169 183 648 10 682 411 198 436 499 200 899 795 326 202 560 884 677 727 486 377 313 901 178 896 619 562 770 750 912 165 354 12 966 480 649 196 490 556 604 1 937 942 494 628 64 823 524 309 485 306
352 663 630 134 745 634 257 430 909 633 707 176 567 643 92 775 998 595 782 550 961 857 440 317 979 515 256 921 293 536 444 184 527 552 794 371 367 612 732 451 713 156 511 611 421 255 608 983 672 608 780 130 400 745 609 235 624 141 503 691 455 440 71 291 136 60 208 35 709 59 737 602 127 746 463 969 502 853 249 531 839 730 208 912 603 865 703 583 513 494 600 576 424 904 755 87 40 257 458 219 230 403 495 399 885 530 880 494 921 644 879 687 972 77 54 193 26 480 355 931 145 869 175 754 578 664 459 433 148 416 747 860 552 136 437 686 549 299 196 839 654 825 521 548 425 121 440 103 74 118 775 439 456 945 60 232 600 637 71 872 963 207 578 587 230 414 853 346 18 410 198 946 4 996 412 869 443 549 841 786 50 706 961 622 561 404 668 635 758 77 431 704 944 210 624 916 4 323 129 497 155 419 944 927 764 575 863 274 949 126 800 376 201 598 54 972 300 22 641 274 677 957 276 353 179 363 196 877 377 177 811 290 900 785 302 285 882 890 679 178 97 726 727 16 900 462 593 960 7 907 592 962 834 92 766 257 708 796 687 454 376 978 700 731 165 455 936 661 591 187 689 668 787 382 832 881 764 628 505 897 607 210 340 631 734 704 655 400 609 818 309 413 643 637 765 941 129 772 842 436 367 999 735 362 331 117 494 751 468 572 823 654 801 921 889 231 611 763 780 916 150 670 32 986 488 57 86 731 229 399 974 931 474 72 1 904 453 766 757 173 640 708 292 592 188 570 753 935 369 4 211 40 577 758 517 18 596 193 883 976 612 788 63 284 857 992 559 483 408 667 969 684 465 908 260 343 735 436 929 467 235 307 863 342 245 589 860 786 499 718 256 405 507 0 903 86 303 416 897 486 553 101 870 490 676 909 690 731 823 207 871 60 174 999 739 649 957 326 462 85 140 248 162 49 644 436 293 947 855 410 27 133 467 982 283 455 142 53 422 437 224 873 171 192 825 580 314 586 826 415 232 711 30 111 257 573 255 572 576 580 19 723 228 985 612 997 136 562 9 726 946 132 717 716 243 574 524 352 102 179 347 19 910 462 798 706 510 101 731 354 357 53 147 784 578 359 726 147 176 348
263 371 247 831 949 610 241 30 939 324 912 812 936 525 444 156 275 931 551 257 523 869 138 235 418 333 360 814 778 991 384 968 339 813 634 152 878 609 305 39 863 931 503 291 221 292 693 803 945 343 912 735 23 467 454 580 70 291 31 95 213 445 488 706 137 560 870 238 75 712 330 289 974 98 295 291 510 328 187 814 646 520 768 44 497 715 506 585 939 799 861 910 366 718 805 266 809 854 894 511 320 562 856 725 38 533 440 436 90 486 926 426 577 954 314 213 811 245 402 513 779 279 684 984 902 620 839 219 54 574 763 637 612 87 287 592 937 555 528 589 913 656 304 92 355 79 833 226 687 598 571 451 604 678 563 86 148 242 475 949 651 306 775 872 393 337 489 24 666 421 875 229 279 219 750 962 293 394 795 332 249 677 130 637 545 721 787 127 797 976 618 65 326 898 436 33 255 77 494 230 200 890 983 618 616 996 140 96 823 715 381 346 81 456 310 620 145 800 236 738 572 286 773 115 919 352 861 439 338 578 72 87 0 582 617 312 698 558 40 307 558 563 342 256 602 330 375 514 839 606 938 626 495 202 976 358 30 258 688 706 187 329 14 61 649 997 660 408 150 623 195 493 202 117 241 537 338 735 857 28 714 545 131 786 653 618 525 899 88 620 55 278 116 418 934 163 436 802 714 964 37 822 585 994 155 181 936 701 566 397 468 675 972 898 524 600 903 112 247 401 426 748 178 791 48 215 243 83 871 324 977 751 344 287 292 253 501 647 329 118 223 322 102 773 89 562 714 360 605 91 867 754 535 332 246 882 964 997 942 621 178 330 839 355 268 995 759 440 709 979 959 923 841 8 474 111 350 592 142 537 794 320 176 568 940 628 424 556 340 192 224 171 186 414 231 780 805 633 124 124 636 418 581 824 634 495 846 803 222 133 332 298 958 784 249 802 360 394 915 852 965 914 533 6 864 904 362 898 468 185 447 614 114 53 470 68 185 44 143 76 954 186 212 387 635 747 644 62 599 794 478 112 505 325 927 955 730 462 396 507 31 736 168 183 697 375 139 418 871 698 193 49 913 697 711 632 893 670 143 718 673 448 745 141 658 377 784 419 221 724 489 578 805 579 655 800 702 165 927 371
269 292 30 453 587 384 701 586 58 987 478 314 791 114 672 466 587 569 237 854 164 720 506 704 236 9 863 251 619 910 785 415 135 953 735 47 24 966 44 960 466 946 947 467 651 5 447 848 442 865 519 408 971 290 227 502 335 828 50 490 582 573 468 577 309 704 492 410 573 466 357 829 346 640 246 367 996 742 522 406 8 769 215 941 957 325 524 851 435 893 932 634 659 699 817 323 326 181 123 971 241 616 5 43 856 870 809 281 311 354 170 982 223 833 273 240 688 827 16 193 192 543 47 752 616 713 732 602 487 513 17 210 307 640 796 369 91 93 534 830 532 943 137 818 210 879 403 553 543 115 841 742 454 518 503 82 63 933 298 407 369 775 175 840 430 927 887 844 145 696 992 232 33 398 373 402 907 985 644 397 25 996 766 372 177 77 767 107 379 509 635 540 590 385 20 966 484 797 527 879 653 420 44 84 596 93 149 510 69 757 859 139 685 594 588 591 698 282 707 69 129 754 621 224 659 652 816 849 708 572 661 363 298 972 964 706 280 584 172 497 660 801 334 67 863 599 827 948 71 814 569 80 421 16 727 174 391 185 474 424 650 370 906 678 458 566 886 746 359 294 469 372 753 616 138 356 777 129 434 213 246 869 566 191 810 386 151 881 976 655 582 360 626 613 116 489 478 539 766 457 233 832 691 178 830 325 909 737 807 603 16 751 12 986 663 595 810 320 156 762 557 822 589 342 635 868 572 724 766 878 52 288 229 936 132 167 934 303 991 16 421 882 896 582 459 330 272 62 401 769 304 541 986 906 689 590 967 74 347 926 111 580 169 40 141 340 424 694 508 246 227 105 204 299 991 150 530 767 310 133 19 809 294 241 739 377 808 366 210 41 808 470 752 925 59 846 602 682 517 428 365 650 435 662 105 843 887 690 14 39 359 670 224 878 784 695 219 21 944 452 453 940 429 398 415 87 774 328 962 18 631 434 446 792 730 658 891 290 605 517 738 843 350 372 849 738 286 400 799 101 730 870 384 647 94 720 934 977 808 114 191 906 936 886 868 170 759 770 967 95 601 756 991 267 547 728 985 685 799 910 889 45 826 745 848 589 825 834 867 570 350 888 460 103 187 971 489 186 69 412
537 788 8 161 691 770 539 45 111 642 476 888 650 307 804 801 728 123 188 449 946 658 239 950 786 551 882 399 849 622 385 108 161 742 46 138 763 50 487 794 212 97 211 481 573 289 172 327 973 91 605 668 312 291 548 70 429 263 672 296 453 153 260 204 123 854 752 663 186 711 798 784 549 403 387 445 380 108 690 74 414 835 652 154 691 354 685 945 853 900 677 368 266 580 492 871 991 349 436 399 232 279 877 547 256 250 65 619 821 895 710 866 553 29 199 588 581 679 341 305 672 949 227 406 597 157 573 607 414 520 232 621 125 334 489 160 973 11 663 836 230 391 917 419 638 774 189 130 376 536 808 441 691 198 271 550 245 821 517 819 261 966 970 600 500 571 781 419 839 71 230 68 698 266 615 589 231 483 736 256 785 132 584 701 564 121 140 776 313 322 513 445 568 602 455 682 119 344 13 197 915 416 502 946 860 95 709 6 874 484 965 221 171 746 49 918 566 271 648 835 169 344 474 894 532 527 508 449 446 466 311 298 47 47 64 402 281 293 9 536 245 810 405 210 556 708 82 347 233 311 505 879 783 235 965 18 897 674 481 346 322 886 75 674 736 902 240 853 661 13 151 49 436 65 211 798 959 388 745 851 386 586 684 945 191 209 840 146 702 945 553 912 247 367 360 183 138 570 735 578 726 809 84 379 576 182 602 459 731 352 636 133 973 115 471 390 549 310 964 969 234 107 933 46 147 308 91 572 720 682 476 489 141 630 642 775 817 340 423 609 97 84 713 194 244 78 745 606 920 909 82 597 432 494 780 967 999 792 300 477 744 706 41 871 230 26 795 296 955 657 633 793 807 644 820 772 959 893 591 201 415 454 506 692 664 619 110 849 543 523 683 338 425 614 867 587 482 896 704 801 803 843 370 393 536 766 772 364 756 908 518 198 332 393 14 492 47 4 75 669 978 63 431 36 679 960 595 235 808 759 25 520 500 474 805 452 701 171 916 410 315 207 568 484 414 890 892 674 988 324 963 111 649 785 398 406 772 895 625 686 772 749 943 570 874 623 626 918 502 856 980 120 26 946 758 107 173 696 421 951 783 373 913 264 609 748 36 780 636 439 793 674 646 716 381 876 556 940 668 952
526 360 498 590 159 7 876 231 524 2 837 856 807 312 279 466 94 985 270 86 548 804 143 4 126 419 489 971 464 948 652 541 172 739 53 944 51 184 139 250 232 450 806 826 751 369 847 112 183 545 993 124 571 1 70 811 877 681 534 785 228 737 7 136 300 602 987 845 83 553 754 814 442 255 188 613 989 421 918 430 157 904 645 221 616 950 468 642 927 9 707 793 859 196 833 874 798 779 158 294 946 772 630 811 603 472 216 4 686 177 765 956 419 936 133 58 354 345 58 50 755 94 692 884 883 539 451 273 33 810 45 451 385 692 752 326 483 114 698 898 789 726 555 402 104 780 44 400 136 407 677 518 420 551 605 351 622 598 115 88 997 10 381 91 844 821 477 460 785 525 708 704 305 751 933 149 497 338 534 654 239 864 767 182 29 819 608 87 648 955 35 790 832 802 174 717 499 333 287 942 766 30 940 566 211 436 768 302 100 743 163 316 597 400 893 289 562 321 260 383 466 850 840 565 963 58 962 973 52 408 660 296 626 10 452 608 637 337 97 375 778 711 389 455 347 466 219 700 191 677 626 294 666 464 756 271 452 711 807 691 113 396 730 122 551 791 218 946 481 192 171 263 999 859 964 958 773 656 938 380 503 3 620 175 411 154 430 307 176 417 641 702 384 807 460 731 690 274 426 559 917 178 665 362 912 65 3 431 385 37 120 347 1 299 314 394 870 484 728 733 2 200 956 133 409 470 775 318 327 25 713 243 841 529 633 670 737 695 331 750 288 759 836 525 902 266 42 782 324 211 985 591 317 332 868 71 971 679 770 285 783 800 71 802 255 246 827 676 97 633 863 842 325 681 748 927 81 762 4 854 219 34 518 915 373 628 871 33 89 291 956 911 793 183 838 664 887 406 91 29 839 642 629 661 237 577 29 799 250 815 664 439 182 555 392 715 584 240 666 700 114 674 13 376 318 620 693 814 514 52 698 909 172 717 471 247 937 107 371 35 42 136 812 419 745 247 945 322 461 273 959 584 61 567 75 910 848 145 91 989 801 762 849 496 640 515 651 550 110 407 592 418 635 209 875 275 988 289 506 894 869 888 286 299 11 575 636 768 82 143 709 141 955 493 875 282 525 591 460 358
699 740 301 170 727 874 569 753 453 704 971 125 29 435 839 276 216 78 738 749 140 898 751 727 290 90 794 504 105 931 233 391 652 500 927 11 61 901 475 940 216 292 313 488 642 116 426 260 369 687 767 578 967 224 545 880 501 111 319 65 414 583 141 466 889 160 527 793 350 463 769 396 486 455 96 110 352 31 718 262 539 115 682 390 806 547 945 60 184 535 805 123 477 618 437 678 452 180 165 967 532 642 338 34 499 126 67 942 943 976 481 900 697 585 186 181 801 866 699 943 855 159 472 669 547 38 768 222 934 902 445 5 815 558 158 744 186 484 23 701 924 525 662 875 351 791 931 530 991 301 661 544 490 514 563 714 439 771 239 685 92 406 679 934 706 936 380 789 485 375 64 232 666 194 983 259 334 574 963 497 19 838 88 185 678 773 848 992 224 581 454 108 343 995 157 21 864 745 354 702 805 311 740 559 444 345 792 748 865 43 245 683 994 565 680 287 707 411 26 991 673 271 26 630 194 483 907 338 530 835 748 252 215 900 397 798 518 247 293 595 781 842 547 693 875 269 908 53 276 933 572 338 737 606 9 216 978 121 421 879 744 839 765 400 682 577 736 660 822 48 570 418 793 282 344 851 900 273 873 532 123 688 730 893 376 501 492 930 79 243 61 999 770 919 300 884 87 738 648 197 803 351 263 15 580 300 113 364 808 521 635 520 895 804 885 48 11 70 786 400 32 988 56 269 816 915 714 624 493 184 140 652 991 926 842 774 615 544 28 796 265 316 832 380 402 414 147 537 244 437 846 441 645 915 712 541 73 268 692 945 216 657 918 757 445 324 140 145 369 371 391 142 263 406 776 598 910 783 661 933 153 65 875 415 309 945 911 268 696 176 302 934 239 222 2 404 545 407 22 785 387 584 275 486 807 666 561 267 325 239 241 914 208 693 344 353 363 825 987 881 766 194 75 56 453 300 579 597 380 554 241 579 763 204 699 685 956 978 885 221 541 653 627 343 313 381 602 258 187 147 566 72 477 585 118 296 906 373 461 545 641 254 247 382 28 225 498 635 313 734 74 261 250 934 508 50 360 321 813 463 870 367 721 306 180 6 827 977 565 596 0 108 202 35 350 456 215 405 31 845
102 539 298 516 882 590 834 980 486 642 517 785 997 892 176 645 166 659 446 242 209 487 256 122 933 418 914 136 990 638 86 845 267 7 482 570 943 280 232 417 286 386 762 470 26 401 117 3 633 128 225 345 670 686 905 71 779 784 745 200 769 975 151 183 267 7 15 664 967 45 329 952 349 564 173 644 393 524 631 22 389 842 604 990 649 790 798 864 878 50 615 267 516 798 180 483 453 21 290 429 778 384 754 864 549 145 828 422 468 865 13 939 562 127 998 930 816 927 400 194 122 139 381 64 816 783 608 319 978 554 516 926 250 150 721 78 100 975 909 273 743 270 370 878 262 849 373 101 910 312 205 746 121 603 241 604 623 432 253 986 11 318 336 642 836 155 704 613 400 338 579 196 372 192 644 380 98 27 315 704 635 755 165 179 87 256 52 379 223 280 302 903 565 132 355 247 418 268 534 36 508 370 456 141 294 820 521 556 181 796 227 952 383 656 105 931 128 522 191 797 29 756 696 574 891 308 900 804 823 904 3 167 176 44 647 782 59 198 12 34 238 255 35 121 925 815 401 774 200 881 927 943 886 646 665 356 199 197 834 230 504 964 996 531 918 34 22 236 259 861 786 342 802 471 344 214 937 572 550 509 463 624 879 92 216 874 716 324 107 408 829 701 607 675 70 758 567 515 978 642 870 882 738 349 240 222 957 432 602 637 668 913 55 96 599 758 683 683 357 424 146 902 17 330 924 695 246 15 620 881 366 192 787 135 965 751 250 19 266 157 741 956 767 735 568 231 839 138 97 970 67 761 654 915 943 334 775 500 786 108 191 465 643 899 519 687 30 101 583 717 40 179 922 738 107 935 629 822 876 562 31 854 975 11 438 370 55 420 483 445 989 439 520 81 93 905 951 609 23 584 160 714 954 827 376 541 316 46 465 7 954 709 699 814 403 756 481 224 83 589 428 590 106 57 484 874 545 674 659 582 667 538 448 903 557 152 553 438 970 366 112 243 194 445 42 553 88 730 725 642 492 761 442 400 761 687 773 249 838 10 10 470 758 12 777 622 729 387 442 328 10 814 962 570 977 87 321 560 649 508 72 775 994 409 565 714 631 401 88 158 162 954 860 539 459 153 209 905 654 269
834 693 540 163 386 762 31 209 337 163 854 576 235 103 61 851 264 421 393 11 5 218 250 681 766 242 335 952 348 933 519 152 880 553 55 330 329 985 607 810 273 632 439 893 982 900 553 953 224 735 797 696 338 66 127 192 189 198 591 408 147 372 168 67 565 411 231 593 153 471 951 793 74 245 315 358 575 124 431 928 114 552 544 355 87 174 183 114 382 388 103 797 643 547 134 33 566 939 663 893 673 387 508 276 187 318 324 466 737 968 503 480 507 79 301 590 417 105 365 358 566 772 390 153 551 586 866 781 874 577 952 813 366 690 387 79 934 1 425 934 637 828 438 96 40 851 800 665 359 189 836 573 204 544 260 872 935 565 798 452 398 181 698 104 179 258 8 153 272 795 545 600 367 868 197 941 453 691 226 9 633 527 358 200 172 252 999 876 904 778 839 881 910 500 986 220 312 69 757 362 778 997 771 131 289 628 623 357 229 825 657 56 77 488 233 896 588 346 983 672 18 605 624 253 854 73 509 624 62 80 248 27 63 313 227 427 812 304 394 570 958 219 266 507 589 383 533 588 782 111 593 891 374 278 838 32 723 77 197 620 473 188 894 708 790 350 955 536 830 755 249 25 675 646 271 73 336 725 0 297 881 347 374 378 887 69 428 572 541 691 249 819 471 903 357 52 572 624 81 558 491 579 682 235 738 82 145 564 699 358 821 804 760 498 229 894 201 722 399 121 747 739 390 5 816 784 236 505 442 583 582 856 1 782 738 41 668 278 657 521 253 55 420 549 370 3 734 359 678 253 951 108 761 945 589 958 539 103 652 712 893 650 346 199 815 234 222 580 985 712 190 834 425 357 558 942 110 260 3 935 796 240 825 79 703 97 492 153 41 550 731 923 557 268 115 664 659 596 883 926 900 658 338 352 544 197 706 296 224 946 427 758 942 345 696 270 638 253 313 546 301 755 502 320 814 253 772 317 534 831 444 793 283 503 659 532 990 125 606 704 340 770 181 799 801 866 953 482 570 952 21 547 248 654 873 736 321 750 280 871 956 884 772 424 242 225 36 911 374 807 737 956 699 689 363 188 387 884 547 691 994 778 797 956 457 869 582 200 598 358 530 168 292 607 189 63 846 856 354 838
743 673 76 342 714 504 175 459 657 166 234 792 670 847 920 868 321 689 374 555 227 981 538 846 836 87 410 919 558 452 558 884 114 45 48 987 101 283 695 939 14 785 672 94 330 366 204 702 226 274 763 261 65 423 872 61 872 429 799 105 719 686 458 253 956 565 164 772 779 195 526 720 784 899 490 83 501 182 921 960 860 389 532 170 530 992 313 61 159 486 161 216 392 430 604 97 957 586 769 469 466 152 40 400 474 733 807 670 560 261 718 170 818 47 373 454 265 584 577 747 846 604 48 501 486 219 913 637 854 297 820 271 681 978 316 574 730 672 533 338 289 542 994 465 576 516 956 576 720 830 563 344 826 344 425 984 887 844 210 629 56 127 403 58 130 213 785 111 187 389 471 470 204 608 290 311 985 50 530 964 924 316 450 81 554 882 716 463 848 677 619 719 195 103 285 297 251 730 320 90 276 8 243 873 432 442 26 919 961 545 762 163 972 741 779 614 291 446 306 223 634 414 615 194 16 529 672 237 403 432 173 996 159 212 68 55 384 706 80 356 910 142 161 777 698 5 664 317 986 359 50 290 161 88 796 34 847 183 82 665 73 990 48 755 156 428 785 455 317 164 381 141 390 440 125 723 952 850 484 273 873 146 279 815 19 67 450 753 987 611 891 971 548 366 348 559 919 586 478 487 841 22 356 125 963 997 418 873 418 245 29 432 180 257 67 29 67 436 179 572 270 192 229 387 459 310 710 473 505 836 528 974 199 888 202 196 697 751 616 100 539 554 534 991 362 897 257 668 251 210 801 925 240 834 921 303 806 362 224 424 311 822 682 415 746 255 467 119 376 560 606 791 749 401 558 768 445 747 230 930 280 59 604 414 114 513 852 728 911 558 401 575 296 812 390 415 56 530 29 26 338 723 697 66 958 8 541 585 820 474 59 120 395 546 273 636 139 784 292 793 830 514 371 105 915 100 821 338 101 188 528 913 173 411 334 240 273 599 349 409 197 909 416 527 655 816 325 137 661 664 736 316 476 53 326 438 30 334 707 416 349 289 990 776 234 948 890 16 985 669 286 742 332 957 582 960 240 456 132 120 233 746 959 272 903 858 375 588 291 953 310 965 666 332 697 571 738 419 677 399
546 588 741 294 112 765 334 334 3 926 61 864 787 804 382 819 596 377 688 121 619 717 226 874 505 68 464 146 908 86 90 455 254 502 738 957 345 552 313 590 971 951 275 751 755 149 624 883 397 834 319 782 290 977 507 58 738 654 535 305 935 346 849 745 901 819 898 822 137 714 628 800 877 763 735 388 865 59 451 128 283 558 933 775 466 883 522 625 102 825 875 932 184 817 440 11 828 895 489 130 702 307 680 345 897 812 682 106 470 937 323 636 321 667 179 209 33 971 398 157 156 986 685 216 176 792 195 556 709 235 457 662 203 288 410 624 851 398 537 396 608 822 264 356 851 366 552 799 155 121 678 231 307 167 831 175 659 543 285 70 24 404 875 767 854 506 35 244 287 204 22 112 564 285 268 342 918 968 313 837 301 290 593 1 358 92 396 214 738 219 111 93 161 176 582 710 204 831 184 557 85 452 35 539 990 275 634 205 856 778 949 80 200 170 142 382 209 894 528 351 701 33 291 89 252 184 636 111 46 663 21 108 682 954 584 365 515 780 381 399 683 639 156 997 503 774 349 969 709 411 943 233 802 315 142 894 189 209 859 459 57 781 601 933 906 614 96 749 347 819 998 323 306 205 70 129 451 820 883 285 577 819 998 957 668 771 472 822 336 224 152 242 573 215 642 162 29 961 612 483 73 378 342 92 90 687 78 406 915 140 863 581 455 525 219 615 303 791 141 720 887 409 925 0 124 61 142 795 743 264 237 490 88 825 477 993 864 992 166 329 645 995 940 953 651 391 355 936 56 446 195 592 101 868 363 277 541 166 294 366 494 411 47 878 999 52 374 894 358 941 509 354 988 989 56 274 428 141 478 40 12 467 75 891 560 250 897 149 542 648 709 39 366 45 737 591 290 974 632 615 365 151 258 159 469 458 28 801 483 995 277 931 941 759 374 723 81 547 608 123 720 132 82 22 900 341 150 274 440 628 34 633 594 215 644 64 678 770 456 70 927 520 583 446 647 112 756 555 261 168 358 613 252 921 188 77 719 499 674 261 914 215 499 623 585 521 909 701 857 602 251 501 124 85 5 368 872 847 933 357 888 990 958 148 830 519 331 967 843 987 227 426 62 578 548 382 503 682 43 315
713 220 744 521 395 271 180 487 309 883 941 518 847 367 629 265 517 842 279 637 900 283 653 969 332 500 621 216 996 291 157 440 909 788 826 71 226 192 551 100 827 717 9 228 858 66 813 669 666 181 676 29 475 877 180 71 703 397 450 435 639 724 468 432 261 304 672 224 415 538 750 136 870 961 702 951 129 117 367 529 398 873 84 357 182 7 653 231 191 98 493 77 646 472 7 338 801 126 476 244 756 639 807 90 997 856 895 786 901 127 871 852 244 230 479 378 471 385 883 658 44 711 137 429 785 404 778 666 55 870 711 628 416 227 131 136 671 304 849 815 437 881 12 226 429 873 420 424 782 205 487 256 882 614 159 980 237 731 779 512 535 306 117 451 281 760 665 916 46 616 214 960 463 41 648 801 262 773 148 120 31 470 95 780 213 666 421 556 615 836 909 87 442 453 181 558 513 494 911 16 227 393 277 847 394 366 762 191 44 723 914 842 24 852 399 324 330 793 369 727 500 777 981 850 523 249 471 751 316 589 418 933 387 560 65 408 156 338 653 710 192 204 433 782 998 529 88 914 421 749 799 707 901 135 431 94 496 549 44 258 928 149 279 564 993 100 502 391 21 339 318 723 543 431 400 835 36 345 927 736 64 593 447 207 446 511 799 99 14 106 670 913 405 237 26 409 979 992 415 920 672 619 683 535 599 655 145 157 727 293 677 619 350 741 999 304 539 540 67 838 539 676 681 448 299 593 676 295 35 71 554 927 703 915 956 807 588 160 755 498 294 30 130 869 588 478 794 849 962 296 478 315 867 817 517 915 305 934 97 567 469 421 167 758 923 278 238 878 147 50 83 123 683 995 898 864 99 915 308 909 963 472 879 107 551 178 114 730 784 16 731 439 604 994 997 733 402 714 374 839 162 676 4 924 522 29 964 327 897 792 528 94 34 591 465 383 838 209 376 809 137 737 503 824 327 316 578 719 323 80 606 282 386 804 70 725 261 515 976 558 427 853 31 605 343 243 672 405 30 273 729 949 535 807 41 832 474 20 607 189 459 950 614 345 230 640 259 768 136 36 713 686 548 913 981 525 997 654 847 194 271 214 339 730 775 502 142 957 497 847 748 78 252 645 591 52 232 927 431 141
331 986 705 567 840 622 159 521 543 444 365 415 721 891 830 371 613 617 582 387 905 195 802 528 698 906 113 0 727 796 150 445 107 436 793 441 962 767 446 283 279 599 902 67 937 75 921 356 719 509 330 454 979 692 566 692 439 452 940 460 108 778 854 413 824 145 57 220 72 983 508 854 416 407 413 67 985 595 168 353 52 209 638 5 183 838 26 460 810 397 294 155 347 757 105 506 385 511 772 444 271 687 599 215 460 647 815 278 122 364 116 849 273 788 56 393 674 862 848 740 162 348 717 908 743 18 617 779 242 460 592 18 679 657 342 930 706 639 165 866 884 960 354 463 346 76 343 506 287 510 457 906 403 539 298 222 142 947 308 426 253 150 532 181 491 388 388 207 387 384 77 900 720 742 385 832 155 534 825 752 941 365 291 588 256 740 466 924 329 773 356 383 194 661 869 763 539 555 317 861 913 179 400 588 521 634 134 450 409 4 437 885 228 276 746 744 654 509 926 511 400 667 107 336 309 198 810 570 443 315 423 690 415 679 100 412 394 60 834 254 292 694 585 494 337 74 479 110 718 583 85 605 102 458 697 364 981 184 887 968 595 74 640 669 223 804 778 300 694 237 514 145 781 28 818 987 499 966 873 230 409 838 513 385 545 97 812 135 106 289 962 728 452 302 748 695 309 624 313 338 471 572 997 756 779 301 344 435 182 13 935 215 468 846 207 925 54 325 784 334 602 413 561 231 726 730 366 757 527 251 1 349 446 615 208 19 305 391 870 507 252 226 38 506 427 28 348 155 132 357 717 376 131 760 473 725 256 359 488 236 632 191 35 395 357 471 462 827 73 678 382 96 358 80 501 644 926 30 910 460 26 349 741 321 665 946 294 889 446 963 763 792 845 946 601 760 878 402 995 897 438 218 655 796 595 996 657 368 792 876 365 0 700 729 485 994 94 268 596 317 584 650 533 994 24 356 459 562 947 352 13 208 520 738 71 60 610 454 516 770 471 33 469 144 240 780 619 312 189 215 860 735 682 626 718 771 29 979 580 897 671 965 462 586 538 750 897 671 20 417 490 392 78 89 482 789 710 372 928 318 996 565 471 140 7 237 127 22 33 201 577 515 130 456 655 581 639 439 314 671
24 859 165 893 815 74 540 80 892 626 991 902 874 969 851 540 507 451 375 737 315 895 853 929 893 466 593 153 855 74 241 458 806 122 661 762 631 602 886 155 311 709 626 751 545 3 162 619 715 958 735 518 366 423 306 899 14 400 882 390 841 423 422 920 176 639 980 306 1 223 394 144 394 707 840 966 511 236 977 751 270 751 225 460 236 832 753 140 58 756 638 582 886 321 110 829 982 618 848 704 16 790 289 27 896 436 831 71 738 603 54 656 803 576 137 570 685 10 948 741 96 688 947 90 873 350 273 627 171 828 71 317 902 47 100 758 987 797 602 413 310 248 161 44 357 117 690 877 839 841 976 351 594 122 960 557 876 754 751 3 814 484 351 335 999 792 332 228 465 769 675 150 678 854 754 702 50 902 171 182 478 917 27 655 296 121 905 720 210 748 490 72 247 841 391 899 941 770 53 42 964 343 163 114 237 108 771 546 450 872 232 222 288 904 99 615 829 942 494 913 644 797 970 742 758 291 36 915 704 11 202 177 458 677 415 74 263 550 886 378 619 653 562 423 13 781 239 641 645 554 768 124 695 66 573 354 586 539 504 400 446 937 993 590 724 482 936 946 854 22 711 30 319 690 463 28 538 551 499 381 438 357 643 807 13 167 931 851 693 82 129 512 264 512 222 694 29 942 618 394 579 860 59 949 850 713 339 948 893 865 207 613 597 524 750 118 768 0 971 270 166 476 972 604 498 239 328 622 480 42 215 613 935 840 694 568 734 440 706 383 342 718 639 39 351 845 539 337 649 744 706 53 886 388 862 590 794 632 525 839 75 455 216 579 980 949 839 814 360 235 458 383 866 952 744 551 974 54 356 285 790 828 639 765 120 428 480 111 76 474 45 829 525 345 675 496 136 204 195 274 405 295 20 559 679 168 657 460 362 657 385 223 892 632 520 284 59 345 266 217 42 830 261 868 855 620 868 327 416 826 108 230 746 209 677 563 26 602 111 722 948 767 452 550 131 786 915 466 238 878 537 724 706 76 47 752 958 524 55 871 738 604 456 313 63 401 663 326 158 480 649 424 240 873 714 537 212 1 540 457 849 945 875 888 853 586 845 657 986 946 50 986 346 397 938 441 722 979 862 536
325 487 954 558 629 704 870 158 774 639 368 840 218 896 127 750 312 447 654 653 67 142 912 154 451 778 539 79 685 830 843 224 339 277 339 208 468 312 672 966 809 736 749 461 814 586 104 715 246 731 221 73 840 866 618 831 298 157 28 895 303 79 237 394 672 702 823 379 611 210 310 711 309 306 51 153 679 183 959 611 650 972 711 971 890 930 877 714 517 956 634 651 141 650 656 410 224 257 962 26 721 330 380 459 636 674 138 300 494 77 122 329 620 451 746 568 789 672 824 794 8 668 114 883 200 602 959 613 332 605 513 371 490 959 325 370 568 446 20 916 145 459 327 962 991 195 438 712 650 148 899 486 98 776 678 668 74 886 510 683 731 696 940 266 810 727 296 778 837 217 753 228 395 946 521 450 231 923 968 411 578 230 311 257 703 701 384 436 56 187 751 97 10 420 831 724 205 99 457 863 825 300 889 956 687 509 769 580 968 507 75 288 437 742 798 344 663 639 147 713 284 755 716 718 961 213 680 178 328 326 129 423 999 565 230 29 171 183 918 154 683 883 231 759 787 80 922 666 420 671 635 776 935 370 31 804 995 815 405 62 103 235 628 438 37 733 331 766 967 399 91 316 485 852 828 983 820 641 487 435 917 95 220 119 427 930 679 679 174 872 604 794 564 600 820 441 70 368 221 247 660 797 719 442 915 804 244 827 892 321 202 37 295 518 133 769 22 916 871 293 68 564 429 828 240 869 704 583 816 57 587 362 531 633 873 624 367 781 557 146 308 66 526 608 605 581 668 454 801 111 472 635 705 2 774 692 959 215 568 502 728 742 575 608 507 259 837 249 615 337 143 681 191 294 907 230 807 973 379 378 6 720 697 743 946 98 419 131 2 590 971 241 813 128 142 438 596 357 852 570 24 924 347 411 373 562 490 77 158 790 840 955 699 490 437 509 560 704 40 125 721 652 466 508 837 274 938 133 612 42 807 224 284 708 619 472 711 222 426 8 770 649 311 926 31 359 722 314 514 700 80 870 631 822 617 25 704 477 674 520 638 297 212 691 744 38 563 416 622 810 416 382 527 854 324 983 656 279 569 924 76 711 951 785 91 7 711 580 141 959 695 798 158 390 966 659 663 87 680 111
413 227 294 302 438 794 397 738 715 684 273 872 573 690 479 824 113 487 515 202 641 3 247 608 951 815 4 771 292 919 49 910 741 287 341 766 571 69 631 146 709 174 891 194 47 689 692 390 660 360 665 790 280 451 636 868 513 237 845 684 556 857 435 808 914 94 57 546 723 478 798 903 747 874 509 763 945 272 628 440 841 769 849 953 566 513 975 790 823 200 856 25 872 200 609 864 87 137 919 504 737 198 745 217 432 583 442 583 668 706 354 192 991 526 118 407 979 561 38 177 711 54 125 329 642 94 300 460 329 423 849 921 452 169 637 28 704 318 926 488 669 377 12 273 323 366 329 295 129 287 562 155 405 449 183 666 82 286 101 453 326 378 787 476 277 22 922 445 108 145 553 98 568 415 274 111 351 688 818 282 283 670 165 549 115 280 313 179 891 864 568 848 766 648 28 876 517 815 885 10 192 573 640 282 287 989 599 390 279 733 624 294 25 116 396 30 126 806 344 803 635 82 469 125 169 248 75 656 893 122 388 716 358 569 617 523 118 260 58 731 394 388 263 251 600 465 628 805 893 803 403 11 261 931 862 359 798 690 302 448 906 253 125 487 394 289 717 524 284 794 42 280 435 321 228 67 801 817 455 292 598 392 517 73 516 712 601 339 512 841 141 286 691 992 13 421 553 686 602 5 86 254 678 189 455 374 202 890 260 850 730 338 252 735 968 241 331 556 688 872 873 214 492 551 494 575 943 611 908 635 850 393 991 985 296 155 367 991 324 725 138 986 324 19 28 893 258 265 680 802 702 218 210 618 407 901 690 829 447 866 632 607 552 770 712 845 979 855 793 387 543 373 821 704 266 646 378 968 240 972 63 614 920 764 668 363 385 452 27 810 730 731 314 961 295 490 135 321 710 928 90 44 227 34 176 732 912 428 806 60 53 210 62 839 67 726 858 94 753 714 639 543 322 728 738 253 498 206 357 546 762 857 292 59 671 806 455 740 707 367 770 966 209 52 887 808 713 989 297 370 383 205 668 669 73 921 913 574 403 232 412 192 669 896 40 982 62 965 674 20 799 46 804 583 256 76 278 845 573 371 655 7 396 877 498 60 851 848 114 575 118 466 807 788 617 754 44 304 928 122
198 906 424 805 410 845 360 566 547 680 88 466 551 265 378 750 674 122 206 504 29 152 121 289 883 126 972 278 658 402 48 935 75 560 815 155 166 632 388 90 979 613 299 698 396 390 600 132 678 224 728 525 171 706 124 952 622 461 425 334 79 517 18 75 624 823 572 445 202 359 323 50 843 693 581 643 994 760 538 7 125 939 627 637 642 998 612 196 940 394 437 441 674 967 513 889 830 516 245 266 624 692 500 691 343 831 516 358 151 187 175 791 867 379 725 283 884 924 569 979 187 703 22 372 299 395 242 416 94 233 770 706 884 397 997 10 50 920 539 248 175 351 409 964 170 600 684 541 261 509 849 447 845 767 257 324 713 803 699 138 176 36 946 80 217 877 790 285 92 297 115 693 475 315 945 340 936 981 794 563 202 342 640 45 911 54 672 350 511 960 665 898 216 763 358 731 302 304 926 389 912 766 850 630 832 193 221 260 45 674 895 783 91 215 627 908 539 61 301 345 33 41 604 166 81 198 976 65 55 352 117 502 225 291 567 96 852 435 640 386 47 431 113 431 934 653 889 55 87 331 412 721 31 83 592 71 818 528 92 878 266 242 724 771 538 832 200 334 819 305 698 195 823 950 24 348 181 66 618 934 776 88 502 180 521 470 503 337 863 803 773 158 269 136 68 302 695 67 445 694 494 340 733 690 518 280 357 891 466 935 343 248 748 640 435 747 584 462 562 897 224 945 701 734 725 309 438 143 736 152 11 596 239 743 421 907 908 536 825 770 234 666 943 502 158 119 342 641 816 856 957 263 126 258 880 364 793 674 512 958 580 656 356 628 192 527 426 446 962 140 586 990 387 572 860 72 541 463 852 953 267 429 671 216 248 935 664 411 686 931 251 472 210 826 2 488 82 458 586 690 995 550 751 911 979 699 188 687 551 167 109 231 502 434 417 304 734 31 990 518 125 268 61 244 586 829 790 193 941 778 596 783 326 380 949 991 937 224 981 192 209 254 821 676 642 489 740 711 509 915 813 953 889 244 99 599 181 219 569 218 211 894 718 281 651 497 860 164 87 81 142 154 326 975 185 727 64 885 116 667 401 83 192 884 701 350 532 897 571 224 201 21 153 850 853 464 99 740 605 212
420 876 292 882 579 61 785 532 546 930 618 88 377 803 319 399 254 776 329 725 861 976 219 639 126 176 641 579 651 608 443 228 80 171 127 58 697 253 751 192 228 419 259 235 430 208 492 435 448 888 659 851 401 225 826 999 227 620 54 659 346 825 248 231 854 592 623 737 554 804 524 952 162 802 867 582 185 399 955 181 965 744 462 888 69 320 768 730 713 51 603 224 805 757 372 457 433 655 228 708 310 804 528 490 670 291 443 90 657 223 297 12 398 856 3 28 770 996 680 367 693 501 438 947 772 896 817 139 965 652 608 200 31 882 308 807 142 630 524 612 916 676 434 282 51 16 296 624 240 903 491 910 244 3 328 815 455 841 744 618 421 367 655 577 680 301 344 758 280 985 418 601 383 871 214 777 520 708 865 581 898 12 821 150 58 834 189 692 31 566 257 82 670 213 496 338 715 97 144 961 62 178 267 261 646 272 212 300 798 206 902 906 336 829 312 738 416 396 10 779 772 577 709 246 414 568 347 445 551 296 721 555 234 627 996 968 397 608 5 929 810 958 930 438 640 560 621 160 400 144 373 877 874 440 891 834 786 317 26 695 70 925 371 575 386 559 581 410 696 654 68 736 167 241 253 880 333 524 570 575 423 611 317 307 586 310 717 773 73 490 852 270 266 128 515 503 270 830 276 359 578 262 925 139 750 403 744 912 242 581 840 439 87 918 393 704 449 904 834 993 171 213 868 474 835 549 744 670 70 154 710 134 459 562 44 771 943 226 371 839 280 788 510 859 308 994 422 227 95 319 298 603 214 428 596 33 149 562 801 969 764 711 768 715 674 59 600 944 214 59 711 462 980 43 42 673 562 886 833 163 60 587 144 782 110 15 360 28 268 858 521 718 832 960 647 469 773 638 302 116 171 133 492 846 848 351 638 188 706 464 55 613 833 705 562 326 150 875 70 911 723 423 824 576 701 553 742 417 911 22 535 254 722 125 444 213 660 490 638 21 214 667 428 878 685 101 817 729 231 133 483 879 788 919 704 935 744 804 998 661 739 79 458 391 966 487 530 853 476 327 313 925 985 640 337 661 950 716 248 930 833 300 176 750 297 757 427 256 693 285 353 607 736 545 959 547 737 499 174 814
928 877 850 461 224 4 475 131 107 830 613 105 450 520 555 896 730 249 390 975 129 242 960 664 83 229 795 522 590 994 336 402 279 453 512 109 241 775 617 562 862 304 605 981 550 381 422 496 123 474 131 421 609 341 682 989 829 731 89 959 218 710 43 866 541 193 715 465 908 754 805 389 702 34 730 375 856 52 921 949 519 873 699 777 943 543 441 857 5 216 549 431 382 179 643 815 453 869 817 540 34 717 721 941 24 143 226 403 595 14 474 687 572 203 989 198 420 818 170 369 783 638 742 255 626 341 421 747 742 732 279 371 961 578 534 573 28 254 848 605 254 454 554 553 594 218 919 125 309 273 136 933 694 535 292 230 256 566 51 74 170 595 11 760 792 310 78 593 223 848 217 844 173 830 462 78 393 160 445 919 144 694 470 658 825 255 969 897 815 148 332 951 811 374 917 468 58 739 999 233 723 703 748 659 887 43 166 501 568 48 623 431 828 786 244 98 57 42 467 885 519 950 336 162 940 738 58 398 7 180 232 584 682 806 384 973 776 452 452 55 443 771 622 574 874 518 375 767 636 240 718 479 764 680 105 569 270 874 113 183 680 862 948 531 460 194 748 779 850 420 663 143 944 708 901 408 861 476 440 515 870 415 711 543 189 809 793 74 444 446 167 136 949 723 89 778 920 624 923 801 255 514 536 997 782 384 361 530 878 91 897 450 763 731 934 608 100 756 882 991 586 31 727 142 243 784 8 814 847 331 942 777 296 281 666 609 103 643 588 522 886 33 631 469 913 78 106 254 919 811 180 168 648 844 982 86 5 758 73 29 267 407 280 506 463 182 8 839 378 409 545 567 53 525 484 173 861 41 312 967 252 432 679 660 292 811 383 665 522 728 506 564 238 259 594 73 3 427 226 637 935 512 464 637 867 871 3 784 716 763 206 448 197 886 940 651 590 407 786 157 569 502 208 73 896 621 934 747 663 374 17 398 815 891 370 398 642 338 579 433 1 517 477 453 286 58 421 834 60 636 750 71 617 528 241 728 854 301 588 549 635 68 627 932 173 141 410 475 67 758 509 132 869 495 914 592 201 180 878 431 653 982 484 799 608 746 528 608 514 64 935 527 512 669 713 493 289 179 945 79
193 766 421 991 421 833 936 649 464 288 392 289 11 447 884 217 4 749 277 972 185 974 736 953 49 683 856 843 666 782 643 372 78 595 497 953 821 464 897 335 935 270 27 392 251 667 503 567 235 385 847 261 657 632 861 791 786 327 116 861 379 35 183 536 905 944 256 724 881 884 271 988 884 713 693 842 994 868 816 457 624 581 287 749 261 780 774 874 409 45 80 572 463 997 560 341 10 730 440 781 127 660 83 555 414 888 937 89 979 197 762 885 528 404 925 720 318 675 339 327 196 319 233 482 228 720 713 288 7 270 952 234 738 653 708 202 156 629 101 601 820 585 492 408 61 285 732 551 915 443 682 226 726 772 643 298 511 252 605 298 441 45 544 851 20 85 679 124 686 1 394 490 263 544 519 126 311 107 514 907 74 541 574 915 971 116 500 671 503 131 571 36 212 318 926 927 917 930 553 247 612 454 755 975 384 617 612 462 322 299 117 744 319 994 358 323 67 305 626 202 455 512 963 128 765 716 110 503 564 254 128 677 94 93 265 580 69 124 43 389 631 820 16 26 509 26 235 114 197 345 307 83 634 23 209 383 252 455 568 978 990 788 390 346 727 240 604 137 242 401 623 217 875 75 763 300 486 65 478 546 495 109 895 410 249 265 157 944 732 531 99 14 828 59 804 821 749 697 31 153 313 650 238 796 34 212 481 394 420 123 342 668 469 477 384 390 984 56 365 958 232 203 83 238 77 28 278 251 776 59 574 920 443 168 790 738 676 602 0 918 477 954 648 971 35 692 681 239 539 429 420 955 71 666 591 937 673 772 935 640 276 717 358 784 926 437 466 465 992 37 923 169 167 330 143 247 679 691 518 270 412 762 857 87 421 224 593 344 422 506 526 425 650 803 629 218 285 768 252 162 783 589 555 63 479 823 819 903 86 875 468 213 209 257 249 472 452 124 953 656 664 836 591 657 279 707 877 136 861 622 823 9 244 284 112 391 269 990 735 319 988 732 513 614 60 795 690 519 305 979 94 821 422 67 584 948 710 36 1 38 811 295 697 706 787 45 835 176 413 285 697 277 268 956 628 581 372 116 303 337 990 714 586 42 17 316 76 191 184 221 716 682 716 44 433 288 909 938 486 127
89 579 831 143 144 776 70 899 219 12 823 219 222 675 334 986 561 518 666 943 476 585 303 124 827 334 269 282 478 436 47 653 627 835 484 68 249 509 847 294 438 65 185 356 741 170 995 933 538 416 402 609 828 190 687 754 983 985 776 68 335 95 131 883 681 738 705 356 688 160 856 377 186 928 424 283 607 110 850 51 179 938 565 519 462 927 870 190 841 288 219 996 647 368 345 101 11 357 740 405 968 535 215 786 756 588 247 366 328 774 806 122 357 400 45 715 658 304 633 155 41 180 278 980 784 259 617 993 406 844 786 603 737 917 652 717 569 281 497 473 917 260 173 241 732 605 593 559 100 333 452 46 368 231 142 504 808 450 402 518 571 501 86 560 923 755 292 830 93 815 513 687 629 712 206 538 578 203 417 722 699 110 631 176 735 569 453 19 990 266 449 252 687 357 167 805 371 459 42 341 706 655 268 56 657 163 516 432 365 577 907 663 524 830 38 892 965 678 504 731 399 793 568 11 9 126 447 370 453 452 826 863 34 400 372 260 33 491 618 859 703 787 300 689 851 81 380 846 450 638 147 499 906 162 604 606 791 220 987 396 112 714 611 641 371 586 167 675 347 574 743 690 433 953 320 162 452 848 103 188 547 593 783 500 474 452 281 567 364 836 584 791 704 420 530 381 985 416 982 555 11 835 7 17 720 649 751 691 226 206 973 486 111 802 767 547 618 399 883 845 921 530 407 683 13 309 140 6 510 529 68 996 468 506 15 597 149 682 744 726 60 563 90 569 367 550 434 776 879 482 645 346 146 733 32 864 337 608 777 380 873 612 244 295 59 846 81 605 279 67 133 185 607 257 400 426 11 521 598 158 107 752 650 532 241 811 527 750 481 997 775 667 65 679 754 258 411 139 310 858 321 994 463 545 308 500 363 75 165 201 242 167 590 92 720 627 587 754 658 40 887 77 266 727 214 909 75 107 876 951 193 956 878 606 213 57 926 266 966 638 460 421 501 808 933 390 901 368 784 241 296 901 514 136 777 469 626 837 299 811 768 643 746 60 465 588 919 52 17 419 41 801 354 885 26 109 389 925 960 396 424 165 645 265 812 853 40 967 894 744 162 597 402 161 181 74 393 446 638 464
274 30 449 833 630 124 562 327 945 427 950 110 624 554 168 431 629 667 620 454 154 775 152 361 496 194 582 98 888 374 592 858 609 228 342 833 568 805 773 682 580 966 131 12 665 935 887 47 209 890 31 741 745 132 469 776 51 436 31 586 672 392 963 596 60 889 473 934 226 229 970 729 474 727 0 571 659 147 823 393 873 531 741 328 935 116 142 12 479 681 118 859 708 129 397 682 420 686 25 884 73 964 60 340 483 362 223 171 527 337 479 63 318 874 26 549 684 153 249 120 640 161 90 156 867 508 770 158 888 335 427 572 352 590 911 513 709 276 715 64 721 905 554 18 464 487 338 244 745 513 917 513 905 635 498 118 13 889 16 593 963 806 359 436 683 63 824 403 409 991 366 871 701 334 675 799 534 407 851 182 579 713 106 432 349 413 60 447 185 106 515 613 906 223 737 573 893 909 716 405 828 297 546 733 243 439 719 758 205 714 584 84 880 850 780 488 129 27 240 30 302 725 762 308 122 455 933 753 101 558 797 868 891 383 176 253 758 115 358 244 957 780 37 122 451 233 233 342 578 22 899 406 705 905 626 425 874 473 517 618 897 906 847 5 635 106 177 506 599 322 401 453 436 15 573 550 524 734 308 923 226 402 597 150 755 806 575 312 647 585 864 416 544 368 320 947 270 949 569 451 898 549 94 451 315 423 895 815 694 109 45 564 792 297 725 252 354 165 610 208 22 884 592 557 420 131 250 208 872 468 241 496 915 292 221 159 936 765 188 898 611 396 244 206 874 187 658 527 76 6 351 55 629 56 844 560 559 997 570 456 399 584 744 226 217 745 246 314 270 981 492 511 253 936 303 521 344 357 218 863 495 54 736 884 266 640 614 408 958 673 211 390 321 55 364 366 184 101 267 752 292 309 721 974 890 79 696 318 50 798 151 806 532 674 135 183 561 507 53 186 597 483 252 442 859 200 407 644 117 336 766 392 182 206 585 222 214 666 64 978 904 427 816 566 535 479 106 785 380 734 118 689 376 792 596 849 281 961 704 695 765 357 720 845 847 195 777 552 732 458 524 905 67 232 419 514 976 252 817 329 825 591 44 921 737 597 38 823 653 157 936 471 831 980 468 568 177 166 134 318
640 259 412 771 791 351 700 30 90 480 187 165 155 11 254 826 443 760 116 23 574 918 814 974 523 12 13 581 821 301 701 741 765 759 795 243 939 813 314 777 727 591 548 269 960 722 59 42 286 941 811 376 402 825 0 21 164 236 851 46 107 634 954 587 727 500 873 681 651 330 777 994 114 730 528 298 984 400 481 665 534 884 560 720 953 649 536 662 172 299 99 777 182 431 17 677 129 220 783 228 661 69 380 645 723 547 499 313 66 421 963 503 973 780 119 141 909 656 938 989 995 810 166 922 324 293 132 110 739 567 705 499 938 816 329 302 196 901 465 402 66 595 779 869 944 130 115 325 403 943 396 361 939 752 126 255 584 379 490 924 445 499 578 624 828 978 901 634 311 986 610 157 927 567 957 222 931 468 645 793 28 635 411 614 123 2 549 542 876 973 651 77 821 635 157 860 927 192 484 90 879 145 244 529 767 619 772 383 699 64 805 225 474 477 648 273 515 980 872 364 76 435 873 574 33 967 52 493 786 743 923 946 113 834 731 440 97 68 525 182 51 737 521 775 727 115 667 752 7 776 490 93 55 500 957 260 507 435 31 884 73 135 400 437 591 833 482 131 802 770 78 567 529 10 209 938 7 884 758 155 125 466 660 507 49 871 855 350 247 826 968 658 276 144 534 444 902 232 72 208 659 159 267 945 924 223 893 669 940 315 55 616 820 145 896 661 579 310 721 83 324 990 538 419 327 839 139 209 318 132 876 910 7 285 636 664 19 74 370 640 483 985 538 305 300 119 20 44 836 523 163 871 282 194 185 220 584 995 427 69 410 141 321 567 283 14 87 988 849 968 361 980 430 236 786 254 105 965 923 924 132 520 677 523 625 541 502 215 572 35 987 562 970 656 799 173 975 968 158 623 328 865 617 245 488 400 243 501 710 631 171 353 384 85 681 440 382 354 10 571 210 228 41 986 395 715 355 35 197 634 82 459 436 727 681 989 571 59 131 665 865 644 251 592 718 665 508 995 38 139 737 48 714 505 649 414 210 529 588 162 494 245 948 693 881 697 414 55 597 777 528 446 175 434 442 352 379 534 457 335 404 984 75 315 697 493 50 971 121 185 412 225 269 393 12 317 129 232 519 875
187 842 76 252 318 160 262 643 7 638 427 246 395 521 942 688 244 153 533 397 586 777 737 158 494 883 52 525 726 598 210 137 217 964 918 267 971 219 469 914 661 739 83 834 497 908 234 30 613 682 395 167 409 128 954 744 711 438 661 137 361 330 434 333 598 986 191 854 151 515 575 314 459 26 623 427 477 820 797 616 35 424 864 48 374 685 361 635 368 758 722 464 798 150 694 988 192 558 829 339 618 664 750 670 511 722 797 552 211 852 727 704 12 670 105 898 374 597 802 809 685 883 94 584 539 956 371 347 863 939 534 157 17 370 411 859 390 32 815 567 535 250 686 632 689 418 757 55 847 905 727 986 584 942 304 128 685 538 899 930 803 459 691 132 211 852 356 775 252 151 593 206 491 936 605 873 849 139 150 325 714 103 278 222 819 634 293 118 440 804 106 316 593 878 139 894 162 819 155 270 585 194 857 641 365 423 859 327 164 952 972 789 951 365 525 6 868 922 423 730 635 6 260 411 502 385 64 20 511 109 725 424 30 850 39 127 38 665 609 605 376 814 248 601 994 318 28 136 879 500 213 413 634 67 902 857 182 507 47 783 946 595 104 787 635 35 609 17 193 559 397 113 883 577 477 10 398 168 903 34 377 210 613 831 892 22 193 77 813 767 655 506 573 171 495 326 993 361 992 95 170 672 200 505 459 687 924 298 699 299 415 103 654 879 418 442 446 66 490 645 45 890 993 95 933 795 767 932 372 60 409 450 635 428 783 28 139 905 626 897 306 333 920 828 213 815 173 97 113 475 248 98 822 804 366 678 761 982 698 122 717 523 597 669 636 419 505 240 638 517 174 591 720 878 819 246 550 152 805 59 630 652 651 871 832 111 769 1 356 272 374 526 551 810 224 473 378 79 881 714 821 589 837 603 734 401 234 536 897 428 411 565 387 988 602 372 843 786 110 389 110 553 635 616 408 654 883 646 420 395 429 376 250 510 639 847 889 104 617 949 355 987 121 475 155 886 6 923 283 401 283 205 533 985 527 230 304 183 672 492 455 825 757 568 494 824 579 261 17 97 854 979 695 558 180 679 109 158 301 177 284 605 338 518 920 27 303 810 235 341 154 780 121 90 0 714 64 20 468 857
685 469 938 828 980 187 15 494 504 25 501 37 524 882 666 5 848 766 772 784 681 376 653 659 9 233 319 276 121 416 375 501 557 298 714 871 919 602 299 955 407 245 86 61 524 360 435 681 906 129 321 887 861 768 378 556 630 335 760 320 82 227 705 31 34 801 269 570 263 922 617 157 728 286 34 24 445 752 750 564 701 563 963 674 452 571 47 385 651 701 649 301 70 640 453 436 447 322 13 365 321 931 39 708 177 628 483 692 36 772 167 839 694 521 680 621 384 717 5 710 485 221 106 185 95 723 419 926 732 215 7 873 829 632 778 650 175 539 74 902 600 856 915 194 180 894 713 511 996 914 916 825 949 123 784 138 922 783 208 44 642 933 692 319 587 38 982 617 348 429 471 308 708 443 906 603 709 605 455 816 72 341 762 278 662 552 633 409 621 826 123 816 849 672 335 458 367 654 982 967 694 263 4 951 841 195 895 945 253 755 632 742 33 414 748 252 356 324 899 922 972 232 838 465 213 939 446 195 703 307 196 830 526 883 716 309 576 417 889 3 768 258 543 782 933 123 522 949 72 878 23 232 53 394 609 149 636 276 682 402 316 982 267 914 875 899 257 403 661 481 374 619 825 798 812 581 298 935 171 284 14 966 279 382 94 732 472 890 810 242 836 451 82 408 76 450 247 368 774 751 226 491 287 219 586 39 122 575 501 480 540 133 793 765 900 721 13 377 843 430 973 749 133 327 877 337 496 919 547 557 491 131 571 396 470 427 256 48 801 513 135 288 443 166 102 958 476 351 705 624 551 149 84 483 508 688 814 254 478 241 449 65 797 413 850 614 203 210 343 175 232 927 338 974 760 394 778 938 378 57 922 200 120 434 530 724 658 935 664 81 744 955 511 769 357 680 264 526 743 926 366 175 806 349 549 528 243 653 915 336 190 510 372 821 266 54 59 120 206 559 228 38 895 850 821 404 519 416 174 110 553 731 696 588 997 114 797 969 8 427 261 685 275 233 558 717 971 593 454 88 728 331 470 835 449 394 155 824 256 86 903 229 614 4 629 248 532 581 752 439 879 129 841 777 740 246 744 806 350 992 2 428 936 511 176 363 791 398 16 804 863 789 849 89 223 208 244 23 70 901
267 753 99 246 208 886 563 776 393 314 352 966 309 585 790 913 32 774 211 79 330 805 338 594 24 806 341 637 539 942 732 614 307 733 224 85 735 550 176 332 487 205 639 828 43 649 432 901 712 42 598 306 408 594 636 126 433 801 299 432 169 97 393 413 743 11 879 722 239 991 154 199 883 774 169 528 553 7 124 219 469 156 485 178 900 707 957 480 337 272 246 456 270 379 390 24 550 414 710 657 416 83 776 266 327 845 614 97 794 49 237 736 500 506 1 289 315 506 840 941 323 66 709 650 130 351 921 460 704 125 52 458 865 465 640 130 360 621 554 810 118 152 258 190 161 313 668 441 611 98 265 428 689 254 851 676 514 227 435 549 367 895 83 908 897 263 68 700 368 815 741 305 447 689 146 176 232 234 228 371 681 865 408 959 658 60 501 216 343 209 799 601 805 644 853 945 875 955 780 623 74 944 520 67 231 132 479 327 960 110 608 887 661 506 174 826 716 736 108 185 313 129 418 464 81 904 675 477 664 862 50 734 571 957 645 962 530 403 29 757 651 805 846 319 258 903 376 314 133 575 71 361 852 208 758 568 855 965 937 451 501 673 122 378 379 202 200 428 931 238 347 923 981 833 215 432 556 477 584 823 143 145 476 636 236 223 797 701 494 448 109 238 607 290 881 964 96 296 711 106 100 446 472 5 21 382 745 574 725 261 954 275 806 512 756 680 990 285 492 367 396 935 877 893 63 83 382 695 244 351 22 145 610 695 237 958 64 107 909 750 684 719 943 448 300 545 264 893 35 66 676 801 500 864 122 354 449 220 124 402 614 70 535 113 326 679 258 250 120 280 532 39 265 722 285 309 725 602 577 48 474 579 934 42 336 12 583 245 623 737 445 55 591 121 477 869 976 986 414 807 872 603 636 180 730 299 138 458 655 569 252 633 564 723 910 114 652 391 619 831 548 859 505 268 286 671 905 521 212 421 771 257 294 989 26 45 54 939 78 56 952 491 20 771 835 868 929 791 806 62 818 860 496 885 15 765 120 654 857 16 667 584 434 874 195 116 989 283 933 436 665 353 965 417 54 126 161 370 461 517 341 437 691 130 127 817 547 919 106 422 90 335 623 253 365 991 318 649 664 265
901 29 69 947 585 756 221 65 704 109 570 843 457 918 836 995 831 532 347 222 749 969 673 360 305 188 374 215 775 962 800 643 4 47 551 253 990 465 706 55 623 816 954 507 585 299 310 679 894 527 107 770 994 125 376 257 775 10 949 334 834 629 201 278 412 831 615 515 452 969 749 45 290 896 839 661 181 536 98 19 821 12 566 339 572 975 497 377 717 518 940 614 896 189 118 987 654 564 2 302 522 804 407 849 687 301 255 943 615 624 464 16 978 837 810 802 721 794 759 489 983 91 746 99 438 412 617 988 485 803 867 221 337 524 823 6 768 223 68 936 665 454 993 620 36 806 733 132 550 415 417 688 254 141 877 364 254 824 501 281 169 646 881 198 244 531 6 768 907 166 609 183 165 455 963 432 112 548 266 390 484 445 676 435 575 37 242 673 787 376 436 533 216 25 967 305 347 914 969 290 704 142 869 176 206 167 63 60 313 853 845 810 168 192 514 333 984 430 635 778 22 98 276 739 949 725 387 524 375 500 121 180 28 468 427 785 327 247 93 864 757 925 791 686 154 645 824 992 686 850 795 818 968 658 653 338 955 267 997 388 476 451 934 884 911 880 311 681 480 402 97 236 163 792 697 229 901 938 293 335 842 351 180 878 862 66 620 707 246 930 696 704 271 701 902 166 223 999 489 431 449 388 249 289 896 42 103 754 622 608 890 360 484 307 141 242 72 753 574 27 946 709 608 809 36 619 186 975 55 934 215 365 526 173 742 14 112 648 606 106 70 455 286 377 776 359 411 72 951 169 239 528 833 796 419 875 673 986 469 560 101 847 608 819 775 244 731 125 531 43 536 197 406 223 175 24 668 111 200 454 194 803 580 810 110 626 73 66 110 698 879 196 462 793 31 733 964 279 581 897 920 499 814 822 517 934 328 832 559 388 542 121 81 219 843 594 147 175 782 391 303 207 32 613 674 133 527 301 842 148 275 205 310 29 109 887 951 950 793 82 204 994 699 163 379 403 337 488 88 748 280 310 181 331 380 681 664 4 991 169 329 595 992 181 84 254 88 845 914 41 770 616 490 409 540 477 601 588 609 615 272 126 625 618 830 51 919 290 965 17 236 645 733 331 43 822 190 522 113 666
113 314 532 339 637 235 571 488 773 334 892 988 911 941 652 311 108 975 426 386 865 416 483 787 81 97 646 253 328 50 431 807 830 614 669 600 933 219 504 426 986 500 569 604 151 651 193 882 773 258 631 359 327 147 271 785 933 480 288 902 153 334 834 141 38 933 806 421 102 514 174 916 962 773 944 256 375 863 459 75 694 290 756 201 946 597 400 671 73 60 371 133 176 794 522 951 755 218 500 900 564 935 775 38 555 127 715 942 986 891 604 416 409 414 222 713 364 29 51 179 261 632 688 333 135 675 580 343 986 443 759 918 120 172 861 443 817 343 74 139 616 223 789 54 458 407 263 868 488 180 580 74 140 410 177 524 495 530 100 59 544 392 547 844 129 891 619 272 498 37 260 183 882 843 541 405 483 368 319 978 975 555 28 285 946 730 130 816 25 972 962 953 99 795 188 282 642 326 311 298 129 720 304 979 425 965 266 875 156 962 507 172 662 765 718 74 716 899 90 39 416 137 159 147 984 632 406 238 194 272 136 560 507 417 478 869 268 455 985 388 472 419 346 378 527 34 928 332 783 607 624 386 241 428 383 712 106 451 988 294 586 721 687 344 504 998 35 482 977 63 801 171 668 406 878 202 543 273 6 767 649 691 182 547 363 874 446 481 910 769 338 467 425 879 146 681 63 198 492 209 133 738 165 345 843 242 273 915 563 550 909 105 211 105 593 789 333 666 715 489 488 770 618 845 41 383 841 787 135 683 370 436 727 649 178 902 30 41 831 372 896 362 417 553 815 893 153 852 498 201 491 101 897 485 319 101 371 333 718 913 159 9 389 230 372 154 347 717 934 251 587 131 872 171 589 63 499 597 299 378 19 447 525 294 10 207 818 57 135 390 142 663 98 612 670 948 397 743 512 562 430 148 416 64 443 322 332 106 132 283 832 119 473 476 384 53 886 218 307 206 850 934 956 490 380 785 646 654 699 636 348 809 242 881 707 993 628 841 663 508 7 583 900 43 857 129 801 72 799 20 613 95 100 113 726 111 496 686 48 840 849 855 80 39 372 307 966 727 801 730 864 987 943 588 85 470 365 185 965 156 694 615 483 226 422 272 160 704 921 109 691 270 268 619 203 943 209 403 516 7
805 131 483 965 668 407 334 478 158 807 526 467 609 248 706 327 761 582 253 344 857 666 988 143 229 303 859 593 231 101 16 154 632 146 517 559 964 322 776 891 634 604 753 954 955 738 806 64 860 842 739 187 766 46 655 45 591 512 303 152 736 15 523 905 70 727 249 964 577 934 254 9 838 836 458 125 565 328 701 845 469 744 658 15 154 125 641 197 359 909 58 37 293 873 716 670 411 575 879 115 226 666 443 601 698 467 497 309 409 495 446 311 526 742 640 48 403 679 676 607 48 10 720 891 188 438 570 553 213 597 178 912 641 206 198 942 358 796 91 812 124 826 213 829 317 187 867 303 41 244 693 624 851 71 658 519 34 295 911 182 20 239 966 414 856 732 569 74 450 59 687 586 831 733 554 331 631 502 104 490 999 19 399 393 26 444 809 676 666 860 497 457 283 68 758 193 77 194 377 238 421 291 603 813 341 340 517 393 420 437 278 478 774 122 620 855 591 878 317 40 282 105 579 654 27 682 101 157 101 44 143 144 111 163 75 338 68 533 276 191 436 973 300 174 388 693 448 558 863 104 726 608 709 66 361 517 316 75 789 830 117 321 699 559 158 142 642 474 959 34 179 24 230 561 303 923 677 841 795 910 113 79 378 23 684 380 410 77 42 380 832 479 999 153 611 558 326 675 954 980 580 71 123 208 98 670 103 186 855 276 373 104 184 641 505 355 240 14 858 841 118 710 120 802 718 268 660 193 288 981 53 77 996 39 995 413 419 397 96 782 473 457 150 868 704 425 755 780 75 637 400 328 130 676 833 659 829 196 609 913 712 401 772 603 359 297 811 946 871 161 728 524 75 644 861 698 720 990 414 688 922 69 102 647 941 325 774 585 917 93 959 408 275 184 295 915 741 291 840 144 771 913 587 564 140 184 475 261 902 638 287 673 99 745 639 330 929 310 964 475 155 234 984 467 61 899 621 559 81 856 804 742 619 746 250 142 995 462 991 895 257 612 210 961 945 99 411 24 589 153 744 651 259 957 907 37 502 721 323 327 887 494 310 1 348 719 543 119 871 680 611 134 86 865 614 428 729 650 198 40 532 570 625 66 333 507 392 41 487 832 808 668 566 566 943 294 252 317 337 638
72 669 965 190 816 820 940 508 864 20 430 546 285 176 431 143 577 485 128 615 57 612 198 568 407 649 195 443 543 406 353 413 444 909 391 321 332 979 280 171 249 740 832 814 794 80 807 564 381 493 167 60 477 885 360 396 796 20 787 618 90 328 390 500 288 879 187 427 387 828 68 507 880 955 23 796 775 332 619 525 935 713 837 568 74 592 35 623 726 733 507 971 417 255 533 658 284 107 923 959 166 934 199 222 927 380 769 956 764 273 348 970 803 524 673 233 313 953 542 746 745 929 958 316 790 627 88 107 693 400 943 138 265 330 923 896 334 473 50 136 57 56 762 381 61 777 268 583 205 571 850 371 525 545 94 650 117 592 807 52 636 414 525 231 625 306 958 846 738 882 971 768 716 924 741 921 101 130 922 861 253 576 158 428 876 772 772 295 416 981 810 727 235 161 299 938 331 34 452 949 719 585 848 613 460 318 624 369 31 300 86 533 66 681 48 564 239 895 499 901 237 429 339 317 846 514 599 210 346 839 668 690 176 740 931 917 4 754 438 556 810 174 897 346 164 84 804 569 85 528 110 214 745 709 642 439 561 838 472 593 664 722 287 45 559 36 490 403 924 16 236 482 389 588 328 243 16 544 396 630 976 925 344 682 877 356 219 670 693 926 28 270 917 553 195 802 274 300 643 849 68 181 353 874 445 956 276 18 170 437 205 634 564 604 788 8 709 536 851 153 197 351 401 369 103 704 706 732 717 758 40 872 562 642 572 506 602 79 631 865 626 701 477 471 302 556 801 149 262 376 266 579 874 555 0 999 351 212 885 807 52 432 585 455 458 264 577 147 821 618 196 338 908 255 344 951 429 903 386 733 43 186 211 908 212 101 918 470 182 440 144 285 36 897 537 376 272 742 186 742 663 998 621 539 980 405 836 274 280 167 919 191 34 223 545 560 309 169 691 232 831 437 737 789 405 570 453 899 198 811 91 773 7 49 840 140 414 923 613 144 499 411 504 983 351 807 86 454 508 544 612 9 473 125 330 458 426 929 296 781 434 383 532 903 336 456 792 657 603 555 27 461 690 976 336 279 456 793 519 973 4 587 207 45 328 929 712 630 529 486 380 45 660 973 66 300 853 831 336 272
634 540 842 325 280 941 694 280 107 618 933 999 95 111 267 932 986 34 555 800 233 747 787 605 10 826 595 364 752 915 399 498 420 367 209 855 23 800 948 124 46 658 301 741 493 940 257 542 684 829 759 823 743 901 846 208 557 282 624 48 561 257 886 538 821 621 618 170 728 117 288 468 51 722 175 527 800 290 537 760 219 956 969 964 292 687 286 235 977 835 668 636 80 325 45 106 19 608 522 398 228 146 584 270 798 605 689 853 798 982 690 749 363 998 832 619 618 423 552 446 81 349 599 811 217 601 746 86 579 355 479 744 856 708 26 716 483 138 366 153 705 298 619 441 494 903 921 944 749 281 145 766 939 136 57 368 333 913 723 823 522 97 89 404 606 114 549 368 360 490 432 674 565 110 283 151 585 45 401 443 332 955 773 990 863 714 601 336 894 31 120 145 746 383 817 564 725 298 730 652 706 471 800 522 293 622 477 152 571 130 975 196 425 538 4 739 315 559 743 798 999 928 554 766 477 953 471 68 160 864 651 551 986 839 593 106 831 16 572 580 739 293 171 946 987 70 716 385 330 118 999 837 699 844 648 109 694 437 391 186 508 654 709 564 24 231 378 655 625 584 792 913 151 764 171 533 363 472 354 833 755 221 731 811 225 854 819 208 774 847 607 52 83 320 701 660 208 782 138 289 737 976 642 953 913 273 732 659 200 839 298 149 413 395 848 787 166 210 342 277 310 986 65 690 594 674 773 891 181 816 437 169 460 351 574 658 414 228 630 57 752 992 530 606 471 649 624 132 390 259 728 198 573 457 993 537 918 493 845 389 208 962 127 564 668 853 652 746 589 392 517 189 246 192 810 560 475 760 427 39 355 165 738 519 327 614 931 485 990 207 961 763 468 790 323 814 948 92 51 903 694 950 561 381 541 459 645 855 311 354 164 920 114 810 221 919 547 375 833 654 787 350 53 950 450 60 658 306 375 286 306 202 608 105 235 75 282 587 644 676 747 517 589 336 373 889 538 346 681 845 690 734 655 450 321 801 175 904 500 77 110 409 818 978 280 124 398 416 255 696 673 124 51 4 690 950 492 556 376 551 996 309 865 868 305 278 971 457 52 277 722 204 736 102 25 88 401 836 534 756
978 432 277 824 453 692 120 259 695 477 991 865 652 932 90 715 231 556 982 97 740 697 254 50 12 626 702 614 2 662 46 130 965 630 922 172 149 810 313 364 300 936 95 336 414 145 295 237 118 920 442 639 971 903 289 81 462 920 801 113 694 960 523 204 368 990 373 639 605 461 562 908 179 339 472 438 855 112 398 354 873 680 343 442 368 399 992 157 220 300 45 782 172 342 726 944 520 237 247 534 655 827 844 504 628 529 438 871 662 894 332 234 687 678 358 375 144 890 110 769 873 134 550 359 340 7 543 893 934 747 425 428 769 191 610 921 140 637 434 951 982 454 610 589 835 910 532 861 278 176 168 534 117 512 538 782 892 624 628 220 315 87 754 131 153 816 122 91 644 507 300 638 369 152 216 100 221 452 592 918 50 7 496 959 71 431 384 908 867 102 928 170 672 594 446 762 653 658 696 325 545 412 669 872 585 871 937 975 400 704 711 818 72 479 450 883 458 33 812 960 808 670 938 185 622 833 760 920 167 471 662 762 182 388 683 134 474 514 464 493 838 705 216 371 917 356 655 621 643 431 615 623 811 264 689 123 224 395 991 234 490 299 163 822 910 219 375 875 858 118 575 813 33 756 99 857 85 996 893 734 422 335 142 791 961 620 332 178 56 428 338 114 8 874 965 485 180 357 964 574 130 15 635 440 893 582 428 351 857 784 649 195 663 771 184 611 884 519 510 21 572 405 335 624 759 874 870 416 564 550 703 880 950 653 509 635 892 29 450 261 735 531 448 369 696 133 47 828 516 649 35 706 426 398 510 420 40 450 68 138 939 346 71 837 408 948 830 257 359 245 390 63 763 191 709 961 470 820 739 462 244 264 935 984 34 187 409 330 571 450 812 360 296 214 371 640 132 900 816 122 158 311 46 492 121 349 285 759 610 328 819 488 307 335 327 96 765 444 72 100 157 2 397 353 632 89 136 695 817 59 969 442 826 561 303 838 865 200 191 327 142 927 609 951 717 331 276 728 474 25 911 227 357 314 737 290 1 875 314 866 759 106 675 40 74 66 103 59 859 514 801 383 163 676 772 7 672 454 468 200 65 753 221 807 87 952 706 359 880 754 448 609 479 857 988 194 620 708 987 577
650 245 654 721 969 544 940 107 213 576 370 926 877 994 116 347 118 88 649 381 736 79 271 752 355 503 787 164 175 730 277 172 418 611 482 86 674 297 822 976 795 447 994 293 485 387 591 257 216 937 535 727 383 529 114 913 444 404 57 456 454 801 313 300 620 251 494 998 378 649 52 697 955 163 122 39 810 871 898 8 396 767 929 556 939 73 39 329 683 339 759 479 354 31 872 947 158 23 490 489 59 41 571 484 190 372 63 894 557 486 988 923 805 416 477 618 841 999 67 910 232 544 246 122 989 186 864 354 709 444 408 781 854 844 669 634 500 196 367 924 947 859 475 559 200 973 511 29 7 968 48 204 85 905 311 424 458 783 689 485 297 415 588 169 756 343 363 171 570 996 521 117 836 576 387 282 56 222 860 533 395 230 20 215 499 477 951 264 492 775 117 647 656 524 425 543 934 200 104 792 53 739 928 760 854 879 201 13 425 958 784 163 371 801 437 24 790 692 267 475 164 363 356 843 164 74 220 588 774 369 141 936 920 515 431 970 346 780 664 425 168 28 266 592 621 343 757 454 110 657 291 851 690 345 786 533 62 500 599 995 804 487 997 971 951 818 72 861 587 760 416 586 452 724 758 50 868 530 187 250 166 838 298 10 565 789 665 421 222 203 799 941 373 275 49 79 40 991 198 346 418 441 501 825 465 109 934 762 889 664 169 285 544 114 281 6 884 815 945 158 851 858 473 772 665 654 294 553 558 637 881 812 599 401 866 482 233 157 713 450 907 238 712 605 217 418 208 697 505 753 907 782 927 646 777 743 528 655 750 774 662 103 95 55 698 550 728 642 181 660 63 825 256 501 302 503 62 115 267 703 279 629 532 903 900 815 672 134 27 761 960 916 684 935 846 286 246 33 827 53 813 51 534 955 192 809 765 749 308 819 208 126 894 716 840 63 315 652 780 910 437 878 19 245 541 590 791 86 571 143 457 685 538 25 54 181 97 327 341 548 859 97 46 811 987 335 276 466 75 603 220 558 167 44 613 57 417 220 361 112 665 682 183 149 414 504 529 63 313 22 58 448 152 769 689 316 434 368 162 574 187 154 642 322 204 971 509 320 780 736 513 346 532 246 825 369 805 282 942 741
992 466 932 406 171 795 704 3 235 536 598 351 758 765 884 191 71 848 527 46 371 58 805 367 721 177 488 497 882 662 146 539 407 521 673 930 235 970 556 256 318 874 454 591 594 108 537 610 590 445 368 793 806 591 768 667 15 167 153 54 234 602 816 508 428 906 156 607 718 782 91 703 20 191 52 153 816 524 910 954 794 462 943 100 941 141 603 567 804 473 849 659 18 71 350 750 680 534 536 565 699 870 930 147 995 796 147 901 864 557 352 139 608 241 478 38 323 581 539 457 798 294 200 626 599 697 456 910 563 57 552 628 205 41 197 463 776 959 684 244 926 762 479 733 198 990 749 66 533 140 934 333 650 175 614 501 234 877 150 568 611 212 285 17 62 499 915 748 494 508 612 631 757 577 889 80 270 48 77 920 912 976 949 269 931 316 523 840 763 805 530 479 597 940 94 421 259 956 976 286 598 105 24 969 850 414 182 751 312 467 81 416 219 229 724 915 915 791 239 234 73 550 879 643 7 721 407 268 854 27 963 213 766 33 907 502 421 315 219 594 459 622 227 502 533 511 891 861 856 294 689 372 120 663 974 439 784 849 459 968 449 829 510 734 338 198 684 217 698 836 251 500 119 213 42 414 827 165 500 395 742 601 858 452 332 516 586 933 653 224 545 995 244 788 545 981 943 990 233 482 70 500 425 524 739 992 710 601 320 993 212 309 178 513 867 238 291 148 644 839 635 250 894 240 249 455 550 909 973 351 590 91 533 227 985 167 986 200 181 465 137 266 191 684 893 271 892 53 979 573 883 909 397 253 556 133 390 328 276 893 409 278 321 101 579 629 22 608 935 944 527 335 187 743 231 29 77 654 361 371 408 306 141 776 195 619 820 875 255 441 26 544 51 934 937 770 574 160 615 703 438 846 674 144 49 359 724 747 298 922 70 126 640 930 935 519 484 106 391 549 628 568 544 123 495 199 886 825 179 854 606 158 326 128 389 116 30 533 31 770 760 931 337 886 411 650 740 184 10 134 364 351 858 140 584 89 635 463 631 730 296 146 502 203 661 228 817 902 694 308 454 36 310 207 227 925 818 597 823 993 364 340 685 954 816 633 455 748 909 738 132 495 366 605 977 642 301 664 750 930
781 660 304 188 645 803 974 628 162 114 890 285 376 492 540 948 326 214 603 848 3 199 775 551 25 571 265 698 324 655 444 716 895 201 786 699 263 507 211 251 241 621 883 119 310 674 927 330 682 713 916 424 812 931 113 161 47 510 40 343 623 824 439 776 812 903 774 605 432 41 214 967 304 288 798 249 635 27 663 421 25 251 982 14 135 806 462 588 983 551 703 764 834 701 891 132 951 208 476 29 925 166 607 138 422 621 540 527 251 840 770 608 557 169 724 443 835 559 733 377 528 872 26 484 733 145 474 114 970 290 147 746 870 392 43 212 674 979 622 864 371 222 874 137 382 697 473 548 102 949 295 225 957 832 107 535 901 837 831 150 709 832 710 664 604 999 722 795 966 108 724 360 183 357 243 744 219 870 706 715 69 224 480 302 646 992 133 388 480 514 945 476 450 539 966 36 316 877 997 265 570 937 220 300 850 60 214 576 471 594 166 71 822 667 856 702 435 440 251 703 660 830 71 714 404 855 472 559 837 116 899 809 155 313 802 355 42 272 68 653 666 695 998 341 600 649 952 466 789 814 226 864 323 970 879 63 117 750 80 210 735 303 320 87 662 751 743 635 767 938 865 578 442 389 319 57 118 830 823 596 701 399 505 209 985 932 217 307 928 239 801 987 706 624 303 124 699 219 961 596 870 871 706 888 919 785 268 138 47 72 946 215 685 986 29 222 235 343 911 918 66 994 726 47 133 186 139 818 999 686 648 641 674 724 611 989 692 598 776 549 304 99 375 333 626 915 138 539 124 188 700 286 491 277 582 270 125 412 357 635 553 941 53 277 861 472 437 660 501 350 304 38 444 892 534 400 661 764 976 999 469 897 337 20 614 653 116 557 343 382 771 287 140 982 126 187 427 110 483 238 349 770 266 293 626 621 2 343 993 66 48 420 821 818 31 576 349 809 773 848 78 917 531 821 86 873 734 657 179 404 251 23 398 744 120 937 777 122 406 58 916 740 303 108 889 72 726 402 875 504 336 0 387 401 635 598 30 13 286 327 917 506 336 795 220 237 621 474 102 380 891 114 400 207 323 564 712 747 93 823 66 966 267 333 584 26 38 788 169 771 994 807 697 227 187 977 464 303 441 435
264 393 431 787 99 962 822 81 988 175 262 684 299 511 329 945 126 182 36 785 899 705 646 918 264 250 518 408 784 472 875 481 653 865 449 393 953 551 712 281 13 129 849 770 802 965 325 612 164 108 356 972 527 525 728 3 912 367 738 167 964 263 979 152 512 546 457 184 315 472 889 785 768 247 925 301 365 148 926 801 35 931 420 829 866 621 563 721 242 323 321 720 420 740 351 370 854 947 269 258 693 818 263 150 21 498 187 189 131 778 349 176 475 187 951 380 360 521 950 598 944 936 716 698 165 186 420 994 86 706 169 412 856 264 147 378 409 265 209 388 364 368 222 844 610 953 217 181 622 766 240 991 605 815 978 608 654 313 962 788 164 941 542 779 547 764 1 119 497 734 145 45 538 574 450 963 109 224 140 523 407 683 458 513 291 423 929 591 900 869 458 707 794 441 20 734 733 92 337 303 214 612 128 373 302 903 407 819 751 136 572 212 751 813 564 486 257 958 105 906 341 147 270 466 928 199 770 970 634 463 498 865 5 701 491 79 561 697 642 494 521 70 22 183 914 197 813 248 302 158 195 25 714 448 292 850 129 121 976 301 496 252 656 380 759 318 214 484 375 508 2 548 220 998 310 171 317 972 180 699 118 417 603 220 421 888 878 201 719 689 714 878 390 234 345 618 379 566 655 984 712 560 571 758 898 710 242 649 185 496 245 509 31 349 751 190 434 659 859 199 434 695 447 731 557 975 24 882 531 123 933 531 37 923 303 595 115 846 947 744 135 487 654 150 991 761 998 838 489 40 341 492 720 27 472 726 622 47 159 778 892 384 382 55 957 978 951 429 1 812 369 728 219 696 715 809 874 819 406 913 40 490 143 81 951 76 424 420 204 111 164 657 987 534 518 998 864 104 91 158 26 334 233 594 561 485 651 244 786 379 505 610 78 25 616 271 579 580 160 150 313 343 515 714 157 404 18 911 922 167 466 739 683 841 697 460 78 332 583 448 226 251 564 29 216 782 532 237 452 964 477 796 948 441 59 310 716 257 391 628 189 633 535 814 678 917 896 680 197 866 950 603 384 557 273 648 545 954 971 685 900 702 583 779 47 963 81 179 514 726 713 266 745 91 480 886 457 508 3 348
308 313 202 148 335 488 982 992 701 85 590 277 395 295 324 742 756 663 76 381 816 371 634 681 95 576 266 942 145 627 178 85 430 967 168 375 169 657 609 298 741 11 699 172 349 445 674 338 980 631 897 173 779 113 487 946 465 44 401 195 612 251 729 577 561 139 55 780 415 739 196 485 568 488 332 347 609 567 537 252 460 228 747 611 991 802 894 226 725 424 886 680 507 516 730 222 602 807 101 24 561 270 136 198 89 680 841 707 929 745 307 924 621 873 80 526 479 785 195 793 733 11 443 172 529 824 951 872 607 187 244 746 23 180 67 340 517 415 238 37 373 493 658 995 802 130 229 136 899 70 670 63 743 848 233 728 281 753 49 271 306 458 220 590 119 799 861 268 508 871 194 13 102 185 290 916 939 131 770 193 5 88 646 323 920 665 74 610 893 283 923 509 892 510 376 358 876 491 47 289 317 128 293 699 247 904 559 665 400 776 315 862 394 254 7 425 175 567 923 332 936 790 97 713 473 126 294 70 88 834 970 62 354 853 665 79 312 359 682 381 379 740 634 793 466 36 388 449 707 653 400 768 350 467 938 439 739 488 290 162 38 109 448 986 399 718 312 304 921 14 349 554 936 795 815 580 421 121 347 613 655 861 129 22 484 306 179 467 387 940 305 845 244 985 836 703 693 953 578 263 939 214 864 193 519 525 452 910 110 91 350 382 27 103 596 750 633 239 234 243 866 793 720 643 146 543 696 668 680 492 731 677 550 2 711 678 556 474 878 775 621 606 448 241 40 625 364 553 168 952 201 127 961 488 422 452 784 922 697 891 919 166 175 750 720 283 164 752 90 208 275 641 311 753 787 312 313 538 160 315 848 247 116 837 441 209 461 145 639 657 366 676 364 420 879 977 689 300 419 69 817 555 268 27 163 631 987 328 695 509 817 130 950 86 512 918 827 587 482 665 163 814 71 496 450 719 285 933 123 607 846 937 120 52 473 553 362 173 992 831 700 105 888 513 601 967 7 84 313 248 477 87 76 300 724 235 214 204 350 790 162 119 466 264 666 733 792 574 65 210 683 882 577 915 147 881 534 835 234 746 654 374 894 58 22 797 966 2 445 271 277 63 134 689 362 955 401 827 11 795
364 475 313 122 931 764 341 639 436 185 208 517 850 407 724 812 661 736 161 159 387 828 971 223 119 81 864 476 978 942 762 3 972 907 574 525 464 353 150 901 538 758 711 218 309 937 740 279 624 690 45 41 30 302 178 481 710 725 364 963 657 796 932 264 420 885 980 790 57 135 391 989 250 480 657 846 381 229 323 322 71 391 845 339 907 384 481 434 80 736 417 889 451 945 992 467 26 769 63 422 394 949 665 716 244 55 31 331 543 546 607 827 731 443 406 404 672 321 56 702 658 521 979 118 884 564 853 972 42 421 541 832 288 165 220 988 133 789 458 442 279 296 684 524 78 296 539 627 480 708 631 532 385 970 697 892 263 25 766 39 649 183 628 440 914 426 149 483 466 410 766 250 281 970 618 571 204 651 158 969 665 880 628 821 884 299 922 189 539 58 729 743 936 674 609 68 126 996 979 858 119 970 297 908 153 568 178 391 244 903 860 187 699 847 896 504 774 165 622 920 186 111 99 461 282 478 308 187 303 985 478 629 869 893 719 396 201 652 952 639 417 1 852 53 596 780 250 610 605 78 137 326 698 703 651 543 468 700 931 602 851 868 67 354 301 941 72 788 454 770 592 327 98 424 411 547 378 758 760 572 595 389 88 990 916 119 995 892 86 674 852 4 934 804 566 990 702 221 300 461 108 720 46 342 624 199 407 80 434 993 853 442 294 884 380 783 235 265 899 363 274 518 647 11 542 64 193 162 457 628 122 264 612 756 254 376 114 714 785 317 581 578 718 957 254 937 484 859 605 780 920 700 59 113 352 272 568 940 297 571 487 212 902 423 780 922 948 934 903 53 378 828 525 746 785 397 810 406 631 485 782 374 512 537 572 452 194 509 878 300 508 40 320 305 213 564 2 834 663 135 21 34 370 960 664 298 145 587 82 523 963 251 589 237 709 512 44 820 181 36 137 365 637 921 97 330 894 605 810 147 96 750 266 445 806 206 680 217 397 401 617 548 50 363 599 760 8 803 872 669 556 328 614 52 463 224 913 155 727 586 612 477 511 670 451 962 956 541 248 626 698 483 815 852 915 210 676 587 941 661 387 63 561 747 658 301 981 378 221 117 960 366 37 454 184 443 129 234 754 933
52 133 601 966 573 54 565 205 864 721 27 805 889 922 352 763 414 344 113 37 683 864 242 377 374 527 187 631 513 876 402 91 717 578 537 699 58 602 698 975 928 245 821 269 786 644 419 97 167 257 595 543 652 795 936 217 619 736 141 121 527 176 579 557 262 921 87 577 293 625 291 429 138 265 2 310 898 653 980 872 56 554 44 96 330 148 715 847 14 452 498 463 630 770 225 172 292 598 758 313 644 312 374 885 946 724 132 272 451 110 513 682 699 243 64 569 842 852 841 676 2 559 809 486 402 400 528 607 479 674 647 510 48 442 438 945 342 689 538 59 649 78 566 630 913 636 601 28 13 93 925 442 329 440 148 656 573 851 272 599 178 138 904 984 273 666 465 950 365 175 244 625 992 502 396 19 521 18 636 130 66 524 342 343 593 709 980 338 547 353 654 422 412 14 180 818 161 51 871 495 90 235 879 392 162 130 49 850 558 85 257 363 374 836 934 118 710 20 831 474 366 771 663 216 219 23 44 667 828 609 640 7 75 667 354 165 964 594 238 632 977 418 522 132 297 624 820 576 497 200 384 69 493 823 832 438 47 537 745 56 381 19 803 167 91 155 552 263 992 769 649 938 586 110 692 709 225 997 297 894 830 331 693 375 867 475 279 734 686 323 165 395 13 88 10 929 664 414 586 303 774 835 989 630 301 788 860 437 659 805 658 336 865 759 980 372 323 829 34 223 30 744 985 786 735 660 291 921 138 426 656 277 871 832 488 649 544 416 792 172 89 137 624 148 701 744 897 485 637 682 348 730 6 479 105 83 305 399 840 43 174 5 409 587 762 494 867 453 957 867 561 944 277 746 82 927 844 592 151 351 215 148 762 2 790 381 70 577 97 443 217 470 895 250 934 874 545 106 886 398 177 796 957 625 438 553 373 3 466 790 232 765 742 190 203 887 477 948 807 395 871 541 524 444 338 168 746 435 667 956 852 748 205 575 889 978 463 927 144 980 417 270 625 131 884 716 925 81 289 586 980 159 405 780 712 481 58 628 774 374 700 343 167 535 790 752 578 609 120 755 913 647 604 6 186 304 640 437 59 669 681 289 909 132 882 217 141 79 471 143 469 699 994 710 111 381 226 986 454 793
103 857 494 647 342 755 98 96 260 82 920 436 607 444 820 642 195 187 977 207 265 407 237 584 466 457 362 67 195 912 159 536 292 648 802 533 368 722 243 775 181 680 867 737 186 507 185 122 219 139 405 397 627 463 306 953 862 317 72 732 96 666 464 592 698 39 868 983 960 471 547 956 449 227 961 869 423 996 853 895 778 526 55 300 119 354 903 4 398 315 119 968 71 815 476 696 643 677 535 342 23 617 1 322 507 100 812 310 173 456 598 285 658 811 990 71 983 313 252 724 857 620 88 722 195 862 977 13 756 958 803 845 879 598 930 896 56 480 863 835 450 891 140 528 718 685 280 141 488 845 413 686 330 709 473 875 488 726 178 829 248 883 948 78 981 799 835 220 970 258 580 502 35 60 661 204 753 373 468 896 911 645 104 645 943 741 947 413 300 761 848 997 1 44 953 672 550 930 880 872 430 831 243 476 458 693 98 858 122 214 231 607 518 6 384 141 594 961 27 494 137 172 503 360 583 877 808 238 373 717 731 150 737 410 641 18 420 433 752 354 559 316 363 674 825 479 130 863 152 512 366 302 257 231 406 940 423 277 154 601 880 672 62 684 425 940 769 696 961 313 862 783 230 611 555 101 497 57 135 965 133 93 744 294 753 754 260 592 110 583 747 800 125 715 778 64 115 731 803 636 78 863 632 905 706 862 310 579 107 125 104 496 62 596 10 281 674 757 615 19 239 175 634 938 407 432 435 830 415 856 98 586 646 210 807 148 13 335 570 628 484 575 152 812 834 826 415 288 622 383 201 780 842 313 725 869 433 389 367 691 899 329 97 837 615 57 49 631 428 85 108 825 527 713 683 808 211 8 976 9 221 8 254 906 374 59 265 565 315 382 65 216 927 53 972 951 419 225 182 491 130 160 825 458 289 320 202 925 307 601 211 137 422 289 622 419 521 105 535 96 636 357 12 703 244 408 235 752 159 58 842 375 114 908 195 662 687 51 870 42 396 460 54 594 188 62 955 394 213 119 220 919 117 504 403 636 778 467 805 257 136 631 341 553 110 366 51 38 19 983 457 37 840 667 931 253 197 708 43 685 548 601 903 170 578 761 135 16 467 425 46 54 449 617 680 629 536 721 337 186
295 893 232 701 495 656 142 775 34 358 857 722 604 856 90 465 927 589 194 18 491 458 226 44 751 112 953 825 450 376 578 950 335 708 787 563 201 365 24 652 407 864 245 577 840 21 641 949 847 532 993 577 255 913 408 898 811 166 499 291 107 891 990 427 665 343 548 523 980 151 153 537 878 414 610 172 128 532 907 531 135 858 857 518 647 189 339 366 221 690 566 235 910 698 73 553 909 702 963 272 63 425 178 345 927 628 664 553 773 808 649 883 335 269 835 234 371 364 500 453 67 225 961 206 870 997 61 366 349 418 667 114 379 446 404 502 532 656 999 79 288 800 17 170 910 677 141 41 708 966 30 401 807 451 639 767 128 79 25 39 583 283 270 240 192 379 824 490 94 614 711 893 617 224 567 192 610 195 204 393 919 530 900 262 419 124 16 403 933 492 11 143 95 342 737 199 87 283 814 992 608 869 287 894 601 52 686 26 16 302 345 565 404 280 178 797 682 64 297 932 704 519 819 723 348 861 196 894 90 165 255 814 101 691 0 911 69 514 998 770 823 141 527 227 870 741 974 846 387 887 155 935 886 736 842 906 77 204 672 951 342 74 205 376 29 52 67 438 140 659 209 132 157 377 112 538 136 815 875 3 135 227 586 32 331 609 759 912 249 463 247 75 111 935 321 901 901 513 368 749 608 684 276 703 561 489 912 736 643 308 359 391 293 342 989 667 666 345 229 898 323 866 339 642 580 287 642 177 120 300 815 101 446 367 215 543 498 887 324 705 621 515 575 219 987 187 438 959 384 495 275 890 355 198 548 74 850 490 713 500 788 909 637 620 678 261 522 696 749 68 46 416 615 791 330 591 311 645 491 861 493 58 911 379 160 588 646 998 981 249 576 632 83 785 917 984 900 228 924 103 946 847 128 265 337 50 140 554 337 827 677 910 33 423 470 833 678 230 273 105 706 977 423 93 627 175 679 727 92 373 787 383 800 217 851 137 640 241 152 921 915 848 620 53 483 411 213 724 242 748 761 446 872 273 423 299 817 159 932 622 570 243 158 168 978 532 941 178 24 100 439 874 35 555 251 908 36 881 378 594 107 251 48 371 165 534 477 370 464 773 963 556 881 599 124 164 940 475 215 996
210 935 330 428 128 751 454 724 643 739 628 454 201 181 823 951 687 87 697 374 605 166 808 442 874 994 83 497 548 535 945 849 825 454 135 862 402 994 85 340 803 832 710 556 723 26 674 208 344 516 305 936 450 412 119 852 746 632 58 295 172 800 183 541 186 623 892 535 536 610 666 282 30 325 340 23 684 891 942 620 644 922 632 965 628 402 440 444 742 335 844 388 748 439 586 325 723 577 569 635 742 217 862 486 864 238 201 257 630 97 586 389 68 813 454 302 337 452 701 940 409 410 363 595 985 836 231 156 852 567 416 735 768 412 143 216 46 242 75 826 866 529 221 991 456 542 703 561 152 83 768 666 856 844 214 350 386 489 740 115 920 27 519 875 683 951 79 338 878 1 891 572 68 794 789 291 769 827 348 552 343 331 713 410 275 406 254 754 789 78 54 813 55 828 979 715 483 451 751 164 294 819 985 244 257 514 707 707 475 643 70 911 184 314 759 318 324 361 907 394 14 140 935 385 501 853 1 77 850 668 850 418 651 233 461 432 599 841 242 285 764 167 194 924 439 270 905 730 771 14 529 771 346 362 827 240 134 197 632 660 925 37 852 993 220 794 781 621 580 369 801 141 211 550 445 656 555 926 88 677 869 57 331 137 572 869 940 109 664 483 908 283 346 895 42 10 837 590 139 754 379 293 549 574 499 521 583 96 920 754 930 144 524 504 364 413 452 462 380 286 814 409 575 24 78 629 139 205 14 120 972 719 210 161 194 43 925 251 710 958 474 890 691 499 66 350 43 264 942 685 295 936 99 873 742 809 846 291 616 896 894 802 200 271 572 689 324 459 210 601 964 72 203 654 940 272 977 725 247 385 31 751 311 621 413 884 741 890 969 16 815 834 745 456 562 870 466 302 939 446 80 10 6 581 132 865 67 286 578 146 966 479 917 659 413 771 449 709 749 920 946 902 477 768 580 934 904 385 914 492 451 397 225 108 359 205 240 735 920 232 254 136 150 866 499 90 717 819 563 899 644 806 391 792 586 984 974 401 313 338 232 447 160 703 377 805 980 583 838 149 196 766 245 760 64 348 662 460 507 981 488 284 127 167 897 60 625 239 653 746 36 844 865 278 708 136 887 936 294 302
848 499 818 104 29 128 720 570 879 222 329 576 640 789 374 771 937 888 15 58 549 99 715 819 480 144 537 312 631 812 781 364 739 906 156 491 724 66 255 518 935 260 922 903 173 781 426 344 129 987 143 885 501 356 538 883 434 716 16 978 152 380 188 584 191 682 618 443 465 696 948 373 964 780 114 77 625 850 651 263 549 614 613 700 848 911 797 410 744 317 291 816 622 428 261 858 276 229 68 190 252 958 933 411 873 756 938 852 447 120 818 19 610 731 855 344 855 911 896 224 345 715 115 709 233 358 315 803 687 943 850 806 539 118 827 932 472 595 565 715 971 259 612 662 150 579 672 860 722 827 330 439 697 967 486 543 85 631 440 233 11 651 127 695 881 314 775 422 45 598 424 959 331 918 474 933 859 508 256 397 814 937 165 845 194 43 525 569 909 150 990 668 27 175 148 262 996 578 973 894 70 102 500 378 412 512 773 732 991 167 837 520 449 949 410 13 640 998 933 79 703 238 145 856 10 281 320 864 190 422 933 695 103 613 137 353 255 95 22 282 99 137 563 842 253 731 620 590 523 842 8 75 365 323 408 366 480 57 579 376 872 122 790 806 372 284 843 810 929 805 230 17 984 533 754 32 284 696 688 138 239 759 175 508 848 27 605 633 355 239 59 524 516 686 176 719 9 645 750 371 786 752 117 642 322 217 957 123 64 336 447 215 619 81 725 783 453 391 692 165 70 791 515 146 810 92 828 598 18 430 435 749 447 959 421 12 296 214 491 265 439 980 679 489 694 169 513 148 775 910 316 864 392 716 208 20 76 340 527 642 901 276 790 60 729 62 17 50 954 517 683 305 589 238 353 174 12 928 834 935 619 336 930 943 7 855 608 391 467 420 100 82 792 738 952 766 787 338 538 461 792 296 844 91 551 684 561 904 7 885 443 207 905 118 933 224 343 620 752 886 775 865 863 836 812 839 386 189 509 317 162 92 942 37 191 923 451 62 588 741 174 396 811 345 401 629 865 614 104 127 915 412 624 310 115 793 994 262 2 597 949 826 616 992 99 189 270 656 420 17 951 840 444 325 233 974 972 675 601 781 90 882 729 381 15 960 628 264 232 104 870 441 263 4 662 702 248 229 918 41
372 204 40 737 406 521 279 916 991 45 392 432 667 68 701 69 186 761 293 446 472 661 378 14 42 459 654 948 130 268 417 282 644 731 65 689 122 732 839 533 826 256 650 343 577 578 257 478 593 565 192 30 816 843 772 920 957 156 80 141 695 701 684 196 160 874 204 762 725 51 956 114 37 465 751 463 710 116 106 971 182 3 481 298 344 588 595 143 222 518 978 189 94 246 585 711 686 411 931 69 350 778 331 837 598 977 278 492 885 781 740 686 372 213 524 295 22 869 186 570 792 854 845 380 179 171 582 607 409 479 667 318 37 185 198 704 147 714 145 289 832 353 955 687 878 923 345 104 548 57 329 557 227 101 55 514 667 335 913 239 37 633 541 645 807 227 594 613 254 359 88 584 421 414 506 461 883 553 941 930 883 90 90 546 290 462 942 436 608 763 929 649 572 921 385 820 263 21 287 705 880 151 605 571 699 638 228 241 183 809 854 260 634 762 122 647 597 878 805 980 82 721 742 276 585 17 393 355 846 675 729 484 654 975 890 139 880 983 672 104 138 699 861 725 786 959 369 660 761 749 766 990 182 804 793 672 209 550 472 8 474 368 493 17 232 557 710 186 174 100 986 864 29 218 639 197 642 462 687 392 198 791 904 347 205 651 271 980 205 604 844 441 459 57 872 372 750 113 938 281 438 323 463 673 947 777 482 552 362 637 238 324 408 561 984 399 389 971 428 668 151 121 59 130 997 146 707 126 155 381 259 252 842 383 964 657 506 758 476 859 423 850 852 504 975 729 429 771 563 477 399 410 964 770 163 907 734 370 959 932 364 711 596 215 810 414 508 497 670 698 473 341 98 844 539 615 449 84 958 384 486 188 955 998 410 337 324 601 426 938 655 92 476 932 997 332 173 905 873 227 136 585 111 88 961 223 633 797 539 917 695 788 531 596 777 166 973 601 863 167 579 131 217 753 140 72 144 186 454 125 667 595 120 136 268 318 869 797 541 711 369 403 305 101 71 886 755 26 781 141 213 593 686 23 151 883 827 181 627 562 708 911 0 401 949 654 847 40 413 324 101 892 15 362 155 927 502 157 730 797 288 158 727 660 784 353 319 521 83 479 914 479 934 942 791 912 964 375 988 434
160 764 466 499 860 604 614 597 41 943 836 659 807 334 704 997 227 383 979 832 900 477 492 179 986 637 978 693 498 281 800 741 365 21 867 779 975 276 781 737 857 146 868 38 73 947 46 444 728 50 678 165 179 286 268 913 562 853 66 666 49 490 522 133 334 371 71 451 66 919 116 99 472 373 618 14 598 931 398 83 307 437 317 495 435 443 85 426 964 613 413 410 510 314 486 178 549 498 115 477 598 690 124 733 241 579 466 151 265 373 42 247 977 31 528 2 231 354 353 174 22 464 882 745 589 162 893 57 46 641 193 642 864 734 766 373 369 532 529 15 646 716 74 33 212 664 899 659 500 199 3 265 853 809 553 697 380 298 315 656 160 546 698 881 995 518 729 934 360 401 416 530 544 164 399 222 160 379 242 758 9 947 673 146 114 521 656 523 840 712 252 543 617 529 246 871 476 893 488 52 231 358 844 241 106 781 713 272 84 947 824 126 336 470 696 912 110 501 151 19 133 580 172 39 457 492 341 794 889 423 433 334 247 701 621 857 978 162 643 551 303 220 275 251 288 299 343 468 589 488 278 154 994 949 931 647 315 948 89 506 521 374 582 341 380 977 478 453 158 780 317 626 314 3 397 257 417 831 116 300 328 340 322 580 340 82 808 352 631 440 630 511 32 721 242 69 55 152 591 748 435 95 225 360 638 606 770 989 671 599 273 755 940 300 755 529 237 196 980 648 538 839 105 936 678 145 157 685 608 432 446 905 800 680 689 267 269 246 126 450 435 970 432 374 671 469 492 58 796 988 142 33 634 142 477 121 300 872 107 531 287 720 152 252 841 47 669 724 507 618 173 997 59 220 940 643 62 681 847 122 600 890 165 4 171 941 433 3 96 849 347 129 686 978 407 810 101 407 822 335 591 681 5 138 791 996 739 337 429 711 491 10 99 118 994 167 172 39 781 645 560 736 298 27 401 473 197 19 868 548 354 757 528 961 465 40 490 976 25 901 396 893 153 314 898 70 602 379 296 161 555 365 444 143 812 188 125 323 395 106 167 51 535 550 710 82 592 533 363 220 254 507 76 234 450 32 319 245 885 490 653 454 567 505 459 363 869 815 478 120 32 170 108 667 741 860 44 692 942 13
245 963 19 382 732 215 1 815 630 788 576 229 676 19 993 368 666 475 240 649 468 543 641 567 86 945 258 108 574 679 240 18 547 150 400 899 586 764 760 902 449 758 515 435 43 551 161 786 437 98 143 884 246 946 60 274 397 918 365 425 272 124 714 1 551 146 855 100 216 966 325 615 176 301 17 383 124 849 32 637 245 256 397 493 606 61 288 680 549 907 707 923 135 168 827 51 559 265 178 463 869 350 984 558 556 373 653 679 350 579 687 620 657 443 708 314 530 477 559 279 980 821 222 649 356 383 776 286 766 392 491 575 215 409 47 559 205 53 676 956 175 95 354 156 15 391 502 967 351 828 216 154 856 841 473 90 983 129 313 345 402 573 684 615 387 542 829 143 60 283 872 35 22 344 721 529 689 605 474 999 244 738 121 384 950 312 628 310 322 150 521 38 876 452 236 745 368 657 623 169 915 794 117 933 973 101 526 639 100 324 421 498 884 27 731 790 3 639 959 855 191 908 487 845 692 68 164 280 250 641 676 320 877 15 654 0 290 607 170 837 91 535 696 303 200 248 867 838 275 226 761 68 225 394 85 203 873 936 714 943 273 535 492 149 51 933 941 606 422 32 297 807 959 425 149 228 211 413 343 465 412 875 263 803 117 226 565 305 27 268 147 304 846 876 180 558 730 837 95 810 942 193 396 197 403 668 682 475 44 877 264 701 739 174 344 567 264 953 209 144 282 818 765 451 189 451 10 490 248 413 945 809 470 58 306 258 288 264 195 6 612 244 914 733 589 661 301 482 881 183 392 874 95 56 756 464 389 221 173 121 564 391 792 0 522 317 793 837 111 818 224 186 253 661 622 926 472 961 203 63 788 210 142 894 475 380 384 865 120 574 888 567 135 919 57 238 718 333 704 458 695 970 257 995 79 814 292 285 605 555 638 869 315 37 926 706 698 829 138 304 561 249 281 161 107 337 975 17 348 324 176 661 701 193 507 437 673 992 413 65 825 624 398 959 898 802 40 597 944 552 766 385 922 565 371 415 253 630 73 7 700 261 709 784 569 604 357 936 254 301 432 170 321 120 346 289 917 228 666 521 162 169 748 789 66 960 278 190 521 252 709 420 280 499 309 924 757 301 574 28
898 319 195 840 713 559 409 39 727 428 599 341 278 10 969 385 207 536 904 128 453 878 285 683 296 509 219 117 408 720 526 88 356 582 427 711 891 978 414 240 940 50 850 217 980 724 533 605 986 95 21 165 484 801 603 417 837 350 561 563 288 1 301 474 81 518 738 573 166 946 294 960 919 29 707 873 859 980 447 956 10 190 184 988 743 932 593 981 637 394 242 341 921 72 52 754 253 522 602 785 551 965 492 427 554 968 618 240 14 82 670 129 823 772 409 694 41 401 685 407 802 916 429 394 430 861 700 60 843 54 388 617 476 107 639 681 95 135 653 837 769 103 640 253 71 818 89 287 148 630 133 142 476 431 403 805 220 882 710 190 47 554 653 681 361 500 36 959 186 172 69 105 846 491 151 157 539 844 344 540 424 252 838 679 80 325 697 595 578 640 184 583 405 301 185 965 46 852 264 878 70 225 766 546 478 407 413 509 284 430 637 856 249 963 15 501 872 676 99 316 576 44 843 85 42 362 575 954 93 782 637 354 559 966 884 387 968 237 711 296 646 949 412 963 426 924 82 152 426 372 55 665 806 122 66 325 477 493 360 893 947 45 49 562 961 651 491 368 946 309 624 772 653 594 5 886 945 452 292 377 279 266 715 759 408 935 954 78 651 68 288 175 220 714 178 542 594 612 988 346 550 856 774 280 458 410 687 940 929 2 779 524 815 135 484 187 13 838 450 551 865 923 976 349 785 414 41 774 113 774 502 557 15 480 165 135 745 311 968 696 690 477 619 347 589 19 610 356 692 249 379 116 163 482 770 308 803 993 57 806 70 136 158 249 251 867 30 489 971 784 7 216 680 28 283 143 895 379 484 87 206 246 594 716 642 597 921 883 230 840 712 718 800 407 565 75 342 306 771 557 970 533 437 377 94 795 489 654 456 472 575 642 112 137 505 146 265 543 935 517 369 812 176 936 83 368 311 544 333 931 942 269 312 684 541 158 320 551 867 858 922 395 649 718 760 515 515 963 223 716 616 836 545 213 613 116 977 630 693 72 657 385 597 936 806 979 903 81 839 287 473 250 147 483 610 688 864 154 995 984 841 846 989 459 633 697 490 32 31 177 248 140 741 294 620 943 706 930 8 555
269 672 457 919 998 960 141 177 676 376 735 498 177 182 143 478 244 845 234 725 287 918 934 271 278 140 682 975 299 757 477 992 93 763 69 309 87 601 875 470 235 327 248 999 116 234 751 640 112 407 374 873 411 17 381 288 416 749 948 177 292 893 302 946 451 589 922 603 904 338 391 370 506 566 175 284 280 367 267 551 752 535 789 873 779 4 101 482 728 933 74 254 287 381 869 351 981 536 999 118 363 512 389 61 358 703 161 906 781 30 117 170 140 53 104 208 134 568 499 685 384 127 235 137 886 521 748 457 495 30 736 682 754 745 296 179 719 304 284 306 495 659 146 815 63 563 375 539 974 357 843 434 305 709 746 454 147 941 351 820 918 895 22 86 337 719 942 163 558 578 466 905 486 5 655 371 474 33 291 174 256 811 982 934 350 120 258 881 194 399 672 764 848 937 691 314 286 764 782 944 796 629 896 637 429 860 878 634 470 850 30 417 364 82 948 859 523 963 107 901 388 264 347 609 914 555 356 877 988 808 440 626 518 282 269 93 86 883 957 536 166 373 63 457 731 74 707 332 118 710 806 118 430 588 776 725 111 243 936 954 507 729 282 630 505 643 430 202 379 552 774 455 962 511 753 152 841 806 935 465 126 918 355 806 601 223 310 44 467 606 379 522 141 125 716 17 386 926 344 282 835 827 547 521 911 721 75 617 399 728 128 787 891 885 5 425 7 366 876 861 467 325 354 65 397 923 332 403 892 453 167 859 288 843 940 966 522 916 160 25 394 336 652 769 150 602 170 281 398 249 137 802 198 273 152 216 185 627 668 286 901 570 923 154 517 960 611 934 813 361 650 229 331 628 710 934 778 476 119 619 232 547 617 726 445 221 969 368 93 775 999 167 949 942 313 733 794 218 846 913 210 209 634 545 445 427 712 274 734 351 816 789 625 798 245 777 305 252 92 839 493 123 893 844 379 985 203 951 910 802 260 537 753 626 611 290 481 564 762 854 699 819 915 925 626 327 698 73 131 562 388 83 917 206 280 894 454 633 528 864 808 643 116 526 790 554 726 810 193 671 992 703 33 548 568 23 929 26 506 871 663 966 214 252 771 188 250 196 591 568 221 356 603 860 672 78 130 324 763 704
300 687 28 780 552 882 669 256 487 33 428 977 384 942 265 951 768 972 366 41 617 715 272 216 731 252 723 736 127 568 374 411 801 193 91 439 735 903 144 4 136 610 500 947 702 560 993 593 332 598 378 780 290 382 958 750 111 306 84 813 876 336 735 206 66 143 714 833 361 320 184 329 374 546 423 373 791 612 633 841 648 369 407 91 537 609 683 156 695 620 100 517 681 398 895 151 764 613 64 491 37 336 653 984 56 604 687 952 658 129 146 101 454 421 188 254 446 81 310 185 211 87 928 567 939 564 937 638 779 76 444 131 289 173 808 580 935 124 855 474 868 360 183 569 358 275 37 372 682 430 322 30 236 431 265 389 331 797 888 780 639 489 838 660 625 460 485 676 55 363 182 401 203 710 209 393 863 124 110 105 284 906 725 483 487 948 882 61 887 120 377 766 904 651 953 907 855 840 265 321 137 581 541 228 644 936 305 460 621 724 797 881 588 83 655 872 599 147 733 669 489 115 969 624 944 331 863 835 128 783 273 173 232 462 600 761 612 773 860 467 585 279 230 43 725 179 782 838 69 658 436 156 38 961 435 180 284 604 84 530 491 809 94 2 277 559 920 69 627 886 595 248 139 438 345 325 484 447 778 562 880 111 363 527 464 351 169 965 162 929 650 985 409 931 552 667 387 977 338 515 282 350 490 6 525 786 522 473 966 675 990 762 397 499 838 290 989 922 766 840 653 100 910 651 917 280 590 655 960 861 658 252 920 640 328 87 563 762 813 49 484 219 445 232 109 374 722 625 750 761 369 546 525 118 784 201 207 997 411 574 148 318 471 339 755 872 799 617 711 758 699 44 209 969 257 94 818 589 994 381 382 702 883 121 258 628 54 685 139 697 858 372 517 389 565 425 901 21 303 445 987 150 930 139 76 857 153 612 988 575 216 845 891 967 345 162 988 711 515 74 728 715 133 532 480 499 735 976 989 502 809 553 869 141 76 958 262 823 914 493 344 311 988 470 550 86 811 738 103 177 932 763 56 176 35 607 574 992 908 502 675 655 438 815 292 78 954 880 333 240 584 917 817 848 479 215 924 24 594 118 45 919 662 625 940 187 1 612 952 596 505 873 576 472 913 926 897 292 572 667
403 129 807 51 358 274 469 676 871 998 514 873 960 42 110 367 189 156 655 298 406 6 111 439 258 977 171 400 675 843 735 955 348 839 98 181 94 429 150 20 398 255 731 862 874 164 819 679 478 280 788 961 198 482 267 406 995 885 654 877 497 309 739 981 73 932 1 445 306 79 275 590 806 32 38 143 62 980 506 143 669 279 56 712 755 42 757 172 767 665 575 575 35 358 569 489 845 225 614 431 851 339 318 381 438 595 636 902 956 742 85 916 429 968 959 682 93 793 570 258 397 953 308 859 742 467 341 401 769 493 240 570 591 825 738 832 315 441 824 988 20 328 786 832 964 881 676 650 582 224 603 341 910 811 285 804 662 73 512 6 813 599 80 733 357 363 891 31 926 914 330 396 58 903 162 173 65 837 954 28 27 446 280 837 851 845 518 243 106 736 672 961 990 551 639 274 712 1 327 544 696 182 251 174 836 358 129 203 285 712 985 518 682 298 272 148 618 406 191 776 607 177 656 429 265 838 283 91 517 456 516 37 927 943 63 469 291 70 192 863 353 378 290 979 478 698 216 857 277 357 572 31 113 628 592 303 263 593 138 983 885 64 833 886 612 338 311 897 62 698 83 117 769 755 267 399 700 846 235 726 960 52 362 523 240 473 692 908 55 928 382 455 443 447 623 522 800 166 606 442 607 958 14 355 257 856 214 530 670 165 627 359 842 15 647 388 95 545 35 182 849 771 315 160 903 508 601 468 202 543 560 591 389 494 550 618 532 41 571 223 334 557 708 463 422 382 978 994 815 113 154 911 694 763 963 749 365 150 480 869 108 797 862 631 401 100 48 813 120 431 918 222 847 176 981 220 196 153 300 989 763 212 643 251 466 231 871 574 305 529 700 175 148 580 259 609 581 569 481 587 957 946 84 319 310 889 391 709 987 508 584 627 52 824 935 769 929 397 47 79 304 9 836 178 494 119 288 828 899 50 29 619 533 901 280 635 847 738 244 531 663 972 461 159 31 541 52 395 580 78 242 431 475 314 525 658 417 935 981 974 969 313 911 579 183 605 177 760 578 234 66 738 999 135 161 480 539 979 53 860 122 261 547 12 355 858 435 677 349 809 3 513 291 838 692 990 842 951 929 105
266 903 805 340 885 493 455 740 717 938 866 562 111 737 527 90 163 98 831 400 524 144 108 10 313 124 0 340 663 864 786 535 671 71 186 893 14 440 145 479 455 867 290 286 481 637 791 473 390 302 475 930 33 619 946 906 207 100 69 475 614 255 203 683 129 462 45 292 70 26 217 163 148 552 188 993 433 595 494 179 132 252 263 843 555 168 90 573 603 467 575 374 873 384 58 633 307 183 29 627 465 631 109 279 98 473 864 543 878 219 955 93 471 24 71 228 8 974 308 37 685 907 912 288 926 459 180 423 857 474 751 44 747 863 966 714 27 628 376 215 604 297 334 653 829 718 377 289 200 51 100 333 802 735 89 847 980 134 964 421 574 511 929 420 731 280 212 753 788 519 475 533 126 777 722 38 98 892 258 967 6 986 247 180 695 539 597 768 651 939 125 427 553 165 927 728 348 218 643 792 778 571 312 234 290 900 444 740 807 832 386 927 937 394 797 201 790 106 771 648 524 566 266 523 474 624 834 348 35 655 762 672 351 902 167 354 303 146 347 501 837 50 639 6 760 516 769 719 369 922 781 928 44 740 331 842 381 112 782 733 857 405 155 367 522 857 301 426 233 298 247 256 822 814 31 737 143 642 699 309 892 998 296 178 422 749 955 327 66 257 286 178 261 767 909 345 128 646 226 324 744 208 712 381 860 948 869 734 287 992 122 338 127 721 327 384 502 758 569 383 194 73 395 80 675 532 181 772 182 386 7 307 440 464 145 188 780 794 374 434 969 657 128 303 882 205 518 769 552 621 575 902 744 42 959 954 44 615 532 706 153 553 388 69 806 684 209 759 137 914 243 634 855 776 59 202 628 396 973 660 795 740 923 957 179 928 642 331 997 735 379 371 360 367 348 96 889 324 271 121 594 162 953 725 447 756 595 574 61 914 799 474 492 402 927 157 763 623 568 822 959 433 304 83 253 638 621 679 703 867 834 664 942 94 911 36 667 391 774 833 185 743 414 420 314 905 781 685 440 655 271 496 913 574 805 448 279 44 202 920 282 868 206 117 210 201 443 635 478 990 137 659 163 413 544 148 252 312 762 807 625 222 522 806 566 883 277 560 771 140 946 528 14 625 10 123 784 323 431 676
34 834 865 200 326 574 411 170 429 415 795 495 445 306 131 155 931 680 398 119 961 252 485 615 868 535 315 548 23 407 151 960 186 184 161 724 988 997 864 638 628 810 760 663 160 286 427 262 624 603 207 999 642 191 180 27 968 699 562 798 885 462 956 160 487 581 779 439 841 895 598 441 62 898 772 298 862 238 929 928 367 729 394 755 699 64 11 160 349 356 257 959 723 222 202 916 459 547 288 576 81 491 446 29 623 572 869 594 454 961 917 557 327 269 351 226 951 469 915 619 678 491 198 244 683 395 953 34 651 271 642 845 611 923 888 793 161 791 217 304 687 191 463 162 656 318 183 225 1 214 440 825 310 742 41 739 912 359 485 293 418 674 938 904 629 695 996 366 522 738 227 626 481 39 534 815 281 971 994 828 620 924 431 712 647 309 713 611 351 13 537 845 350 384 607 709 210 421 690 608 620 490 951 292 199 855 439 896 89 866 927 164 151 839 370 693 480 435 434 895 20 907 519 951 843 414 612 100 352 187 98 543 93 281 732 307 202 816 862 539 560 925 455 545 139 681 444 702 416 184 274 986 21 348 29 766 558 565 502 85 400 610 832 103 938 76 147 901 211 547 404 88 1 998 909 480 649 488 761 359 894 13 161 688 741 780 869 731 693 662 943 807 743 622 18 862 193 973 367 860 976 178 209 694 497 224 826 802 991 32 717 7 812 721 739 183 828 881 174 915 703 995 597 935 174 104 45 916 523 245 141 236 649 610 259 136 193 940 371 981 875 961 687 472 141 213 239 216 568 835 133 160 443 976 360 247 674 685 193 686 943 818 923 343 973 549 164 491 814 407 773 172 227 45 217 104 198 569 610 329 76 948 658 297 831 605 479 841 925 716 795 978 653 616 867 345 852 790 118 885 951 487 40 784 135 725 640 849 824 578 505 492 502 613 619 750 971 346 757 869 828 923 704 24 134 45 739 177 744 857 820 690 293 204 794 363 667 135 901 729 465 337 213 427 926 739 337 476 454 910 585 528 85 771 347 151 846 406 234 710 544 144 586 511 898 155 244 999 284 600 250 864 615 931 814 822 364 901 423 927 734 452 625 798 797 109 217 506 323 536 935 213 729 620 95 265 952 357 191 41
242 878 602 475 310 710 979 23 591 457 501 386 763 866 601 808 306 796 815 933 366 656 464 768 438 370 308 80 821 226 940 189 119 954 579 384 559 788 30 719 89 864 110 597 478 138 365 482 36 643 238 939 719 800 816 122 560 909 354 451 286 809 378 276 328 909 140 195 271 565 711 898 831 473 96 438 815 437 22 845 758 337 926 400 665 288 929 131 785 60 94 830 858 994 940 383 780 142 299 856 177 403 760 320 626 113 291 640 703 157 50 754 370 973 243 544 820 36 951 817 461 820 794 378 893 336 520 32 120 177 688 350 204 913 510 333 641 692 253 155 271 621 409 345 939 916 360 514 185 448 685 933 312 107 486 974 891 124 969 151 238 356 504 417 22 918 172 255 533 739 200 17 67 529 137 880 498 709 775 975 9 834 697 176 292 891 595 100 657 116 9 822 791 562 210 611 93 609 743 652 70 437 690 991 175 832 754 292 671 84 71 262 886 138 933 891 846 784 268 473 181 492 807 496 559 768 222 210 471 555 39 875 169 391 700 573 100 777 160 41 318 700 883 76 469 158 62 70 150 144 706 187 580 919 491 895 343 551 341 964 274 593 121 102 12 492 746 698 936 4 894 757 264 253 507 191 755 867 293 977 456 319 912 402 278 997 628 820 320 97 861 652 693 440 475 341 359 28 707 76 521 232 774 581 705 489 109 901 154 192 813 167 417 715 478 865 609 936 234 38 157 266 694 857 252 120 448 768 0 594 329 951 542 711 407 263 974 780 35 535 407 538 358 570 671 791 194 13 410 357 806 868 775 443 368 35 791 11 346 972 480 211 506 885 407 549 973 430 613 754 527 775 662 532 582 811 133 501 921 670 719 37 66 271 784 374 794 852 540 578 753 691 608 57 926 767 305 605 487 851 633 195 522 353 928 445 65 720 333 192 31 458 47 952 192 709 863 685 180 871 942 947 361 415 435 19 966 177 126 375 148 502 952 211 544 257 267 731 537 63 284 15 54 199 732 232 848 91 569 212 834 810 734 676 429 151 376 224 992 527 801 923 522 566 704 158 768 918 784 742 32 363 946 849 526 380 901 43 483 44 2 822 177 241 665 372 841 434 966 297 788 477 881 428 999 310 339 546 876 995
956 874 365 788 754 916 499 865 8 726 503 592 263 23 219 901 565 717 241 728 568 909 215 923 85 952 993 560 812 710 171 955 119 986 850 863 409 696 509 907 204 949 681 274 319 881 957 283 463 43 91 735 323 567 456 89 528 807 19 37 611 84 174 647 373 806 554 650 17 655 397 66 157 297 568 625 425 769 788 463 152 224 869 45 967 834 405 872 103 85 842 723 516 296 882 414 120 294 937 833 524 494 869 796 288 95 140 760 814 153 633 942 210 494 145 873 327 692 876 719 790 137 663 809 873 879 103 361 10 459 488 183 348 724 908 519 818 969 752 337 118 517 727 591 367 494 429 942 163 306 975 736 560 250 95 522 985 997 751 334 804 333 959 345 167 428 468 751 425 424 440 989 49 974 929 869 18 448 283 561 32 374 902 494 926 962 959 94 547 780 551 809 519 252 806 324 300 134 115 402 548 656 535 674 246 673 745 137 108 607 23 140 598 396 244 599 0 604 726 19 427 65 672 579 2 183 741 885 840 218 764 692 875 163 244 489 133 505 44 711 353 664 270 800 487 199 696 87 709 61 215 47 242 391 355 973 845 944 655 596 753 272 999 869 386 508 941 905 790 691 241 674 893 826 668 260 609 281 73 239 707 777 806 387 899 542 115 664 677 645 479 494 366 239 861 624 81 49 224 65 196 643 482 421 146 582 246 473 796 956 838 964 356 160 474 406 730 755 698 672 777 489 857 937 900 975 981 713 458 35 93 648 127 87 308 217 94 736 665 413 823 981 472 750 428 76 121 464 929 309 74 792 652 398 323 908 537 432 446 675 654 443 215 894 432 107 319 710 271 559 819 547 353 714 710 42 792 819 146 419 289 448 581 457 634 944 22 911 465 949 415 881 599 83 348 193 900 447 24 323 394 487 387 308 933 426 190 567 580 50 551 497 528 806 396 987 63 901 754 282 772 808 670 879 539 816 364 538 901 110 324 70 259 556 726 149 503 697 386 909 840 607 446 915 56 709 987 838 448 772 1 286 459 847 866 715 555 425 413 436 26 160 341 249 713 886 562 415 969 467 963 320 819 485 760 927 625 391 824 367 523 388 592 492 490 351 823 881 676 585 511 859 762 925 532 333 20 833 896 488
333 979 426 102 411 391 807 944 387 369 92 192 674 910 569 867 404 750 63 842 662 789 827 662 140 224 742 920 742 594 317 414 124 669 134 641 612 173 211 242 113 234 314 133 375 72 379 761 391 606 284 650 624 711 555 884 517 480 214 620 485 65 109 872 350 519 432 74 351 292 0 821 914 0 618 169 392 924 417 692 626 261 176 895 42 180 428 212 539 743 202 435 629 990 661 261 157 652 190 646 745 22 481 943 164 171 115 930 357 999 909 940 894 923 647 280 338 784 356 282 668 31 719 657 82 619 33 635 58 533 607 714 910 347 794 511 270 423 275 697 239 862 957 270 295 244 360 11 701 459 433 410 736 70 482 834 336 664 561 269 718 762 4 49 112 62 99 426 444 727 679 271 880 422 335 479 871 959 602 356 345 239 952 614 294 999 880 94 437 256 421 408 436 602 228 463 768 265 473 215 595 20 208 42 542 950 758 964 826 409 692 311 173 786 49 489 819 147 362 474 836 423 259 260 42 280 101 932 943 935 856 454 603 357 307 271 824 969 673 110 826 409 28 301 384 734 498 757 571 854 904 765 979 756 914 494 862 662 276 696 573 879 544 173 468 373 523 696 674 937 155 58 320 741 474 848 363 35 861 701 489 369 335 945 979 565 620 587 604 778 318 159 987 356 889 68 173 485 174 193 202 126 761 312 956 825 691 558 859 926 165 467 904 201 205 847 369 815 651 832 206 960 671 849 583 390 55 268 447 514 46 971 68 762 966 262 490 301 132 802 885 709 220 479 818 423 646 530 595 67 608 608 622 945 2 396 312 899 573 585 780 822 211 469 270 697 898 475 327 597 369 596 979 50 61 608 884 56 309 84 11 958 836 605 254 114 285 887 326 947 443 805 426 236 583 563 549 735 961 76 656 477 565 717 83 265 620 89 655 637 806 700 656 447 788 83 290 334 35 440 844 368 89 503 195 521 241 787 81 65 710 753 521 754 834 455 794 610 988 34 983 99 216 579 935 463 471 856 196 25 615 82 847 541 233 869 509 111 751 694 52 728 730 703 305 541 757 93 987 545 395 89 675 469 170 581 866 717 653 848 354 713 436 925 778 474 537 704 554 901 253 854 629 625 988 626 695 747 752 435
391 551 761 565 274 429 290 438 74 178 397 239 656 717 40 951 678 426 171 712 209 160 799 411 801 304 887 166 673 665 22 528 61 640 469 140 452 936 520 421 16 237 177 373 230 79 715 532 40 804 984 125 936 442 234 943 480 658 358 477 90 84 442 297 25 254 892 728 259 613 621 824 245 657 569 677 704 150 15 858 390 559 527 16 759 465 966 971 565 866 625 790 174 209 567 204 206 621 854 860 995 20 342 245 972 986 909 644 504 726 740 821 168 281 948 43 962 685 990 182 777 658 947 5 27 495 947 246 291 220 570 361 250 438 734 594 198 430 11 892 301 173 519 134 770 416 355 523 12 850 344 670 860 289 462 706 114 317 337 855 601 719 91 501 839 713 3 931 314 956 670 873 491 785 589 859 68 380 974 936 367 615 475 328 894 571 96 95 267 473 840 380 906 979 0 608 294 121 171 321 803 674 974 838 513 748 321 756 458 285 211 413 887 279 274 450 659 433 194 79 120 691 517 968 173 499 264 635 8 968 572 587 525 285 776 30 290 188 899 719 526 550 968 799 212 186 16 25 274 456 926 256 29 414 599 430 304 641 432 75 357 535 536 777 530 302 350 337 659 473 316 878 649 754 936 375 862 515 84 515 614 43 565 932 852 959 730 781 578 792 998 670 260 271 926 224 745 628 553 818 353 682 555 277 10 519 927 301 559 622 746 222 517 779 680 427 462 522 974 903 239 651 243 983 286 823 486 903 662 754 451 201 187 821 255 805 927 775 704 101 795 285 892 184 97 145 178 125 885 407 289 361 161 383 546 66 136 673 740 239 44 847 239 545 205 967 361 232 686 289 386 35 695 605 910 856 208 825 97 454 603 733 863 264 684 524 475 354 689 585 813 551 206 248 747 47 45 593 715 973 374 544 544 352 647 733 835 92 904 998 385 403 751 708 348 606 790 90 321 69 8 49 466 821 157 776 595 937 949 977 108 500 555 265 251 536 904 282 658 81 169 165 433 318 573 833 19 913 61 276 420 247 746 795 50 160 100 6 432 762 548 763 602 30 785 557 776 226 350 106 798 794 359 516 688 560 904 749 36 487 382 791 97 304 585 425 798 503 60 707 500 472 589 382 730 84 732 747 407 742
582 645 272 926 33 934 630 943 46 13 842 163 744 862 95 428 43 40 821 248 352 69 228 561 196 899 246 50 189 473 167 624 357 891 854 821 725 614 524 327 401 378 741 692 569 326 778 294 606 724 246 372 239 280 8 442 589 476 852 360 302 277 959 765 354 626 237 291 34 575 451 63 686 212 797 603 809 662 540 783 177 541 759 78 884 526 229 19 979 902 913 396 752 645 555 830 668 960 88 928 752 298 997 224 874 820 614 981 951 552 679 571 401 205 637 318 963 788 889 326 87 781 581 715 829 482 245 430 935 146 772 927 217 738 319 257 689 85 873 775 78 757 153 195 322 81 739 137 112 871 983 344 766 323 237 506 967 826 151 778 379 232 525 581 281 504 63 233 35 762 367 29 296 274 462 799 732 136 591 390 534 786 638 29 710 246 960 782 408 25 334 780 762 864 729 844 435 792 671 816 479 766 876 363 330 184 501 213 561 265 71 929 158 157 166 782 462 888 821 722 654 583 625 144 771 773 25 736 193 273 890 891 752 330 96 840 359 189 196 18 582 213 150 316 534 995 268 638 602 429 600 470 610 455 117 744 227 767 31 643 372 239 940 908 897 329 459 208 181 383 12 91 829 5 693 734 314 636 853 21 286 707 654 353 530 585 872 513 538 776 71 975 884 592 93 759 350 265 985 289 596 337 388 255 920 795 291 709 20 349 134 967 958 620 845 216 392 242 961 512 343 311 945 810 343 890 380 912 656 765 567 916 707 387 878 794 334 347 644 315 666 439 690 889 997 79 993 900 604 222 530 335 555 479 589 9 289 681 722 878 587 362 658 299 756 762 544 935 260 84 368 549 313 375 591 270 829 24 902 854 625 968 200 148 88 12 677 271 860 212 19 586 35 16 8 796 837 906 838 589 426 243 797 326 232 76 75 421 637 216 716 330 516 24 517 17 695 589 817 505 252 195 358 108 77 571 528 140 410 958 784 755 671 973 573 660 55 927 694 287 127 363 879 824 353 406 710 338 214 602 701 400 206 938 292 369 498 260 892 868 580 912 925 353 206 649 104 444 672 174 909 595 761 145 72 269 690 771 465 705 351 829 913 196 253 657 704 68 129 678 922 815 105 518 152 745 461 637 746 129
258 122 393 783 513 438 171 325 719 256 256 867 105 318 391 195 220 914 299 23 728 212 793 729 725 975 430 128 433 91 619 539 625 291 429 65 543 574 318 483 32 182 619 571 694 439 317 396 908 234 46 247 682 839 910 182 262 398 696 993 621 50 261 37 821 276 770 571 707 573 714 169 947 350 770 263 949 353 736 317 158 278 592 755 888 144 46 889 871 875 576 384 218 633 433 156 28 999 230 266 872 7 420 749 982 901 29 657 333 777 215 255 664 462 970 169 531 726 959 614 355 315 304 72 22 383 637 575 694 513 505 872 748 542 569 200 484 248 868 574 99 855 331 362 673 14 510 352 867 256 758 568 146 367 442 514 797 813 494 627 429 723 559 101 283 568 610 130 969 913 443 5 197 862 583 803 0 663 357 376 684 717 422 620 614 337 164 738 621 660 684 674 707 554 573 530 628 46 269 638 852 860 578 258 393 801 338 96 2 62 239 594 133 128 401 332 98 124 561 359 554 455 960 982 690 992 413 521 447 487 541 416 995 51 94 333 759 286 736 292 717 412 370 226 117 844 360 578 709 165 566 302 783 123 76 83 638 636 488 241 472 775 691 33 766 928 210 986 539 504 730 518 124 571 327 463 674 944 728 266 27 462 21 615 206 881 16 825 285 801 25 373 55 4 647 101 627 729 351 337 317 760 180 600 296 81 43 299 206 555 986 17 222 104 503 418 68 699 242 550 907 263 399 83 894 638 449 215 529 986 421 837 214 922 763 71 177 687 385 74 907 598 978 950 3 180 857 491 53 536 62 561 568 968 93 443 849 664 456 912 382 530 881 478 933 78 78 5 523 430 615 674 586 703 343 71 278 449 237 36 964 626 99 475 594 404 483 573 924 566 59 877 830 436 554 460 497 524 767 735 845 612 761 774 384 703 730 303 812 941 341 276 368 583 29 774 726 963 515 524 226 7 937 152 109 366 910 410 303 253 207 692 695 962 81 423 997 550 937 357 481 93 417 843 920 153 910 422 196 124 158 628 736 954 945 122 332 190 895 575 226 840 493 268 61 808 830 364 107 879 637 848 403 303 283 404 82 403 439 362 393 462 254 795 784 169 629 109 187 870 359 980 196 644 256 945 595 848 828 21
21 402 511 256 273 208 694 4 275 887 130 227 420 869 249 825 66 607 227 649 357 43 296 668 359 124 414 948 76 364 951 2 511 178 545 759 528 976 424 106 544 622 253 919 376 168 907 262 557 906 572 902 39 328 667 728 709 16 957 715 611 75 385 416 658 295 714 134 154 99 303 526 336 112 996 717 463 147 361 458 607 684 837 933 224 975 886 763 847 583 783 998 342 880 236 903 941 424 279 940 118 320 469 725 149 970 665 253 24 469 575 368 431 791 107 930 400 397 551 259 977 99 414 877 729 933 355 174 531 274 325 583 897 933 958 445 122 269 799 573 681 240 597 885 374 520 949 791 26 262 189 856 339 725 532 975 348 201 844 242 942 226 967 884 690 571 126 340 658 184 155 766 801 998 546 71 933 740 579 209 532 677 424 743 847 360 11 75 559 823 323 708 132 752 258 544 444 857 740 979 608 419 782 678 701 374 189 354 202 962 850 105 924 92 968 55 944 974 740 108 568 989 96 635 553 838 766 130 532 624 898 359 408 214 950 907 765 124 351 691 108 936 302 177 870 154 875 536 946 374 542 212 401 87 592 44 838 731 713 225 607 801 662 691 246 418 605 633 355 408 598 44 983 886 97 144 145 675 256 494 441 717 63 583 111 912 549 924 871 556 334 338 826 373 332 459 628 721 817 596 115 891 647 210 130 213 50 626 309 585 135 225 674 660 2 49 674 211 755 350 878 213 626 860 916 517 893 164 769 990 919 929 86 958 776 607 37 297 861 636 580 774 380 756 28 851 38 414 238 640 933 207 218 56 91 685 614 397 392 673 538 728 103 873 995 439 565 371 385 854 41 709 444 819 374 203 521 772 322 432 790 343 386 411 415 651 186 614 52 505 736 572 944 546 690 714 904 626 143 29 396 834 824 497 974 761 803 695 19 964 318 612 60 367 509 592 967 944 342 320 757 301 705 264 181 350 514 849 363 134 254 227 944 363 785 999 140 796 664 560 650 748 816 565 871 611 777 238 248 95 60 22 604 936 426 240 386 542 298 37 81 513 532 138 107 977 767 666 327 117 121 173 811 900 844 147 215 230 637 694 597 658 335 948 435 390 959 317 128 527 389 475 784 919 794 678 215 916 468 110
28 114 34 550 111 577 174 61 886 785 641 871 916 500 439 615 417 271 889 179 556 944 710 589 100 676 673 836 913 685 503 941 740 561 746 246 139 471 116 50 51 435 926 669 263 820 479 670 239 356 488 589 651 80 170 11 751 415 889 243 353 68 474 101 986 591 96 650 935 735 37 494 171 850 56 887 540 736 753 745 257 128 996 359 335 266 999 971 338 195 416 156 929 188 635 346 719 74 855 666 275 541 839 915 582 700 597 94 570 453 611 925 269 816 221 158 773 23 98 662 472 357 66 879 14 269 925 379 652 262 98 690 347 446 109 398 425 254 109 894 589 139 132 491 847 663 546 564 168 538 199 879 259 753 882 883 416 583 144 640 273 400 165 3 311 204 327 892 432 35 248 809 241 661 735 812 442 28 910 667 289 883 416 607 54 531 608 209 415 329 605 144 923 609 234 87 604 380 746 736 178 326 194 48 474 619 898 575 418 612 506 370 790 309 694 867 377 401 255 817 449 119 341 120 141 483 478 205 738 319 21 171 872 904 911 587 84 413 860 110 134 573 337 273 761 14 85 108 972 771 159 882 45 367 555 51 491 687 679 76 208 168 253 439 105 281 707 117 296 170 386 156 858 914 596 142 385 741 439 820 30 889 151 460 55 657 683 727 91 567 974 74 506 931 903 786 220 7 37 340 607 527 478 963 429 842 282 893 86 657 436 311 137 409 938 760 432 352 398 187 175 690 807 542 7 502 796 279 241 6 939 117 228 409 136 792 661 343 480 922 89 957 637 156 722 199 111 518 932 813 970 676 500 166 13 171 824 312 225 300 529 379 211 266 863 182 519 553 112 866 365 112 200 936 117 640 900 786 974 868 669 830 319 518 84 989 953 477 23 539 457 316 286 884 203 612 481 136 882 938 797 722 27 752 629 183 761 372 574 694 428 85 92 727 141 743 113 661 258 244 651 82 647 694 426 321 922 112 837 918 369 866 611 865 132 475 783 345 976 121 490 1 952 725 183 321 389 624 272 878 566 810 800 594 302 352 328 989 601 573 603 13 473 229 881 48 539 531 954 127 702 532 557 729 676 235 343 820 682 928 325 533 401 140 755 206 211 54 817 647 247 595 612 586 450 421 492 749 133 181
936 520 905 337 600 215 223 201 796 342 446 350 399 851 879 783 382 878 550 249 866 937 877 721 899 193 182 729 205 369 832 72 325 368 734 736 516 514 16 418 864 411 699 392 699 490 211 591 940 28 511 704 330 944 825 104 184 991 756 520 424 722 508 870 383 691 182 146 611 782 967 955 194 867 467 352 909 728 584 493 996 382 282 692 382 850 822 696 397 287 723 604 55 173 634 223 33 155 462 345 192 130 0 819 564 359 593 481 894 851 766 172 679 735 422 909 17 532 407 574 40 965 649 937 284 329 955 642 739 122 601 215 700 982 444 812 970 195 274 825 232 963 771 653 243 458 339 823 948 826 627 118 886 65 388 603 262 648 937 408 540 18 3 222 977 187 573 954 584 456 792 570 255 314 881 420 804 210 189 121 599 876 658 737 725 649 344 891 625 668 902 10 867 140 569 214 915 160 519 492 346 790 279 986 825 664 336 407 17 416 457 551 817 203 136 579 607 972 926 559 269 476 83 196 772 587 295 840 317 682 892 739 671 573 100 775 524 764 357 25 386 272 57 384 958 0 67 746 953 866 589 346 390 800 135 131 808 654 71 347 564 570 533 738 337 832 310 735 216 40 324 725 245 196 96 616 552 959 229 819 265 579 756 457 821 860 137 1 154 703 356 389 474 769 749 297 980 856 585 564 17 734 732 485 664 775 182 527 45 249 626 866 67 454 481 718 233 514 795 868 318 579 232 13 538 918 361 278 649 650 510 872 106 854 442 48 498 260 168 696 763 827 706 342 851 88 160 713 388 942 698 237 326 484 470 200 831 298 383 19 617 61 943 172 624 702 339 800 147 493 859 90 436 883 160 334 895 657 600 841 202 798 770 916 965 848 582 545 631 489 83 53 979 165 254 423 63 394 331 621 145 877 747 23 385 237 306 256 45 854 75 685 615 328 361 608 119 913 560 359 130 487 170 7 204 80 29 858 351 54 735 972 439 347 419 167 298 609 258 360 628 445 405 965 190 536 870 625 832 512 912 54 16 188 751 684 85 586 735 982 632 539 571 12 789 464 738 260 103 805 340 762 886 159 759 854 453 372 618 882 228 670 300 4 171 428 35 707 748 677 770 520 235 345 573 781 30 595 490 996
151 746 852 888 192 266 876 19 664 279 614 247 324 557 313 485 75 134 972 634 882 100 500 360 680 546 52 261 752 604 623 501 379 607 192 771 684 292 975 201 485 770 708 707 826 561 511 875 293 743 810 423 818 28 63 217 391 444 948 755 125 169 829 822 928 103 109 791 281 747 276 11 661 585 855 265 969 255 13 57 575 943 133 891 694 47 41 784 485 568 11 44 429 968 937 992 579 417 206 685 98 792 255 98 196 15 835 708 66 534 337 548 666 800 229 252 310 358 135 103 297 988 877 316 213 836 326 972 154 242 390 43 77 390 262 140 941 366 554 604 650 866 978 168 552 205 782 423 76 945 244 715 208 476 797 247 129 183 52 439 910 577 331 681 234 714 577 91 370 40 939 805 509 520 134 169 78 964 11 984 643 641 917 56 276 342 978 252 381 409 103 784 526 572 722 526 533 249 395 757 911 360 95 616 933 526 893 740 373 157 223 363 332 411 2 823 244 690 870 234 114 683 653 289 507 989 993 190 153 543 508 546 126 560 351 763 523 358 648 695 455 305 405 272 889 637 828 419 208 74 741 140 218 267 227 895 470 853 806 335 252 747 892 560 376 392 832 68 217 790 164 911 119 57 768 229 511 939 449 374 729 129 81 412 417 425 149 435 717 616 471 473 670 608 701 320 637 854 728 444 316 553 888 537 148 407 111 320 531 552 220 65 860 856 121 477 837 334 122 801 309 97 184 655 729 862 292 418 373 130 125 462 843 316 137 349 399 326 176 12 599 293 791 512 419 648 129 673 454 970 631 573 886 364 356 551 158 109 547 836 438 950 589 549 225 943 251 354 921 620 23 131 381 226 414 993 887 611 789 874 661 429 685 185 769 563 49 668 895 538 774 363 253 585 999 839 519 226 823 661 550 904 926 494 91 113 811 379 328 508 869 484 569 770 492 46 461 228 500 376 961 124 788 429 465 559 823 901 303 356 215 167 765 4 260 719 626 377 565 330 183 631 876 557 986 432 265 519 990 554 130 877 506 123 173 22 246 63 585 642 442 223 741 225 941 96 37 430 217 80 886 243 320 987 589 691 495 528 303 799 660 463 252 48 654 248 113 56 865 78 402 951 97 345 576 46 159 254 720 155
44 444 691 425 823 632 240 149 939 850 477 749 723 184 182 364 242 531 5 850 376 509 572 267 427 855 49 978 900 93 131 328 976 741 862 990 369 428 409 84 349 289 346 868 15 195 224 807 356 150 275 366 704 143 15 805 335 976 636 939 20 769 911 39 589 920 406 869 655 576 885 653 33 831 318 673 630 120 689 333 373 881 41 348 170 731 92 919 749 674 890 755 107 699 159 107 333 280 386 291 153 132 801 458 89 262 823 345 788 214 188 434 908 297 737 99 318 756 858 764 101 818 159 56 55 676 122 904 545 271 139 667 130 267 447 979 692 354 250 589 70 246 837 54 915 595 71 251 223 175 625 894 324 387 336 372 885 526 538 979 776 533 978 334 303 592 100 462 644 674 973 368 763 444 137 445 450 493 411 442 753 422 590 909 772 63 30 183 817 480 51 365 463 187 251 509 370 102 542 668 579 79 410 256 960 147 417 349 537 825 485 828 913 735 313 671 154 358 814 868 629 634 772 82 846 62 626 403 333 109 843 703 850 846 697 67 672 699 894 629 863 787 572 115 245 568 296 810 480 98 610 117 510 290 574 94 647 728 68 764 137 314 351 353 459 813 466 729 526 185 523 708 309 673 251 422 56 249 858 781 963 496 400 824 868 873 213 107 710 553 310 995 181 535 148 900 454 549 982 540 962 210 436 975 413 282 343 414 228 574 237 284 778 962 395 512 244 993 117 384 271 984 30 52 139 640 771 399 26 735 956 666 831 275 140 873 95 256 747 780 741 257 575 730 821 572 613 446 877 474 324 198 974 322 390 102 954 60 948 297 798 709 396 229 310 258 784 42 989 763 967 631 193 800 660 833 0 454 351 839 537 229 121 436 15 225 575 575 428 222 764 797 600 944 675 633 739 310 560 550 485 520 279 348 758 824 177 336 250 322 263 274 915 485 189 289 582 550 900 894 461 998 751 806 167 11 463 137 575 616 19 556 218 690 665 828 216 471 789 742 838 805 29 521 533 738 524 574 499 551 333 101 643 539 998 406 973 134 961 682 243 142 710 523 865 258 948 757 355 224 250 728 324 356 621 292 156 873 0 68 152 689 497 503 587 574 938 644 398 394 365 347 172 461 277 636 891 880 490 982
80 738 497 511 517 746 923 733 810 264 596 492 889 537 96 455 440 690 283 223 849 325 581 187 199 270 220 170 615 217 581 45 936 412 560 184 774 510 418 501 548 671 775 293 429 435 31 578 60 438 906 877 515 138 531 822 786 415 201 560 31 398 725 878 209 197 566 263 183 638 457 265 711 894 850 115 586 830 842 609 802 533 849 601 474 562 336 778 325 815 627 868 754 511 791 632 534 913 206 82 660 88 821 692 424 35 696 593 536 753 283 999 535 3 848 792 848 645 348 657 24 808 447 617 443 369 617 370 806 704 249 88 330 286 799 299 471 520 701 769 244 124 464 370 647 931 550 662 813 497 234 658 854 282 447 873 656 179 632 333 550 571 22 255 437 153 322 732 947 978 421 9 869 224 703 554 273 192 560 832 170 188 121 817 56 993 191 853 440 915 177 832 644 387 802 82 10 295 569 676 850 303 445 874 72 629 816 746 112 599 706 232 847 126 188 706 674 760 822 552 229 70 69 256 961 127 766 563 823 214 644 14 108 492 610 640 998 473 898 770 710 549 502 755 35 94 766 42 958 584 248 476 599 148 444 156 643 87 955 398 547 743 986 602 216 772 216 374 72 269 334 123 181 700 653 967 126 866 572 443 114 722 409 874 521 359 569 675 794 480 654 4 684 299 924 146 54 395 652 8 80 957 542 652 807 635 439 559 318 8 567 383 751 353 431 884 751 389 915 299 357 677 868 731 386 543 215 186 946 196 32 824 613 98 277 864 83 600 770 11 206 578 286 519 289 838 747 505 895 708 389 657 926 821 57 146 482 622 6 177 97 500 731 117 103 566 706 950 925 731 418 796 620 571 756 331 190 359 240 211 771 467 947 274 711 15 72 468 879 97 810 99 33 929 742 620 464 822 889 297 222 180 605 248 435 940 147 491 455 460 151 82 490 405 399 930 178 988 979 270 16 846 292 866 983 799 787 113 229 914 651 602 240 863 398 808 542 805 660 620 717 927 841 811 897 798 824 607 386 754 172 594 30 756 168 951 672 275 30 570 222 702 327 425 760 307 7 404 506 625 690 40 472 620 833 974 709 349 978 714 501 56 590 99 425 336 376 720 25 817 244 341 511 351 556 726 637 314 482 654
43 781 250 726 598 359 947 684 124 659 314 991 585 169 837 260 920 743 23 608 161 749 634 288 206 436 112 428 29 824 523 823 405 145 566 873 778 925 253 483 731 8 203 750 700 454 931 930 266 772 12 279 221 330 808 243 631 190 591 125 708 546 454 67 38 464 142 10 353 60 237 92 748 243 537 809 618 657 139 860 560 311 42 325 507 464 482 868 121 919 558 877 666 423 865 697 667 150 16 715 239 308 888 612 403 854 79 791 88 222 331 135 453 727 350 388 613 681 861 170 51 596 325 883 330 146 119 771 787 114 352 51 246 85 636 134 29 356 90 256 775 871 366 204 329 817 971 55 884 896 949 555 84 650 405 868 143 95 848 965 161 456 391 280 99 12 728 542 69 300 396 932 180 664 781 145 973 168 922 748 590 586 312 342 15 645 872 198 895 944 137 207 676 133 175 990 326 832 684 43 703 838 604 684 106 744 451 836 226 938 129 271 781 333 607 231 351 989 22 781 306 810 195 189 404 815 275 923 340 397 962 754 308 586 548 771 941 486 648 820 603 279 588 184 343 474 881 89 673 128 749 586 988 973 651 242 922 288 937 261 641 567 797 729 800 692 383 989 493 932 631 590 583 581 487 764 733 257 953 549 115 581 27 898 395 598 936 354 882 652 764 638 854 470 216 44 228 403 459 550 354 508 217 902 969 70 416 436 761 281 227 664 882 258 338 912 283 774 836 99 928 912 679 677 824 28 368 401 857 57 248 538 96 320 107 211 954 439 550 402 230 128 149 841 153 366 698 847 491 814 950 41 57 67 133 85 898 175 640 868 528 135 470 671 33 691 520 978 974 460 390 902 308 298 445 883 665 971 32 84 453 509 312 56 217 385 13 299 582 440 237 791 189 233 557 856 510 433 477 469 442 51 647 47 45 551 732 118 821 29 373 482 823 723 643 185 162 841 721 657 108 603 729 650 942 221 783 92 477 606 518 264 497 541 147 966 471 327 324 670 795 267 350 965 440 640 740 408 661 359 184 251 2 396 543 798 21 399 838 203 517 6 408 672 365 88 554 304 67 120 521 798 66 33 933 992 742 116 542 883 487 20 105 542 91 268 908 504 468 204 542 737 372 657 451 956 219 607 274 304
560 190 745 657 424 916 961 237 334 730 340 723 504 259 300 195 659 228 559 643 873 525 382 504 869 190 114 87 366 560 639 102 923 723 748 223 223 912 183 814 662 439 209 442 411 953 537 580 447 547 111 534 440 42 962 22 126 820 713 378 795 737 480 816 715 379 992 641 825 933 593 185 698 294 199 81 27 967 153 604 167 435 724 635 880 218 105 584 778 825 993 284 765 815 413 176 903 371 324 564 346 916 197 749 239 871 3 718 753 94 555 914 105 501 780 873 925 442 746 520 294 759 185 199 822 667 459 51 641 710 647 442 571 279 275 267 5 829 950 742 729 914 217 156 791 4 156 83 636 924 61 962 153 346 626 326 531 895 131 823 201 688 214 230 897 891 535 39 163 490 104 422 66 173 566 372 470 992 55 422 210 726 65 785 154 620 565 7 800 621 297 624 645 892 950 807 927 428 953 675 432 539 33 631 525 331 706 404 134 352 722 282 645 724 605 770 724 104 412 474 172 660 103 572 844 4 403 17 227 182 650 311 210 827 234 58 423 615 571 898 380 37 278 336 273 684 69 938 311 509 45 109 599 583 469 898 844 734 761 778 688 16 459 946 591 458 420 635 125 646 888 144 621 739 915 682 984 752 422 249 227 910 378 556 614 488 249 557 413 438 461 74 310 270 1 602 810 728 355 92 200 308 541 975 95 213 708 842 712 989 59 835 381 774 500 287 329 353 798 603 769 848 974 501 338 792 648 593 323 384 807 785 719 472 917 47 468 632 59 995 642 39 276 238 917 175 880 577 306 65 369 561 236 772 929 130 483 459 942 498 143 593 99 157 239 247 226 871 149 981 478 104 124 815 990 306 337 622 667 485 650 483 553 87 870 891 840 670 838 601 648 160 939 667 831 128 573 77 635 53 298 444 265 23 968 956 185 992 878 7 688 596 217 44 562 827 406 408 610 572 918 108 300 596 685 235 831 215 398 671 346 294 795 22 611 704 339 611 323 724 477 493 750 49 606 274 224 470 594 941 500 888 577 963 635 209 278 781 330 882 744 746 129 446 41 694 709 297 556 225 225 602 82 488 248 695 623 617 152 110 860 249 227 444 253 260 222 17 960 609 414 753 421 574 197 357 690 402 809 984
225 877 319 970 570 752 645 945 118 207 794 436 303 934 165 306 219 239 543 544 12 503 632 422 497 446 933 757 197 11 303 228 87 87 814 845 495 190 49 681 101 590 562 840 279 831 33 422 226 129 401 17 346 463 700 8 253 241 212 844 536 393 984 65 263 482 655 428 965 173 17 594 851 98 164 296 647 758 243 672 57 641 563 822 962 526 17 399 635 399 598 203 202 165 91 729 663 776 728 700 92 422 140 377 995 378 796 91 872 252 650 526 986 477 449 137 25 616 992 913 555 838 788 531 155 892 795 420 808 601 735 667 774 382 744 918 49 304 48 395 46 816 543 474 369 942 2 13 555 826 390 182 290 368 105 837 531 870 364 393 918 808 750 170 562 961 104 337 369 863 374 585 634 515 307 985 390 976 799 646 390 978 424 96 715 82 547 839 365 340 69 876 688 226 421 948 734 110 216 888 172 163 923 341 107 403 134 933 319 174 567 696 220 531 905 187 211 637 387 50 228 641 45 581 563 927 335 461 838 377 980 632 875 196 548 462 392 989 357 97 348 885 900 193 558 299 386 220 980 114 123 267 718 835 912 952 492 17 261 292 351 211 928 238 86 723 926 17 819 499 984 573 308 111 774 308 926 361 148 293 910 15 112 794 955 310 16 695 665 396 668 333 20 9 665 117 204 371 561 511 67 854 19 765 40 63 831 516 223 587 555 544 291 714 570 300 333 504 936 517 614 403 89 444 82 345 307 239 743 951 402 218 190 853 393 401 361 888 765 659 949 66 453 324 993 429 668 372 264 277 651 787 703 979 150 492 836 772 199 518 581 352 975 22 150 306 502 305 758 8 969 482 577 384 730 62 834 971 653 402 51 155 810 533 814 258 846 315 392 451 243 740 394 136 669 322 59 205 75 393 416 149 714 796 612 723 493 437 785 243 23 639 258 908 973 63 798 167 968 791 48 937 199 84 656 424 584 42 104 233 604 550 214 778 151 280 41 115 432 696 412 776 258 627 582 510 270 188 312 640 291 4 713 176 249 248 382 844 610 999 605 660 922 147 41 303 750 99 740 171 350 695 276 548 195 186 713 936 519 648 185 255 260 712 842 244 620 853 129 412 470 512 197 661 224 311 212 257 334 936
926 446 921 43 30 792 844 508 116 506 415 171 440 36 910 291 866 563 7 924 470 695 447 231 942 616 309 816 649 745 7 950 753 184 787 203 291 989 694 166 79 577 139 405 628 254 80 183 77 779 727 479 347 662 653 712 16 180 301 128 198 447 105 369 638 59 563 656 703 830 549 437 426 64 242 976 117 502 29 407 31 73 960 512 127 631 397 746 147 498 511 299 506 963 220 600 265 549 372 260 498 973 651 23 518 562 6 875 485 544 637 746 256 966 16 505 926 511 34 360 803 376 66 555 687 503 872 206 376 955 602 407 665 135 537 266 48 156 382 412 226 984 459 853 472 419 358 251 891 777 991 837 722 671 560 640 625 341 339 259 190 759 36 237 987 338 851 344 218 242 708 762 323 662 782 529 66 461 213 278 195 614 909 88 459 199 826 591 968 620 755 316 809 97 111 288 583 928 633 999 302 799 401 616 554 125 390 344 732 300 141 72 212 83 44 348 155 282 758 914 899 308 651 847 42 164 776 301 581 788 69 893 924 670 29 199 780 222 18 270 215 113 225 966 424 800 879 321 296 221 408 419 297 852 505 807 702 1 600 994 56 1 314 208 383 496 946 653 562 643 344 273 523 374 724 490 263 672 67 608 768 368 317 184 979 752 586 526 565 137 385 123 315 701 254 755 543 669 788 365 710 17 239 444 687 917 198 417 211 975 995 383 450 939 403 123 385 342 240 435 934 435 219 924 79 532 360 996 893 606 957 664 359 163 536 664 447 535 894 760 380 150 959 476 936 588 888 669 663 223 465 183 55 785 458 869 724 96 625 981 320 162 746 644 701 479 683 954 97 902 15 280 167 997 333 521 748 303 894 316 559 376 861 317 942 189 604 681 723 328 174 946 590 904 607 659 30 407 123 350 416 454 948 882 625 116 851 561 600 13 603 374 932 452 530 902 813 582 363 789 598 108 647 459 717 669 481 906 181 611 395 801 210 306 211 803 241 354 854 880 225 341 814 576 478 906 672 814 436 326 558 392 799 820 865 442 510 919 201 815 685 348 411 952 717 606 359 50 498 748 792 610 866 142 881 95 590 290 586 580 87 352 248 237 481 214 553 333 158 350 500 699 222 90 439 829 526 839 879 810
260 442 574 434 993 557 417 417 201 890 237 121 951 645 451 955 362 249 365 784 913 143 340 119 645 1 687 377 231 934 992 616 209 241 537 415 67 667 446 522 676 672 53 110 342 354 916 120 562 326 3 548 738 88 82 867 302 831 145 793 749 436 87 584 490 697 590 635 171 409 862 577 889 468 979 755 601 484 572 415 514 226 582 346 350 615 13 555 90 155 633 419 401 30 754 951 255 112 332 963 615 762 271 453 460 419 135 615 871 712 967 859 228 376 545 67 657 104 126 264 376 784 701 889 366 407 824 32 0 134 848 247 442 418 880 211 905 407 544 366 789 702 25 268 639 401 383 595 271 529 16 928 350 989 87 161 628 398 609 619 648 548 820 501 69 93 306 974 218 912 918 63 575 157 91 400 89 144 177 422 148 375 201 230 489 182 772 400 771 762 671 750 870 462 446 633 662 49 815 521 959 933 598 336 388 88 867 223 221 841 162 435 636 319 920 136 136 934 607 666 653 252 912 853 803 114 695 86 250 208 590 190 938 111 431 488 857 144 553 204 630 565 356 873 810 862 111 543 306 257 517 390 763 415 668 879 813 730 582 233 500 632 513 254 747 602 950 208 633 789 924 638 380 378 952 554 721 383 320 39 611 386 112 267 672 713 125 454 275 842 316 646 432 435 228 783 269 874 189 757 339 31 718 349 136 522 823 779 895 591 966 179 552 739 632 819 702 460 817 761 408 931 731 322 921 714 472 809 517 648 247 858 263 642 127 384 879 292 520 7 207 587 740 922 105 845 333 220 13 827 251 858 150 782 168 429 520 541 235 259 844 296 160 601 835 339 132 477 796 622 763 641 784 309 739 910 184 122 174 338 510 747 218 120 453 9 122 792 280 154 161 397 49 143 569 843 872 338 836 566 281 38 412 726 523 784 163 405 502 110 709 321 498 460 934 417 759 439 893 721 875 513 713 279 656 770 432 374 838 49 696 120 483 734 321 824 468 808 831 890 825 605 346 616 13 494 449 898 681 86 439 472 876 123 8 354 145 89 757 853 485 814 581 723 866 753 327 789 219 343 688 583 678 624 508 71 607 195 262 204 372 627 419 614 171 291 777 30 996 721 251 654 638 580 639 875 322 121 528 601
59 289 701 42 10 126 70 440 835 298 596 812 711 440 301 903 161 812 933 996 485 577 210 232 7 702 987 578 829 952 691 31 747 478 403 8 438 177 395 397 38 131 745 278 611 340 922 923 851 280 648 140 237 415 194 407 937 44 462 735 285 632 363 602 494 90 761 975 418 167 65 264 168 443 905 172 773 563 199 125 99 655 237 202 511 939 718 318 269 103 70 869 737 875 299 925 689 86 358 926 465 809 273 273 303 778 999 904 617 768 954 100 611 149 951 966 745 995 764 873 737 715 579 963 0 310 628 447 965 963 68 427 701 717 626 753 590 552 665 345 985 410 545 527 639 590 880 958 438 516 985 480 554 338 376 504 100 111 502 621 614 691 264 360 845 283 454 827 349 393 475 130 85 25 588 457 774 854 384 981 603 179 464 208 740 542 683 880 856 683 997 305 61 860 791 26 71 401 241 262 611 676 228 426 70 888 398 689 341 272 660 862 391 831 624 280 841 865 848 984 156 180 994 233 13 214 154 190 440 63 234 826 186 402 830 582 885 494 807 526 982 874 775 460 185 178 161 604 727 834 740 421 492 202 746 447 560 598 664 425 243 806 265 615 19 14 216 146 138 947 412 669 851 376 793 68 145 746 961 504 381 694 931 685 459 691 807 1 223 337 809 6 596 920 631 967 444 919 460 644 572 248 940 260 27 236 456 33 500 82 904 927 873 650 250 194 749 99 123 387 945 227 855 656 818 973 859 527 965 452 226 991 477 411 824 270 604 429 169 233 920 945 984 855 387 808 987 249 136 557 854 34 141 547 831 681 745 381 160 226 359 584 874 313 655 385 497 216 731 166 767 277 515 791 324 90 239 931 507 592 773 23 27 694 751 212 208 188 693 647 708 506 250 278 692 560 505 974 387 520 892 471 801 43 572 172 446 581 617 44 969 40 497 424 325 995 620 794 419 771 245 47 737 999 389 585 953 900 993 430 218 868 900 393 100 460 811 371 410 124 657 344 341 740 718 81 75 626 388 658 77 208 937 416 436 608 139 229 256 555 986 493 130 378 625 101 622 761 152 55 57 886 17 864 888 418 753 119 939 102 410 231 300 747 77 443 690 285 241 25 154 273 891 685 235 699 54 679 179 793
40 338 694 362 742 896 54 991 268 4 884 464 287 327 491 406 798 826 509 151 636 443 302 300 267 968 606 456 690 474 61 146 744 819 125 689 48 566 435 795 93 187 59 861 252 992 826 951 673 199 232 341 118 72 659 495 140 461 838 821 677 737 931 947 322 730 237 968 144 907 989 47 541 624 293 661 687 228 243 471 482 278 562 650 487 916 92 671 449 378 905 745 191 39 449 633 393 905 358 832 106 809 581 161 619 417 60 56 635 65 854 782 238 49 550 888 85 439 465 369 309 898 351 371 502 665 40 764 278 331 290 719 347 940 931 861 437 334 683 674 641 564 562 886 606 619 627 2 204 116 695 819 801 229 147 695 203 624 275 703 910 798 417 722 357 666 273 235 69 434 568 409 509 760 346 879 949 49 683 948 273 740 185 325 527 590 975 492 249 608 230 207 925 901 15 138 336 256 83 393 846 598 551 519 337 158 877 758 353 424 599 180 228 150 336 68 219 822 252 87 575 34 847 261 586 717 929 874 343 390 517 455 794 509 178 786 853 998 691 745 244 863 465 118 625 153 421 769 293 319 249 451 334 573 227 560 805 206 936 158 190 371 856 849 638 111 27 988 204 564 161 341 889 744 465 401 524 682 601 170 185 300 307 224 577 101 899 153 0 316 296 370 338 146 64 582 748 326 803 293 384 611 956 148 101 762 950 560 532 335 161 220 615 234 428 460 347 543 537 947 533 335 772 419 625 533 625 501 684 76 15 167 186 908 46 236 355 55 746 504 38 128 40 80 39 887 837 827 165 570 467 166 894 499 702 100 981 11 764 748 532 866 120 29 949 333 527 305 150 762 278 205 393 424 949 736 510 406 280 745 201 237 737 133 638 522 882 867 108 657 879 31 953 687 207 921 779 871 965 614 407 813 196 922 109 17 188 883 292 559 207 437 245 773 915 747 949 843 730 665 126 642 957 701 156 349 628 147 751 882 723 291 842 108 500 64 558 212 80 270 923 97 864 216 260 475 284 240 623 0 816 499 32 353 94 971 622 880 608 959 292 517 607 454 553 720 549 334 143 902 715 674 675 747 788 873 150 304 922 187 81 80 836 112 930 859 840 174 78 290 481 336 0 723 334 809 728 303 500 126
809 802 119 341 728 167 106 574 785 858 726 646 624 707 71 663 306 191 245 403 572 545 91 119 476 242 327 767 109 117 248 636 800 77 966 598 845 924 944 719 624 154 858 391 340 517 740 521 777 247 55 494 621 796 966 778 529 872 934 538 700 549 158 660 986 792 600 883 219 374 343 690 238 924 339 985 797 294 538 826 716 681 390 502 303 637 339 301 701 987 642 338 752 736 302 776 903 468 902 133 983 840 790 941 254 69 465 861 400 284 223 90 389 418 707 108 87 708 654 183 506 289 222 485 376 975 827 804 145 883 772 400 297 319 522 779 845 627 529 559 451 735 56 390 996 601 939 609 983 779 853 30 230 242 731 978 971 889 835 828 826 489 201 455 487 265 50 94 198 627 417 456 363 364 508 119 898 825 736 623 21 972 452 243 820 507 560 45 464 33 210 194 115 774 128 902 816 545 421 815 406 591 834 721 904 192 106 884 847 574 848 773 436 119 305 445 452 324 347 74 145 985 50 577 524 501 132 896 934 93 8 177 546 180 192 390 685 89 604 593 102 419 223 803 448 921 845 938 639 453 475 838 957 968 517 657 449 814 580 405 759 751 691 165 372 766 559 828 726 620 482 428 616 338 269 401 10 541 459 53 700 681 2 908 518 748 49 580 649 631 890 257 753 348 517 471 948 706 193 470 550 390 654 381 855 677 924 181 18 581 957 385 520 759 848 777 880 476 731 485 451 170 670 932 403 663 354 396 5 594 950 636 983 93 807 276 630 258 45 581 447 812 368 733 691 567 131 117 290 922 884 188 857 242 796 872 956 173 862 706 765 14 177 593 33 653 27 932 402 703 842 195 128 405 531 204 301 592 499 131 331 485 129 168 492 757 287 798 439 18 314 757 490 279 692 613 393 125 408 71 301 105 873 341 363 97 293 673 129 363 680 324 238 865 357 976 565 314 587 156 378 329 93 328 343 398 564 733 418 434 220 445 710 598 898 871 430 580 349 735 799 485 379 829 728 783 690 444 588 670 75 586 222 367 670 673 179 133 378 269 463 766 220 873 297 893 384 631 568 731 645 472 113 829 307 811 176 746 833 760 275 363 352 130 463 797 875 389 651 964 819 257 815 566 249 380 802 151 332 173
576 545 805 189 360 31 387 847 667 659 31 270 336 316 978 212 268 880 772 632 389 618 749 426 939 407 506 588 573 56 560 841 407 681 768 320 297 597 33 257 116 554 841 915 554 626 554 82 371 304 64 989 390 233 60 526 298 520 105 341 431 586 120 859 145 824 279 368 295 363 317 200 813 23 138 553 969 307 726 675 948 179 859 858 617 214 434 344 93 296 832 738 780 669 881 505 659 336 354 305 94 836 91 423 209 676 795 212 676 180 857 843 926 302 114 212 568 712 540 99 738 32 117 849 205 747 350 987 564 655 132 46 518 666 59 568 27 238 359 334 576 962 748 200 154 732 906 541 419 453 370 434 206 302 938 858 265 77 392 189 290 436 148 77 64 695 13 483 745 961 105 120 310 303 263 949 810 985 903 770 918 228 334 173 530 842 724 193 76 940 627 13 928 931 69 4 839 393 70 879 196 591 63 74 368 442 843 192 944 601 800 931 685 320 924 224 737 813 211 141 332 979 824 468 588 145 2 474 733 589 974 189 28 947 233 756 370 956 271 724 147 335 921 519 841 251 819 750 737 242 278 829 445 93 331 368 328 856 80 189 875 518 447 939 777 497 176 387 545 695 897 173 606 652 346 516 858 788 588 281 776 467 432 368 412 270 890 406 707 643 158 710 405 808 980 693 136 776 665 655 876 986 386 553 56 541 309 726 127 14 68 704 332 481 501 459 51 673 723 614 334 378 2 167 714 626 660 917 503 500 454 929 276 847 363 834 744 253 475 23 843 808 316 476 816 588 360 704 269 71 113 975 491 677 728 473 626 383 934 248 896 789 178 846 813 168 280 402 606 578 787 548 290 514 471 999 285 531 280 129 544 865 350 103 256 37 896 321 70 502 954 672 89 626 775 591 327 180 922 440 645 194 822 498 987 572 250 9 977 331 975 944 688 593 146 82 904 515 521 126 31 19 784 312 762 312 772 83 574 567 853 702 946 718 904 281 444 465 116 313 107 193 971 697 224 217 611 643 488 140 680 524 404 438 175 14 699 630 742 715 628 737 380 833 380 277 529 697 81 440 532 83 314 504 86 510 475 657 302 85 701 840 249 92 222 452 891 733 448 530 430 382 850 531 777 879 751 476 722 607
921 879 930 613 350 538 703 127 207 683 417 143 706 940 343 187 808 342 200 599 704 480 279 533 735 504 60 317 418 439 104 255 2 803 194 854 270 153 610 824 76 636 756 880 287 858 794 652 625 276 7 113 256 495 763 692 1 227 18 967 188 190 417 481 124 581 956 89 535 91 52 216 741 386 801 522 510 104 589 600 632 660 887 250 701 866 821 64 599 667 553 591 453 785 779 112 387 713 911 969 94 382 742 761 196 17 923 261 303 749 703 213 808 463 570 628 374 384 945 844 866 306 218 799 430 818 472 654 622 257 531 883 987 310 774 263 537 693 826 396 322 402 438 116 619 347 534 769 968 932 127 673 226 219 517 842 902 681 179 437 849 332 687 269 316 979 378 595 268 296 463 557 556 257 634 899 393 161 300 581 158 482 315 583 801 169 57 635 109 479 126 431 241 439 537 761 956 608 136 912 348 836 333 558 896 474 398 594 100 284 303 248 853 969 881 725 283 878 845 863 417 931 855 545 140 894 515 292 18 352 935 9 709 394 60 72 617 480 905 937 168 389 885 529 449 728 795 353 820 482 543 873 898 228 142 587 536 89 605 347 974 589 435 99 641 15 277 66 755 529 876 389 217 942 670 611 795 702 278 686 909 439 240 20 351 352 458 164 493 535 111 763 91 620 327 996 904 147 292 358 395 121 977 597 909 795 717 541 627 131 469 867 906 633 684 513 892 423 292 492 160 969 220 400 149 865 323 714 956 696 945 436 971 104 531 59 824 106 642 169 351 499 590 692 909 22 283 814 558 402 14 326 691 904 810 354 459 191 935 611 837 342 704 316 154 41 309 278 163 860 243 604 425 987 906 781 635 131 881 774 340 391 488 407 353 34 329 592 21 139 771 365 767 569 787 658 942 196 427 897 122 953 540 235 229 414 552 660 456 939 794 145 45 814 186 41 796 514 502 467 537 850 452 923 197 687 660 40 279 232 375 67 239 46 741 208 691 962 673 396 458 509 205 90 662 188 595 815 944 401 395 589 838 567 927 357 446 498 730 170 134 166 989 185 657 33 486 771 457 68 587 158 27 957 414 664 701 370 262 981 168 804 109 140 577 438 57 21 892 56 240 647 760 257 744 571 650 264 339 913
8 754 880 768 650 3 201 342 922 246 969 519 187 967 539 212 338 467 980 434 397 631 480 980 645 104 239 672 258 150 608 723 656 828 192 787 479 342 27 451 608 417 114 426 778 429 524 698 687 273 1 287 44 762 223 60 506 374 205 78 943 470 16 891 727 342 204 431 175 577 921 214 983 452 540 852 498 50 336 186 220 684 9 539 940 650 628 605 487 26 236 338 247 211 113 57 545 499 548 831 369 72 34 323 786 585 764 541 340 841 293 971 743 489 398 76 161 140 662 707 306 107 436 796 497 915 317 708 674 312 822 604 155 857 12 311 818 10 907 209 382 236 987 73 622 939 840 332 816 292 511 310 132 229 821 273 276 105 925 554 692 265 892 536 357 703 542 615 702 853 378 985 432 983 640 995 390 984 987 584 333 580 551 63 572 74 367 917 860 910 569 520 276 704 955 298 313 192 129 393 710 884 848 609 694 629 665 335 363 940 523 755 788 349 278 306 762 197 906 769 961 890 642 537 563 309 788 807 772 949 477 658 304 137 427 9 288 52 717 938 329 992 629 268 763 573 981 150 56 461 383 875 139 680 939 154 951 597 783 145 200 275 790 881 105 185 602 35 827 695 195 809 525 526 884 110 67 866 32 83 197 110 62 543 972 553 939 917 300 24 128 152 22 695 325 432 680 918 382 703 667 103 883 843 437 154 590 33 679 275 781 610 317 968 849 108 443 631 856 442 447 468 271 653 259 609 942 789 346 682 105 754 608 242 720 781 10 372 670 306 699 577 686 62 960 760 843 725 31 727 605 971 551 724 979 992 21 234 755 262 6 602 325 898 568 930 282 939 684 788 491 871 91 845 332 966 196 341 295 722 348 660 759 172 701 559 396 533 15 387 16 205 769 532 382 565 494 975 396 65 330 474 35 416 212 142 746 968 442 236 353 963 207 445 75 559 878 299 740 405 225 764 969 197 674 462 676 799 157 762 28 120 975 230 98 703 554 844 353 863 559 53 940 220 449 974 673 563 355 207 966 301 341 835 450 130 584 57 309 37 425 570 133 123 802 922 938 77 571 9 463 20 852 920 44 735 453 13 424 20 186 192 424 360 294 269 376 112 624 420 996 532 370 576 792 612 451 583 52 178
960 34 575 638 551 250 340 798 509 602 714 295 868 454 1 877 989 325 881 448 458 100 847 28 338 355 67 370 309 997 590 839 314 537 983 565 363 166 772 130 890 932 520 692 576 922 32 572 361 991 266 806 653 682 493 360 465 835 568 313 8 574 812 331 576 849 598 187 139 536 596 53 637 148 37 554 178 574 469 212 39 740 495 622 756 77 822 906 409 308 802 149 432 841 783 936 508 484 833 6 499 294 699 197 942 544 495 74 158 436 147 55 430 400 917 992 862 988 643 699 992 381 241 954 443 789 522 303 330 649 406 43 57 635 305 316 742 894 570 784 201 693 596 293 217 874 688 177 590 508 907 604 76 565 777 414 88 113 120 607 806 265 301 775 596 708 947 206 796 741 767 234 63 337 131 519 961 713 315 414 190 613 307 229 670 279 24 52 583 626 519 818 399 930 25 474 205 198 557 567 797 984 430 933 112 357 677 507 575 911 56 43 72 227 313 4 666 119 663 168 37 782 160 205 806 817 884 348 487 77 613 664 789 105 917 253 211 84 144 516 671 725 156 69 152 546 560 598 429 695 697 890 26 96 989 455 526 328 638 957 176 569 561 801 23 419 803 392 707 229 406 638 806 136 912 374 60 267 494 781 686 847 439 881 861 437 271 917 744 703 695 197 960 420 942 147 685 764 274 55 1 639 781 278 288 257 617 133 361 117 425 152 431 360 413 643 852 381 949 41 326 198 625 946 857 414 839 376 72 159 980 318 246 120 850 871 720 705 156 310 553 198 224 843 76 467 38 513 346 416 962 679 947 24 297 886 69 522 182 871 53 123 361 359 792 445 614 653 290 511 636 333 263 549 397 597 343 419 418 959 745 460 393 633 950 369 512 403 678 692 97 891 388 931 310 443 1 440 577 840 17 929 299 463 429 508 153 236 687 988 165 33 543 517 233 810 882 535 434 979 454 547 339 326 968 366 89 372 641 524 499 174 987 314 197 250 275 829 867 763 223 248 293 208 751 398 285 201 630 186 780 775 124 719 995 630 573 147 110 209 587 136 402 449 951 572 310 883 529 890 260 433 341 629 835 905 591 712 904 714 869 704 39 954 439 684 869 127 172 962 3 467 130 881 748 14 459 575 979 647
322 63 734 572 752 429 965 267 326 915 352 203 8 979 529 562 730 590 692 472 199 686 361 268 89 978 392 271 310 817 802 195 307 55 373 238 902 805 364 998 794 320 697 438 867 369 527 869 738 446 877 892 179 308 587 690 78 329 736 832 74 25 582 782 417 777 585 281 125 798 392 345 356 585 273 706 606 540 735 265 661 369 744 808 284 466 629 523 988 322 433 426 863 766 614 799 351 614 890 176 143 154 729 913 866 203 528 173 231 494 246 155 917 89 484 458 262 594 924 686 598 895 74 692 591 540 265 847 869 31 945 819 901 269 504 733 375 509 452 17 948 242 522 24 126 481 453 658 949 627 378 850 145 27 872 776 638 999 887 525 457 264 197 206 592 426 966 632 152 799 920 404 558 648 519 920 118 628 444 615 22 747 34 73 371 346 56 723 694 777 789 684 235 476 514 899 823 717 385 936 356 854 885 28 250 299 28 770 103 202 698 347 71 593 526 541 31 662 555 550 309 256 845 318 444 980 667 767 825 115 809 492 722 680 640 451 336 599 566 252 783 167 363 850 711 403 235 188 220 954 558 547 593 710 790 80 612 231 66 523 430 315 186 883 462 477 132 961 167 799 665 362 177 378 609 100 138 60 687 861 485 214 476 669 815 152 670 392 651 298 413 185 671 514 766 126 597 149 122 863 145 220 780 386 395 562 855 110 25 444 767 842 773 563 982 651 475 771 278 5 683 479 607 443 122 895 454 46 982 30 866 227 686 614 899 771 859 288 395 117 132 516 839 865 922 353 258 749 724 369 431 420 576 118 538 85 5 47 811 198 904 281 806 538 54 677 339 504 979 688 861 968 388 240 51 227 215 578 886 419 393 213 890 426 296 966 397 302 800 405 297 972 710 154 662 297 58 184 674 108 201 359 562 883 870 447 908 161 399 376 58 676 314 238 319 294 539 27 186 251 129 535 53 900 197 656 995 483 93 117 634 964 737 141 644 314 150 694 263 267 693 915 338 195 113 416 529 322 374 839 798 201 520 198 479 786 610 995 38 862 949 453 384 880 662 416 389 838 576 370 551 668 861 537 34 460 726 788 407 166 968 879 414 740 169 808 380 54 612 892 455 546 796 703 629 255 101 667 830 436
195 592 398 593 252 625 561 923 680 192 20 979 556 421 261 937 853 867 411 551 955 864 32 309 343 88 273 716 149 184 298 787 888 534 577 826 656 545 462 123 443 680 52 852 926 892 666 466 872 613 596 427 389 442 666 953 726 514 477 315 540 238 286 700 234 16 88 6 356 229 273 170 534 705 376 837 989 515 987 96 235 767 659 799 396 889 502 390 615 560 365 889 172 889 447 735 392 535 857 921 920 267 381 936 959 570 173 815 248 813 844 591 180 116 364 245 739 683 916 874 225 786 25 185 101 864 184 394 52 400 138 549 763 871 936 368 191 516 568 235 200 215 480 15 573 504 901 47 442 126 875 842 146 198 886 306 768 465 686 818 536 280 106 475 495 729 948 771 13 830 339 141 926 246 560 181 898 215 138 218 607 950 75 315 990 691 382 865 362 153 982 612 211 375 512 375 591 445 861 823 847 218 120 174 89 760 97 661 91 826 857 680 758 983 674 989 508 985 423 152 970 998 656 135 942 887 846 453 327 751 341 379 738 777 462 469 391 507 656 859 293 622 372 658 587 812 372 976 52 522 953 319 33 928 158 220 719 545 279 518 803 597 353 755 592 229 711 947 581 652 750 584 940 615 838 711 309 198 40 322 51 140 773 830 420 48 743 441 620 669 760 984 737 748 778 209 403 904 165 157 887 632 309 490 292 456 97 874 495 265 188 176 344 473 48 449 976 384 297 668 671 583 133 40 591 774 860 522 508 287 914 374 761 875 778 209 85 147 858 629 381 707 8 66 299 921 983 640 312 273 68 494 57 539 256 56 483 779 515 229 611 226 726 379 918 653 521 857 914 204 146 948 35 881 740 596 625 45 6 516 436 363 226 363 850 316 283 319 418 926 990 268 375 810 808 312 20 494 433 654 720 981 370 913 148 912 926 202 498 755 596 688 551 497 781 591 381 218 787 540 831 490 980 960 854 620 924 521 869 425 530 183 392 877 258 428 746 234 520 734 923 530 21 242 377 292 613 233 99 365 818 108 357 198 964 188 322 707 915 818 902 549 758 619 620 505 157 391 535 604 627 548 354 922 52 514 596 941 608 422 354 499 322 664 998 58 345 40 266 818 239 554 836 5 354 142 68 539 286 232
607 418 271 243 224 164 823 930 26 821 641 436 292 638 53 275 788 965 752 94 454 294 566 539 345 3 867 601 901 270 224 270 716 224 903 37 848 269 203 486 847 381 732 345 230 404 78 334 20 564 125 377 782 650 747 924 828 474 823 815 742 904 236 887 657 459 378 173 557 869 742 334 924 68 575 428 42 307 605 259 110 873 163 968 392 238 175 37 143 346 644 271 915 653 216 511 952 705 116 660 28 432 407 356 885 674 325 966 768 85 688 908 170 488 537 140 968 762 547 3 637 223 91 964 485 976 439 693 677 271 566 602 674 629 548 167 957 234 221 282 492 414 406 300 121 320 553 89 788 116 260 494 494 907 13 544 941 795 699 132 890 969 67 852 43 30 536 328 974 199 438 626 40 813 52 178 58 995 47 439 180 344 210 577 567 256 687 851 187 67 233 209 487 439 136 798 336 411 115 376 846 521 491 621 809 894 580 830 566 426 532 970 689 535 101 89 521 812 251 757 782 604 404 779 993 270 422 625 95 362 396 445 222 545 633 77 371 5 720 637 183 937 755 634 234 780 271 410 849 868 725 792 841 584 807 152 777 901 753 812 234 630 236 208 621 150 695 639 744 735 438 949 755 941 957 474 85 261 72 321 866 627 227 294 250 451 652 203 440 418 44 514 671 327 621 606 267 671 483 532 606 972 380 39 264 958 583 912 510 107 631 150 571 345 153 155 715 191 277 809 910 769 669 709 560 613 475 641 676 643 250 35 993 268 552 379 963 824 829 703 216 176 621 655 587 605 275 369 920 237 133 350 267 56 716 633 916 25 702 997 643 48 858 379 133 693 8 896 898 37 574 69 903 32 632 181 257 93 993 695 902 590 743 790 818 50 872 322 699 110 392 341 433 311 396 929 671 269 829 78 358 953 591 421 387 285 468 12 779 267 405 187 782 569 525 788 737 17 931 316 870 962 244 272 217 455 618 446 291 703 135 239 940 661 810 159 875 418 528 71 323 689 281 253 1 823 900 164 705 502 565 737 194 223 535 533 290 818 568 578 792 3 542 279 775 34 437 607 274 646 178 131 889 136 425 206 375 450 510 225 435 406 224 963 486 159 214 29 458 300 996 341 636 905 742 570 656 567 153 447
811 704 721 91 954 874 561 334 496 936 161 940 170 800 77 451 921 735 505 453 110 971 26 730 698 573 427 981 114 983 980 135 406 57 671 870 892 869 931 724 3 234 752 534 17 367 817 22 511 924 343 353 804 187 468 353 434 632 286 463 275 270 247 136 578 199 878 837 27 199 587 335 54 655 42 181 910 790 10 62 871 164 898 62 8 458 459 841 364 420 318 911 124 512 16 117 203 705 215 185 630 898 863 43 770 517 868 883 68 205 447 799 698 77 797 197 176 762 437 970 808 608 292 739 101 908 16 488 94 452 46 559 402 527 276 54 198 255 518 18 471 880 217 192 942 850 702 290 84 789 27 195 859 923 414 57 590 742 53 629 113 904 981 708 620 325 157 249 762 900 485 681 849 381 707 126 100 462 920 654 650 180 390 843 867 793 531 675 203 245 277 613 443 510 449 252 605 131 943 395 35 515 542 691 220 692 942 863 339 366 675 315 674 242 618 33 92 631 804 185 705 72 690 836 505 642 709 893 298 236 744 14 270 565 979 379 265 559 769 725 119 592 342 478 382 34 647 207 884 759 362 64 810 201 857 550 630 860 831 44 885 312 438 999 134 331 224 827 277 575 744 874 186 451 729 299 348 357 56 45 967 641 467 908 634 930 24 837 876 533 474 511 158 81 397 811 381 331 769 827 439 868 835 163 605 824 519 707 526 285 609 274 67 324 964 134 410 716 804 100 595 974 593 238 206 921 801 141 859 931 252 252 81 587 114 80 820 5 476 354 858 296 103 682 888 801 408 58 172 368 64 233 165 714 176 758 998 835 710 896 368 913 862 898 119 350 547 396 133 388 879 74 776 958 203 152 92 953 165 335 854 494 909 23 955 831 311 629 594 150 210 647 940 443 350 195 379 120 284 272 818 39 97 186 345 379 908 387 996 184 851 596 854 209 842 195 954 701 100 581 505 119 46 222 509 965 60 465 116 885 119 711 728 557 966 379 262 46 208 794 168 180 636 944 828 529 455 519 910 136 81 931 492 495 228 116 563 466 508 778 296 97 945 438 238 517 385 367 133 130 191 265 933 918 473 123 692 707 506 957 636 319 212 713 242 323 593 892 239 638 783 98 515 112 208 345 985 978 552 74
964 535 515 723 961 165 173 54 234 546 289 654 791 51 470 975 165 501 972 514 866 819 82 877 625 317 339 342 333 701 440 79 298 193 222 834 274 443 743 275 843 601 199 206 362 623 327 885 537 642 658 231 123 794 93 238 84 611 242 640 141 448 344 200 202 846 399 769 934 116 938 511 907 447 644 15 337 558 150 34 690 748 191 824 186 793 469 599 786 575 721 273 934 565 983 41 74 946 393 42 814 657 515 666 686 56 330 523 287 643 844 478 971 937 723 687 384 894 589 893 265 478 191 769 179 311 277 725 647 577 646 453 965 308 975 51 544 287 158 683 145 866 523 776 519 867 831 975 134 221 469 185 535 720 930 164 398 362 66 408 997 816 315 818 113 282 203 840 529 586 587 203 883 928 946 617 96 774 0 244 611 248 83 137 84 599 570 579 428 128 796 963 171 389 63 963 744 377 943 38 820 221 195 841 833 63 658 703 37 757 123 965 32 374 640 539 358 812 634 311 889 60 910 54 666 788 383 73 148 672 739 93 437 374 404 688 66 159 100 335 621 324 6 843 302 153 536 568 443 417 889 194 634 186 684 405 667 565 490 543 507 292 206 813 502 754 207 829 841 952 150 377 474 112 375 647 227 93 859 711 28 94 907 763 784 581 614 386 473 907 958 225 477 729 435 954 2 994 508 120 511 839 196 380 876 101 402 443 99 767 960 47 90 451 850 12 809 866 969 466 112 95 920 329 410 708 417 328 39 356 506 697 244 932 334 711 757 348 611 721 204 558 505 144 841 362 585 143 756 490 860 243 463 26 238 989 250 555 127 346 763 286 89 862 201 362 403 734 920 47 855 489 110 92 451 523 388 757 169 269 849 659 988 319 477 910 912 747 827 204 575 842 415 930 464 767 421 630 508 390 23 101 212 139 530 748 348 416 303 861 513 350 401 761 63 177 697 31 362 918 452 322 658 919 389 792 182 911 143 729 334 458 804 198 204 21 625 679 490 401 780 623 841 801 294 598 507 715 939 880 483 645 275 876 933 110 948 292 26 965 651 301 592 416 289 220 223 283 493 231 157 801 670 103 532 956 769 681 437 977 464 959 983 951 865 285 795 282 585 54 198 333 809 474 918 680 516 635 728 558
896 228 865 761 259 282 284 825 940 828 96 205 832 348 94 618 935 155 757 556 321 35 142 804 674 940 996 774 336 874 256 373 711 832 46 967 464 27 152 220 110 144 26 351 307 331 408 956 71 853 750 38 999 317 81 250 35 995 354 120 595 855 236 874 86 366 139 775 139 743 780 134 337 614 730 536 759 188 517 807 11 58 319 340 15 507 918 755 665 565 748 986 468 875 609 498 136 20 467 951 574 656 200 509 235 213 264 591 497 827 559 767 609 34 361 786 296 791 818 522 420 145 937 531 7 877 882 933 699 8 837 359 749 35 748 951 897 561 583 858 624 413 422 135 420 852 362 201 958 336 858 722 809 570 275 381 296 900 355 634 242 81 379 879 365 387 473 694 643 371 373 949 642 295 861 102 422 745 223 882 569 756 73 681 947 139 381 980 855 404 999 765 870 741 111 775 936 64 894 798 211 851 293 985 946 633 861 495 238 645 210 259 289 33 524 845 495 627 178 626 433 572 179 138 158 265 338 721 979 256 59 805 7 689 506 107 2 692 352 56 186 608 548 917 435 586 416 72 771 118 27 92 872 697 797 423 696 552 102 108 4 363 150 261 284 718 235 533 266 912 883 329 910 763 112 570 668 57 884 486 204 488 263 144 879 280 312 400 38 813 439 897 28 392 374 884 385 912 975 905 848 760 702 616 403 270 913 851 176 741 545 203 351 830 80 668 619 557 572 741 165 236 929 107 917 736 631 187 998 914 599 586 223 974 16 640 855 712 983 252 629 917 91 572 414 507 286 133 644 532 181 109 722 300 840 704 510 446 889 770 331 803 642 415 645 513 868 965 634 412 555 749 660 782 168 142 402 597 500 42 325 678 831 331 531 66 405 432 830 522 86 102 188 652 261 532 292 800 579 22 304 137 825 162 936 831 526 39 760 426 342 193 241 460 65 431 85 338 65 715 81 765 869 939 792 492 416 738 443 800 44 909 643 222 377 877 960 274 238 143 247 841 364 184 660 187 945 131 588 387 141 857 778 494 859 37 158 188 82 208 70 343 387 236 687 396 160 109 832 430 841 459 986 408 566 272 918 786 250 82 256 885 459 21 535 97 677 587 550 564 662 307 670 377 370 504 599 15 18 690
945 263 703 373 457 644 625 147 656 298 740 47 705 597 6 809 315 933 576 956 442 243 358 334 495 898 87 267 691 845 764 331 285 478 91 75 850 652 260 724 717 175 894 472 170 906 904 408 880 739 515 239 564 861 353 472 797 656 302 10 529 290 304 364 206 19 8 217 931 659 840 356 923 758 724 712 465 417 821 997 630 783 51 280 844 274 52 74 195 544 401 313 6 407 654 717 227 121 167 277 512 324 163 781 77 146 896 731 244 49 782 733 690 981 157 546 664 127 847 970 831 583 66 766 18 556 589 485 170 957 392 334 107 692 668 860 61 403 898 425 117 986 998 569 275 62 881 477 482 809 909 393 123 958 879 257 816 836 947 466 829 166 321 481 174 934 452 862 840 787 413 522 696 439 643 193 463 978 357 709 114 292 907 621 832 613 818 888 234 383 192 871 684 555 319 376 120 348 750 472 30 138 494 969 866 132 781 870 511 616 461 31 573 348 899 902 653 73 585 330 425 831 633 994 638 742 312 54 859 457 147 329 168 863 21 557 449 682 166 150 784 963 863 134 404 389 158 884 537 291 647 818 576 58 899 920 602 373 884 721 790 113 297 542 818 202 843 866 923 7 803 252 491 706 89 506 546 944 608 976 362 847 753 606 873 94 359 951 442 46 101 354 842 481 567 68 564 839 114 510 225 244 155 127 222 444 244 50 604 674 429 337 566 609 452 559 434 57 856 405 557 312 166 238 470 274 882 264 535 56 15 140 551 25 309 302 578 342 25 176 922 139 208 534 276 471 508 378 541 754 389 820 309 162 439 676 122 139 641 663 340 161 464 694 529 506 385 200 260 367 796 869 154 953 185 728 705 400 638 425 326 189 835 214 7 660 6 592 914 937 976 964 498 156 263 252 460 138 694 367 394 75 56 265 656 421 324 472 604 451 5 482 100 277 585 103 786 218 336 343 479 829 811 21 205 394 992 37 535 114 501 827 398 367 131 176 140 859 260 170 117 71 104 930 562 615 950 615 47 993 553 933 115 708 896 799 730 421 769 893 760 735 16 581 944 230 479 139 820 152 93 172 607 734 205 437 687 51 754 390 126 657 278 361 919 933 278 820 842 402 280 188 118 196 939 397 657 821 670 761
3 157 81 356 336 916 27 365 368 416 983 416 798 156 797 620 93 502 586 438 924 167 807 879 985 164 512 328 567 644 25 83 390 500 472 900 262 335 623 948 448 190 122 480 608 422 573 113 60 869 869 685 491 68 350 633 471 111 718 973 187 788 430 304 917 623 618 587 469 535 382 815 29 844 828 997 29 314 356 195 433 672 224 239 756 650 584 927 232 613 501 80 508 25 468 979 691 185 892 253 483 683 958 411 854 79 288 746 337 547 941 788 443 479 63 784 258 288 917 685 702 710 736 728 800 871 87 746 514 678 555 180 629 579 249 899 547 22 919 632 909 719 936 462 164 351 824 878 677 838 835 513 796 967 13 848 469 743 38 957 902 934 415 159 393 329 145 475 761 646 762 580 24 522 984 983 751 444 318 851 533 780 452 235 798 357 516 801 98 447 967 879 81 688 275 371 703 160 849 155 568 161 146 587 455 955 955 929 722 541 633 33 242 606 238 729 416 351 450 113 706 326 396 187 226 176 496 644 113 562 831 551 501 542 266 75 760 777 402 715 424 14 761 679 284 716 2 742 134 773 281 249 785 410 31 39 342 469 802 150 623 996 24 66 798 175 673 537 734 785 945 979 697 813 31 357 726 377 807 113 715 620 22 482 794 17 201 121 307 960 264 830 790 335 419 101 729 339 928 64 641 571 390 472 300 74 937 461 520 241 280 391 137 438 404 589 731 235 22 392 161 833 682 10 75 714 385 488 505 466 292 770 245 932 745 903 625 178 463 597 267 280 888 457 86 490 5 3 618 267 177 650 133 240 477 728 378 801 411 119 401 668 89 86 661 647 44 436 306 499 561 176 538 887 814 57 115 921 201 440 234 321 501 948 855 377 539 849 941 799 954 38 935 297 295 430 843 819 115 850 873 664 278 64 413 557 503 801 503 962 574 916 555 979 988 627 854 134 710 695 180 328 528 834 372 574 243 269 279 400 429 220 977 760 670 459 563 2 354 579 828 1 266 473 374 373 61 134 5 337 740 999 715 889 468 447 819 797 912 521 324 557 363 806 494 791 71 813 676 829 227 539 34 886 682 670 278 775 810 124 341 471 319 361 279 277 529 350 197 671 78 300 793 452 499 484 690 46 172 880
936 837 84 769 631 82 721 201 128 973 411 662 117 740 242 299 843 471 445 438 20 906 630 740 174 377 459 316 363 310 740 379 727 663 650 888 936 701 708 870 321 672 669 329 707 521 145 788 382 22 159 321 923 716 943 343 709 630 619 74 774 847 397 977 314 16 821 499 764 695 323 295 57 971 35 675 804 550 890 209 718 867 889 583 395 292 446 624 469 923 22 580 521 1 198 524 870 830 339 807 909 513 132 221 620 367 103 71 480 306 326 230 749 930 206 971 990 903 953 796 287 50 246 127 742 129 38 224 282 500 229 306 130 942 381 379 632 413 366 18 888 148 326 528 510 751 151 408 607 4 888 555 578 811 897 302 84 858 970 587 591 51 751 218 556 880 68 417 816 976 419 171 35 958 411 783 321 829 907 966 512 789 481 805 159 322 495 59 5 28 359 20 352 171 835 541 321 397 520 576 433 15 263 669 929 824 577 529 80 503 60 41 765 332 329 181 955 779 252 711 967 238 359 913 164 68 386 531 946 901 67 127 602 255 447 346 870 493 527 848 874 836 736 133 789 874 605 400 716 746 811 730 403 995 138 851 970 259 478 304 185 138 501 774 746 224 189 560 950 352 329 705 674 571 129 599 860 227 516 134 154 482 608 656 622 778 539 307 97 881 663 179 159 681 846 983 345 787 5 692 558 429 985 380 355 940 778 731 644 483 619 421 736 188 482 287 968 660 343 66 11 9 694 722 730 996 299 520 374 332 972 20 848 974 646 688 704 443 113 632 195 120 82 483 163 672 24 754 349 123 417 508 14 867 643 87 343 466 749 293 60 879 634 988 811 781 852 80 589 11 131 71 34 922 630 47 911 503 129 734 636 760 170 148 731 835 888 435 764 349 296 251 161 411 791 503 508 536 477 662 703 221 585 486 817 237 195 35 102 385 169 449 54 962 885 661 802 164 620 678 857 848 964 376 742 341 736 805 382 109 848 320 292 116 28 253 930 608 962 149 431 124 787 228 651 540 375 790 297 466 685 279 574 194 27 561 645 720 860 528 40 641 425 926 787 526 745 30 708 947 896 141 659 378 93 245 845 479 300 764 311 29 729 310 541 570 331 114 697 780 42 536 416 463 404 714 241 891 785 238
603 439 301 876 99 325 24 590 39 476 652 350 601 543 5 353 773 663 316 391 442 265 451 199 734 13 506 626 995 856 336 108 914 928 564 558 497 747 226 479 842 256 957 827 852 633 921 305 615 79 458 826 796 971 683 40 672 243 434 618 107 429 365 732 154 379 262 148 322 649 883 900 488 566 360 318 338 537 276 595 937 447 886 51 479 841 833 219 295 233 359 20 551 462 202 887 686 147 255 16 400 124 898 323 195 519 915 495 634 99 149 877 673 723 413 282 389 53 861 65 157 765 96 638 524 609 568 142 994 227 270 764 560 544 613 15 899 815 264 718 525 202 751 605 775 998 352 620 113 573 109 945 158 163 756 303 276 452 974 537 39 676 88 466 775 82 249 792 896 295 505 360 114 673 807 215 979 22 91 35 271 139 264 198 597 452 736 20 578 152 243 599 215 757 971 681 289 580 473 267 253 570 499 24 182 701 266 349 42 793 387 514 956 123 925 971 550 829 600 732 746 296 21 518 470 253 300 326 636 380 37 778 978 384 143 987 195 489 119 443 589 678 15 555 486 572 960 817 741 724 575 921 440 99 56 426 39 133 811 751 265 295 783 594 926 452 287 289 381 671 812 473 609 40 346 49 348 532 310 750 230 195 757 991 77 751 939 936 840 874 155 808 237 949 418 90 353 624 257 710 818 853 48 965 135 576 806 39 992 141 274 466 1 758 463 226 764 562 10 567 107 409 523 721 895 863 613 947 980 313 5 326 152 477 271 820 728 665 5 166 83 73 600 80 786 347 497 701 503 415 592 852 346 393 318 937 961 852 625 568 534 9 699 705 44 786 504 637 395 202 462 52 911 421 296 582 190 822 194 279 489 732 882 114 349 364 379 894 862 690 342 428 269 46 579 931 645 651 878 777 143 551 600 409 952 78 367 616 625 847 914 512 792 607 824 300 171 402 2 308 97 124 70 339 849 792 599 331 908 91 353 772 774 660 817 50 828 77 547 872 202 517 22 202 881 555 149 734 314 29 316 950 658 836 755 274 519 77 695 741 877 132 347 364 595 824 736 497 582 431 745 710 49 87 904 520 501 131 362 107 878 848 293 324 182 614 181 264 912 719 679 548 64 637 801 333 467 174 118 859
699 827 715 698 685 407 904 49 461 319 213 911 499 231 221 558 598 357 745 789 577 131 342 207 800 514 956 736 852 450 690 140 392 339 211 699 659 805 724 674 178 665 996 393 308 219 513 430 815 13 789 526 660 199 544 475 511 584 478 998 587 6 157 631 403 732 425 954 605 112 42 159 251 571 802 545 554 277 993 528 128 293 543 119 948 753 777 369 843 687 673 940 725 313 979 366 306 913 346 972 40 112 300 902 259 894 993 897 680 745 583 996 107 10 96 826 983 689 71 931 365 473 276 699 645 639 339 258 117 962 436 12 747 927 706 452 759 394 992 862 637 20 261 26 818 608 472 574 563 341 816 309 724 947 376 183 349 667 790 632 623 11 278 32 440 291 830 144 45 606 362 917 877 116 86 854 592 604 224 635 72 377 403 90 359 577 55 70 844 15 441 535 437 327 133 184 531 562 487 341 15 384 255 734 306 888 517 75 693 945 284 890 623 704 309 989 258 462 892 991 361 558 618 195 801 24 331 767 963 101 260 797 617 224 786 504 603 127 801 900 288 140 854 580 4 586 654 203 115 410 128 288 879 168 774 447 792 19 138 687 876 785 490 170 760 462 340 245 523 829 927 850 181 455 490 179 958 64 186 259 974 798 798 804 965 519 365 959 258 908 120 353 843 321 540 840 48 724 325 97 300 757 116 517 358 8 70 904 911 375 28 33 355 650 570 951 379 198 87 650 386 593 189 723 638 832 426 623 968 404 158 590 539 8 327 747 745 842 689 217 776 868 20 913 356 951 868 937 699 622 375 424 1 719 984 196 518 845 272 349 16 489 621 637 934 810 992 874 485 688 14 156 98 530 444 615 384 625 524 181 979 187 56 193 751 752 655 156 502 637 560 950 379 140 926 396 17 91 851 67 831 527 981 423 552 651 83 242 742 556 353 465 776 941 783 552 400 195 467 479 857 960 786 179 823 854 821 977 402 815 763 9 707 637 566 16 216 919 443 977 726 314 450 834 485 498 792 396 305 154 328 559 594 7 546 267 915 36 938 378 177 386 736 693 889 208 895 235 811 795 327 768 273 5 763 470 69 140 91 493 53 908 405 430 425 928 986 226 884 188 613 650 778 716 133 617 26 722 436 62
751 494 153 28 313 139 334 837 680 560 228 116 957 687 574 957 202 617 145 970 432 80 783 323 971 71 908 270 857 525 317 42 418 935 464 912 41 342 709 148 201 81 623 509 925 745 29 645 177 770 999 615 529 24 743 86 706 559 244 258 577 334 244 428 13 548 202 574 175 335 534 773 799 273 504 710 127 607 811 881 129 795 632 852 798 230 719 393 299 971 468 819 48 753 110 826 647 407 718 788 320 739 862 713 874 672 723 780 230 639 856 837 362 640 479 908 982 839 159 334 3 348 779 189 996 869 130 610 247 799 817 941 977 192 638 317 440 475 714 988 426 460 773 642 642 36 723 304 462 32 750 87 905 936 430 127 660 345 523 416 738 506 729 277 237 84 296 19 190 155 921 692 169 447 774 869 102 986 480 594 477 979 150 234 260 23 25 443 148 559 588 346 354 631 231 327 204 952 475 817 502 649 609 954 614 58 877 474 249 115 527 713 726 447 972 912 303 25 46 921 150 991 914 33 358 79 326 42 899 70 984 655 281 21 140 364 43 469 633 980 574 802 888 39 21 762 505 746 428 635 296 261 292 344 878 95 794 109 684 462 167 82 787 164 56 859 398 685 293 492 166 951 455 812 226 411 316 939 704 695 841 237 794 978 385 73 6 363 475 560 583 139 651 52 212 826 733 503 129 565 2 298 240 587 2 261 937 558 249 536 343 208 584 23 165 317 384 638 684 12 557 852 516 579 820 681 983 962 85 110 615 632 569 97 222 249 259 896 616 703 511 162 537 307 818 472 662 179 980 670 320 854 576 58 652 574 300 851 606 192 462 135 467 950 382 98 543 821 825 170 300 690 860 568 892 681 924 619 864 275 431 753 598 133 911 226 382 698 333 528 464 409 278 192 937 955 881 152 664 427 618 856 456 886 877 418 527 895 190 623 713 45 985 107 734 398 877 112 578 650 361 898 180 373 33 1 151 279 296 944 808 27 454 768 654 487 419 278 66 909 210 628 503 559 28 530 12 74 910 563 954 503 606 224 737 826 2 484 325 636 233 315 241 637 947 477 281 10 316 635 218 148 489 732 11 893 277 826 237 187 507 774 525 64 107 969 361 160 246 385 655 465 251 733 7 936 329 580 337 55
44 774 569 379 217 379 775 917 626 263 31 55 255 434 692 891 632 719 197 417 34 911 567 796 350 869 820 29 660 691 544 752 542 297 605 185 739 173 93 813 380 300 297 17 473 426 857 648 377 200 34 916 758 298 190 408 668 11 72 29 905 274 152 729 452 788 392 298 258 635 910 705 845 187 638 220 888 701 214 738 418 243 19 393 26 939 583 838 865 228 863 637 707 1 32 37 10 663 421 599 313 108 796 566 611 900 472 240 266 916 417 472 520 87 12 83 761 690 762 545 421 56 716 964 863 925 254 922 699 342 339 277 594 597 680 629 63 195 810 586 756 518 750 432 273 116 789 219 85 764 715 165 48 346 310 227 634 830 291 934 628 786 978 770 909 909 217 151 438 624 448 575 339 861 659 428 609 961 69 436 572 119 535 170 666 837 903 323 732 235 957 869 497 774 963 202 932 533 381 643 907 584 221 392 189 906 46 577 575 453 216 64 810 933 395 547 417 671 473 613 674 706 699 299 300 354 38 745 85 754 389 2 30 710 449 11 522 508 412 195 686 750 888 271 277 22 277 132 397 487 5 360 637 154 264 588 435 377 402 316 336 159 302 117 486 196 879 619 665 818 108 577 736 747 731 698 800 699 652 510 168 882 194 901 786 484 681 169 921 853 819 108 693 681 56 535 85 550 348 940 828 311 800 28 241 849 533 331 341 370 894 561 527 517 303 513 914 921 523 262 278 852 887 977 643 225 137 616 925 139 767 725 970 428 71 432 406 950 728 919 102 953 438 144 556 238 127 962 27 128 183 542 786 851 491 786 657 638 814 173 739 133 86 742 623 565 372 78 517 29 909 454 804 248 591 152 187 921 47 726 506 929 505 65 121 619 389 176 75 54 118 982 337 386 922 560 810 231 489 881 26 898 756 529 464 698 787 558 2 255 484 494 2 100 389 246 631 801 438 128 678 761 422 30 187 436 414 453 815 761 982 271 421 448 264 361 268 565 155 549 566 591 658 573 872 790 303 829 690 481 268 88 579 98 54 541 665 61 603 888 299 691 363 336 29 911 160 911 918 2 403 874 586 180 184 540 281 926 360 618 365 360 499 934 300 348 798 842 450 595 745 302 115 379 117 119 242 749 264 327
526 162 793 324 826 649 812 724 438 84 985 302 762 859 183 975 856 124 591 193 24 79 696 741 18 289 313 339 143 134 536 624 787 426 162 666 184 361 124 878 800 383 742 111 262 848 634 69 424 754 797 169 290 127 16 960 859 614 975 248 319 830 512 984 141 177 682 913 280 208 282 201 274 666 446 240 692 221 817 497 989 587 629 549 947 849 352 169 561 370 168 122 37 952 204 764 6 90 62 856 688 699 459 502 75 318 821 549 716 199 380 909 207 920 948 70 408 602 322 402 808 286 465 274 924 529 228 107 758 743 965 975 428 188 300 501 621 362 685 565 61 433 639 198 114 705 571 683 895 802 79 964 308 738 663 419 983 739 849 941 886 692 966 600 919 910 99 651 469 887 772 492 530 709 257 990 294 425 833 233 661 901 46 65 169 487 53 804 549 116 769 505 57 571 601 662 591 807 916 810 50 844 224 894 5 323 167 633 340 839 577 599 685 445 665 575 686 793 826 907 150 711 742 324 716 259 577 708 590 48 865 141 571 539 811 456 697 192 245 855 304 467 801 287 614 611 213 485 67 108 807 214 102 285 894 470 302 434 568 331 381 958 576 597 135 831 526 158 244 570 89 298 928 617 447 514 882 853 293 506 114 477 877 957 380 327 939 838 294 254 672 803 265 798 436 545 617 189 707 88 820 222 847 82 979 928 521 813 830 754 432 110 39 667 73 565 421 418 581 89 376 260 61 291 682 944 602 591 338 77 472 364 794 378 903 736 90 696 458 1 534 199 369 948 543 673 140 865 499 96 987 696 389 290 964 791 871 915 66 785 657 664 119 981 290 285 932 915 144 950 857 331 310 232 672 743 393 988 531 174 789 309 405 687 750 674 360 597 220 113 453 570 139 250 42 42 382 967 578 947 617 920 104 665 120 873 199 300 921 687 609 158 150 995 267 590 724 382 536 600 284 388 127 84 487 572 98 229 720 39 754 175 304 130 641 19 361 950 285 84 882 885 476 483 271 839 354 526 548 811 523 880 616 917 187 989 747 837 594 530 296 156 901 671 151 506 211 532 182 553 538 567 374 533 363 896 925 278 210 109 973 419 630 786 957 741 472 144 449 137 130 564 786 529 291 712 743 365 337 91
546 553 718 178 8 923 999 856 828 580 218 208 682 438 738 872 268 193 705 76 785 474 709 546 520 89 936 923 824 602 1 617 985 194 284 873 332 527 774 746 449 502 844 105 521 520 252 20 808 256 454 92 804 188 374 236 170 806 931 834 972 168 241 968 917 806 199 611 322 51 989 548 409 406 6 754 931 740 51 827 901 964 614 859 602 872 101 702 165 194 682 704 497 768 82 530 46 523 120 228 889 674 451 732 825 671 401 776 931 60 66 799 165 54 154 732 603 163 587 789 95 179 30 681 180 228 325 590 554 538 395 936 551 230 47 423 264 453 441 843 168 756 123 315 696 637 374 786 79 31 462 5 105 612 715 715 384 747 938 137 598 293 370 744 525 558 583 157 950 251 266 500 981 376 990 119 836 697 591 845 312 966 200 835 888 28 733 420 799 335 367 471 999 284 159 308 610 469 804 889 860 712 586 689 179 451 183 130 873 649 684 377 634 756 793 548 839 245 628 824 345 922 909 289 130 296 632 365 307 240 526 916 698 291 209 166 266 563 37 751 868 140 508 634 842 428 206 865 103 570 592 201 883 523 90 713 738 854 651 168 442 16 680 217 129 481 374 267 659 124 715 511 735 211 957 909 93 514 657 321 186 360 800 64 416 26 354 784 903 997 372 881 778 463 11 262 761 425 38 820 482 890 368 574 188 576 769 157 391 72 956 360 406 854 208 733 847 723 120 13 604 838 108 468 782 633 36 431 904 383 49 593 449 354 985 233 952 495 258 116 86 310 990 190 104 570 64 659 445 879 955 161 202 111 697 15 709 209 827 72 133 175 746 759 556 811 857 518 868 409 710 790 9 889 925 585 678 944 354 820 558 527 95 769 882 182 661 118 113 277 825 53 166 560 972 852 407 640 274 939 207 99 79 421 375 250 320 863 994 591 912 161 585 188 818 453 780 482 967 830 412 727 839 802 748 962 651 259 407 250 357 811 314 535 213 46 29 584 987 534 518 860 230 670 313 591 341 531 554 911 114 974 139 891 720 583 246 880 171 35 397 191 730 518 410 523 270 288 422 591 532 904 268 982 397 807 218 542 936 254 589 567 252 560 402 665 547 56 608 106 959 897 324 126 502 763 235 167 586 494
484 572 227 357 6 374 185 692 724 233 265 49 824 87 791 954 150 39 917 916 42 953 732 564 637 330 131 410 478 802 627 225 456 564 913 306 823 797 675 947 61 82 304 155 679 98 607 582 797 384 241 776 855 151 406 593 682 489 382 238 579 229 210 751 976 411 580 925 666 954 772 645 165 119 580 375 440 103 13 790 886 454 756 172 296 272 657 220 556 118 627 237 130 252 281 531 772 502 676 181 479 43 971 443 540 842 900 423 54 317 185 654 968 221 630 669 432 692 674 26 81 102 911 71 262 14 797 828 126 298 582 536 95 131 417 912 601 177 536 212 828 186 550 334 299 87 618 894 249 256 176 169 636 208 823 543 301 134 797 31 543 880 932 243 62 851 246 268 620 882 159 595 12 607 162 848 605 408 323 388 493 426 508 276 453 157 554 185 565 489 486 885 948 49 745 472 636 164 734 984 847 157 610 679 619 328 468 55 556 69 549 541 825 371 835 291 312 297 409 917 688 45 829 56 357 465 200 911 867 683 351 222 428 619 77 561 490 781 115 286 593 184 974 810 969 485 303 112 721 109 913 699 54 585 833 154 640 465 85 535 148 716 548 326 597 302 961 887 886 622 686 695 3 672 638 891 783 247 996 728 56 895 646 478 31 801 855 950 191 34 69 880 110 78 254 55 187 184 93 948 870 947 889 211 246 751 994 453 367 465 273 772 776 310 457 230 492 355 290 44 579 65 62 372 54 761 448 20 607 17 187 2 892 728 101 401 942 46 17 588 602 213 404 982 509 69 204 481 912 507 53 557 335 822 405 314 502 520 589 360 784 173 132 53 308 220 701 893 805 362 317 324 196 519 931 146 915 453 40 631 508 550 837 386 743 535 381 406 447 938 381 664 688 838 854 699 557 517 97 874 248 662 347 125 96 165 307 472 89 745 495 952 106 822 58 479 111 129 389 685 506 172 532 864 399 907 321 436 36 721 267 200 596 430 293 824 411 455 620 651 453 303 105 837 753 853 98 989 377 202 566 643 994 811 940 339 179 332 137 563 334 759 357 574 260 884 260 144 250 411 884 407 679 429 785 381 438 217 396 864 234 879 224 977 682 290 735 230 784 472 318 59 927 764 101 886 116 29 499 340
325 176 925 712 43 417 875 978 216 98 438 983 644 722 684 827 673 709 988 192 125 225 638 763 217 592 901 640 278 519 195 933 195 912 563 271 65 12 219 665 642 603 603 275 966 154 618 786 374 594 777 211 837 826 720 586 477 588 302 175 746 448 67 552 63 310 994 70 493 423 724 767 843 886 584 593 633 279 72 837 834 289 372 884 39 888 780 977 581 53 842 248 452 565 280 482 974 36 711 272 58 93 11 751 402 780 97 640 639 681 961 410 165 196 823 584 543 588 63 26 637 880 950 586 84 802 306 579 775 927 683 809 539 2 720 324 971 612 277 378 49 753 770 426 942 912 627 940 421 906 729 755 806 967 950 254 452 648 627 3 112 999 151 353 704 242 905 435 744 120 692 275 239 318 405 153 433 297 386 558 897 753 524 828 653 36 350 701 840 698 476 193 136 731 470 443 114 453 120 89 545 310 361 334 262 344 410 439 771 186 365 469 590 691 669 255 664 673 758 883 763 81 233 32 189 699 448 26 728 920 381 566 690 117 243 0 188 918 834 493 757 326 68 971 325 666 69 642 603 665 614 660 230 730 66 278 340 138 4 855 127 376 263 196 440 234 960 827 349 590 631 224 89 860 572 409 107 687 441 81 678 133 265 841 50 11 485 146 882 265 25 62 351 420 504 160 860 180 960 934 92 771 238 268 213 110 406 265 455 3 10 841 699 999 218 857 24 991 499 635 303 140 296 754 469 950 316 686 594 859 963 11 423 788 879 625 30 754 8 740 630 0 291 384 683 210 524 307 916 649 231 854 264 57 594 993 41 725 141 397 229 555 236 359 575 279 701 334 448 504 753 509 88 530 565 456 402 70 777 573 207 313 696 124 958 257 141 399 805 798 773 887 185 564 698 602 448 162 671 350 163 28 752 427 140 78 806 733 943 979 530 459 818 680 747 420 173 784 594 10 65 902 918 933 882 876 45 742 942 72 492 236 613 64 509 474 665 122 26 581 914 220 323 653 715 953 405 243 868 43 784 552 891 472 377 115 355 908 786 876 336 593 128 527 706 570 954 603 470 800 906 293 634 793 811 657 463 862 154 760 611 32 973 610 164 500 380 190 346 840 684 380 215 377 102 161 881 412 407 843
565 311 962 554 405 299 532 368 74 359 55 944 695 836 138 405 876 910 992 273 647 897 711 875 990 445 827 297 106 255 212 629 316 829 150 204 697 975 602 343 896 487 96 177 194 234 210 340 833 746 845 312 214 631 287 313 261 997 780 921 107 728 457 125 651 178 285 420 752 95 286 619 566 803 44 582 833 428 747 347 473 397 792 977 917 854 75 756 568 444 681 527 207 561 377 21 631 616 666 853 185 987 604 762 879 440 595 806 563 227 656 378 997 58 215 311 311 810 76 610 575 599 198 588 988 585 202 249 998 58 691 207 377 639 452 665 580 605 829 551 912 216 959 477 661 360 720 275 673 52 949 81 220 974 761 18 380 356 868 962 218 141 276 201 844 523 10 475 815 179 69 750 24 410 8 641 466 339 528 971 916 391 643 209 648 367 458 793 880 379 650 554 0 567 840 393 770 189 661 794 221 719 733 49 856 628 920 668 451 5 55 340 942 70 498 265 127 243 171 788 428 629 740 78 983 722 33 205 436 282 866 818 399 746 817 657 768 866 578 146 166 254 213 40 143 707 130 892 965 824 590 403 461 653 853 344 494 175 355 780 687 477 731 908 12 476 189 686 88 958 924 486 101 837 623 379 276 817 219 415 941 254 881 146 494 566 963 661 968 101 210 813 602 697 458 169 941 42 399 197 349 374 357 13 408 927 704 434 87 408 39 895 983 157 91 644 901 674 921 950 700 706 602 502 715 377 8 323 160 380 778 432 275 878 551 62 266 720 865 229 391 321 539 914 926 673 198 882 400 265 646 313 30 264 304 0 280 891 590 60 418 13 674 897 849 321 878 109 991 888 827 875 275 968 529 418 320 716 592 394 686 360 510 243 411 352 753 280 922 678 661 371 960 986 365 642 420 568 821 1 679 648 271 98 986 855 299 386 405 624 601 988 411 663 604 848 103 335 816 375 995 94 113 386 45 374 16 677 730 809 906 258 11 273 923 796 128 837 135 243 721 636 820 535 25 680 169 525 665 431 767 996 441 594 172 285 518 390 670 33 156 66 540 419 857 595 659 494 129 894 689 583 940 89 392 835 824 902 471 892 412 914 105 270 710 396 142 909 540 818 963 280 738 406 432 301 103 546 497 707
228 130 219 406 635 849 184 125 827 327 949 374 135 287 346 36 336 708 929 119 66 781 892 364 660 519 998 824 277 58 259 683 556 85 798 240 124 396 169 938 906 368 364 39 417 937 379 719 160 948 998 53 540 189 813 732 138 226 866 568 907 792 575 775 899 402 527 348 729 962 474 710 479 330 491 668 999 898 827 201 818 129 409 5 585 813 727 734 468 272 48 779 970 792 225 267 288 990 202 620 716 902 236 77 156 53 689 253 801 759 423 329 677 327 461 398 559 937 840 61 160 882 147 972 365 587 381 651 919 141 77 420 253 144 686 253 822 524 913 494 576 87 333 864 806 290 414 9 901 329 359 188 878 810 515 649 892 838 814 518 908 260 877 661 87 26 304 318 874 731 490 520 702 97 226 450 88 452 297 345 438 86 310 179 97 394 833 677 230 446 404 274 402 709 794 866 767 270 307 260 973 581 996 784 28 216 812 489 301 62 917 543 823 221 796 500 83 618 240 133 404 837 783 34 609 524 920 117 863 514 329 91 165 356 992 205 111 268 874 650 29 366 420 277 529 314 64 84 475 788 665 428 798 520 793 823 363 562 629 252 413 793 576 273 40 80 298 244 849 579 179 278 205 689 715 57 445 493 511 943 266 684 938 483 782 883 339 938 793 484 400 575 356 715 542 283 266 222 921 780 33 647 209 506 292 658 468 597 58 995 568 18 404 257 589 200 646 4 447 179 846 547 264 884 492 653 920 966 763 599 312 527 633 233 436 438 256 856 791 138 171 259 524 852 951 772 175 656 479 891 401 341 662 960 20 13 748 748 381 460 331 651 971 799 829 342 904 80 313 562 223 626 899 221 896 662 66 790 160 91 778 854 70 31 842 609 141 93 921 808 520 871 871 620 348 485 285 951 656 182 630 514 321 857 827 72 985 987 391 200 756 997 271 294 21 819 746 257 635 161 356 208 510 593 58 940 470 252 54 453 17 374 504 674 585 368 29 305 457 836 204 645 44 606 381 222 2 991 44 924 399 381 311 605 83 139 919 171 177 594 250 567 519 693 75 786 45 3 741 971 192 97 57 644 356 588 329 776 184 826 485 426 53 129 650 102 933 759 883 65 734 435 941 757 999 524 89 334 612 603
640 401 973 188 535 151 148 312 262 796 632 901 608 656 1 406 311 484 198 798 141 47 609 42 116 562 332 900 369 459 277 583 971 958 701 230 431 106 521 170 155 64 6 475 982 393 628 818 74 504 889 658 984 332 886 606 991 583 481 810 739 571 7 163 145 926 606 961 704 564 157 474 629 175 290 311 418 999 924 91 55 718 215 667 290 361 852 431 562 143 71 594 760 450 452 927 121 723 144 519 786 857 327 584 782 20 732 48 541 838 765 791 544 826 481 613 520 647 751 741 321 688 962 727 538 510 641 91 542 605 512 546 456 864 250 433 62 432 888 801 522 574 463 254 158 768 741 740 33 696 716 218 70 935 125 950 483 904 129 360 766 605 904 976 612 204 946 825 545 41 361 709 301 687 270 803 199 395 910 671 769 876 122 953 745 492 341 166 31 483 911 907 723 27 643 908 816 112 146 618 578 945 953 910 637 157 579 67 69 751 689 791 440 761 94 468 76 190 465 776 123 372 484 736 538 431 516 991 576 794 930 380 88 29 146 797 120 732 582 892 497 393 571 52 534 833 818 343 354 690 62 727 428 208 77 631 368 327 40 936 863 429 115 303 704 576 428 101 91 314 802 542 351 223 12 491 404 541 440 289 557 108 81 687 257 469 99 97 153 399 699 602 907 321 914 203 752 45 860 516 679 768 482 296 884 593 547 858 161 437 52 110 365 132 170 190 628 362 827 954 291 650 522 161 437 755 376 451 962 353 970 165 319 446 214 992 956 235 335 851 956 384 603 92 771 280 384 17 770 423 615 66 604 703 636 377 540 195 523 181 998 864 917 57 877 249 858 781 745 386 886 680 296 862 683 370 269 244 372 636 209 926 309 237 480 376 69 845 892 177 781 755 505 356 145 650 609 734 552 337 146 788 683 292 380 637 79 621 551 540 871 170 207 531 76 565 246 960 155 149 908 13 742 353 919 777 520 901 883 241 855 427 511 103 914 235 313 708 623 152 962 915 119 695 442 49 252 890 235 519 152 127 947 137 753 636 644 268 886 959 112 14 813 869 44 990 731 182 232 524 31 29 721 501 653 147 166 823 799 312 180 736 141 582 534 717 997 746 504 860 815 856 114 704 249 713 38 497 391 183
546 563 511 871 209 526 209 837 26 182 977 420 144 436 177 311 819 751 451 337 286 886 816 2 647 385 539 105 354 902 178 662 606 445 13 186 320 544 670 728 150 819 594 255 466 255 846 994 577 805 988 510 750 701 554 920 264 378 723 139 474 183 977 763 680 583 532 7 271 823 922 903 895 329 748 147 752 824 951 114 653 546 254 484 749 66 670 58 802 973 755 341 399 484 172 163 950 556 572 908 487 503 636 236 99 117 308 369 388 340 166 551 596 556 123 309 25 921 903 680 668 434 489 457 734 894 600 972 779 772 88 212 239 511 121 750 330 581 291 350 142 225 550 2 16 504 459 202 174 73 371 37 346 453 599 351 417 573 690 523 397 893 251 772 274 833 281 739 911 571 328 948 389 28 566 589 531 856 400 19 734 301 497 559 907 55 196 851 171 275 120 509 35 546 904 670 487 879 939 584 184 691 821 11 717 393 468 644 179 143 380 861 246 929 613 238 54 149 704 527 882 627 864 424 841 965 767 931 564 945 347 702 771 234 872 243 766 563 391 419 812 729 29 218 698 512 679 329 540 756 685 997 645 461 72 773 585 288 337 754 36 702 67 321 511 384 693 503 194 660 485 760 631 122 264 76 425 252 641 699 107 407 880 271 7 578 403 994 409 676 158 483 432 777 416 417 309 970 54 366 347 491 692 747 235 412 109 654 402 878 752 349 228 346 80 537 253 628 682 383 714 902 512 131 69 78 872 678 429 936 932 522 131 801 841 981 211 900 693 165 801 791 373 378 148 282 89 445 697 908 896 857 949 158 159 676 763 181 380 321 570 76 846 443 838 706 891 977 333 807 187 409 541 939 72 807 847 999 207 142 647 770 632 55 918 926 67 645 491 644 386 2 786 757 320 3 765 54 140 288 352 599 17 614 489 718 363 137 567 727 18 124 297 368 524 827 381 328 655 380 958 565 379 143 33 20 4 750 174 512 404 844 209 886 233 806 36 349 706 931 102 202 189 969 526 286 945 46 456 288 368 48 582 894 446 963 108 636 389 610 823 181 19 831 408 968 425 597 786 541 838 474 550 87 643 637 287 143 696 659 531 345 267 440 792 339 702 791 632 306 515 172 804 984 272 357 592 42 271 157
84 274 958 63 867 469 352 638 894 466 18 657 155 923 428 146 793 865 427 519 908 366 532 861 165 988 253 595 26 615 677 936 240 934 699 575 737 931 522 775 698 76 340 55 70 884 623 688 810 606 278 215 165 906 535 79 949 623 581 82 488 948 922 816 652 913 940 875 307 84 48 899 294 962 957 78 106 472 994 717 840 482 79 338 726 323 802 445 661 37 526 492 167 274 178 535 743 223 173 730 895 975 96 590 393 892 901 590 503 750 257 718 570 799 114 414 858 610 287 787 263 615 122 321 560 250 788 423 573 795 639 538 525 342 213 200 39 887 755 78 796 957 329 294 892 665 650 384 686 217 713 104 313 434 421 716 8 319 432 228 177 1 59 525 533 572 322 18 102 832 627 226 56 584 971 853 291 137 639 890 339 240 355 382 829 444 100 608 251 490 903 531 859 353 288 896 673 528 396 904 345 482 687 748 118 283 398 264 487 866 111 765 351 575 166 312 127 988 317 266 173 263 839 511 509 449 260 802 490 312 996 316 479 991 121 772 791 995 381 524 436 408 124 975 177 462 145 874 29 266 75 108 490 52 783 188 458 153 454 514 797 626 555 454 443 901 84 355 877 744 254 732 731 627 25 838 994 756 466 466 220 440 679 107 996 367 564 977 349 337 601 954 557 261 79 450 601 2 216 158 271 961 499 853 691 912 174 332 927 428 486 36 53 553 455 63 434 778 761 95 611 944 799 767 435 199 557 352 11 691 216 413 888 348 492 971 418 381 117 978 299 436 198 49 902 689 671 825 851 877 574 979 532 470 49 804 255 533 899 222 908 610 211 164 817 150 641 915 312 667 881 787 202 828 696 730 357 802 410 50 124 669 867 66 52 681 250 457 949 630 760 392 374 696 445 349 104 142 3 389 918 642 837 89 132 517 962 849 68 925 12 286 498 463 953 32 744 210 145 598 773 166 96 935 177 181 198 487 427 435 89 347 373 218 977 976 846 878 201 147 471 10 145 439 569 684 864 188 541 821 261 420 586 757 865 507 714 869 354 802 294 299 944 71 565 894 989 605 922 73 858 873 934 712 490 557 475 584 156 419 397 751 414 895 487 717 684 261 757 836 287 919 963 912 967 217 334 524 171 725
438 726 239 803 965 92 18 768 706 97 824 203 888 557 967 471 278 465 789 30 152 154 302 211 77 653 624 390 432 272 865 615 7 395 498 349 614 538 125 717 474 96 739 517 709 377 358 214 857 606 974 355 597 263 748 150 12 773 774 759 85 140 468 330 613 656 342 365 26 477 496 134 55 165 669 220 699 560 894 20 614 623 389 423 543 468 776 378 507 326 563 991 372 560 660 493 493 941 674 493 303 447 562 968 194 498 489 271 329 907 74 479 609 177 204 570 588 45 998 900 54 437 484 720 53 334 698 757 334 968 255 392 816 1 397 102 387 455 778 760 16 864 335 770 613 439 131 221 427 687 944 663 295 914 937 952 135 214 447 373 99 650 944 476 822 176 457 195 674 557 483 507 714 789 534 988 934 659 226 282 2 201 95 203 284 146 126 654 136 202 67 14 78 799 428 641 482 406 647 403 548 262 848 800 80 694 472 343 776 412 390 948 884 689 228 284 792 468 297 27 636 294 510 791 240 66 61 0 539 275 186 139 426 827 163 854 694 318 26 806 513 556 351 994 722 876 307 955 253 694 802 692 540 738 192 922 891 560 120 765 42 411 683 580 344 391 521 759 224 513 263 37 591 944 352 984 431 600 691 940 76 982 757 285 533 8 642 292 637 560 944 535 892 824 181 606 802 548 796 785 84 287 357 301 237 804 572 446 100 481 517 442 843 2 911 538 324 890 426 772 768 206 757 232 343 407 811 791 17 969 177 885 843 886 32 346 438 527 795 879 285 74 458 66 318 978 163 726 189 250 730 762 246 887 782 906 459 410 102 477 692 98 902 915 354 191 757 146 217 140 352 634 443 559 432 509 750 540 94 873 792 459 70 470 328 298 545 537 132 752 893 858 316 189 472 199 731 122 393 137 203 429 67 373 539 391 670 63 793 93 481 11 596 880 621 341 288 350 326 966 904 932 478 224 375 966 469 674 355 679 36 327 723 752 559 211 454 298 985 530 436 11 214 93 170 874 648 401 346 290 465 430 494 774 532 383 242 278 164 752 733 479 36 814 528 713 546 549 681 79 707 689 552 346 58 7 129 111 696 402 527 975 582 296 821 126 180 935 994 180 919 389 717 500 870 785 156 358 925 195
934 955 24 9 472 32 907 856 230 678 356 465 720 695 50 945 139 586 843 958 355 18 593 991 321 797 815 957 213 967 595 505 142 878 229 451 617 189 515 267 898 515 829 32 68 857 771 419 386 394 116 952 796 69 692 478 696 355 251 821 282 105 216 136 437 803 794 755 540 913 762 269 779 138 475 40 679 78 645 190 38 803 968 612 125 188 739 688 41 921 508 279 793 608 949 254 770 952 190 888 65 124 552 178 534 656 26 82 560 468 639 548 97 235 116 952 30 658 779 257 129 122 874 107 127 526 301 435 673 290 920 536 550 211 679 771 369 942 108 665 167 859 76 999 203 27 407 323 348 678 457 600 997 808 689 384 199 363 272 698 964 747 10 272 435 381 576 482 658 896 849 136 348 719 192 643 511 426 365 808 886 999 267 407 940 801 468 100 4 716 325 52 439 234 406 498 77 413 665 883 616 399 876 885 809 262 563 240 860 56 368 743 694 174 545 690 485 768 178 915 158 566 899 575 179 720 172 863 304 309 193 745 706 362 852 931 87 120 191 44 338 385 864 384 935 306 359 588 813 817 643 300 996 397 849 526 614 821 413 348 896 732 760 333 730 905 419 979 635 571 312 269 833 48 423 899 74 993 259 858 71 976 302 50 66 813 461 876 882 372 353 470 741 125 293 183 640 268 407 196 965 270 609 739 452 519 766 245 438 954 94 290 203 915 844 238 528 66 71 995 485 674 849 872 674 263 364 136 993 738 403 954 216 655 996 356 50 173 75 448 972 537 72 285 27 764 138 976 722 166 300 409 707 698 512 628 845 25 770 870 500 471 836 818 719 285 997 861 709 648 764 454 855 388 895 991 627 271 118 883 339 879 758 256 300 29 716 607 739 2 351 87 933 782 499 559 466 386 449 660 926 698 78 164 90 414 287 608 757 726 450 215 233 155 352 80 967 917 78 200 958 670 768 512 233 918 417 381 803 688 652 486 367 105 101 158 236 318 604 638 345 985 739 449 619 788 617 823 419 597 461 593 558 6 431 507 60 443 784 341 207 118 501 856 723 915 419 650 833 97 288 317 621 229 143 209 549 997 229 589 682 152 964 294 163 669 520 982 859 75 438 237 766 375 803 690 297 736 682 145
552 815 103 31 465 693 679 655 990 888 988 878 522 805 451 590 900 781 566 23 98 950 176 940 135 929 101 78 410 520 492 700 849 142 478 940 717 690 707 644 646 558 697 50 684 492 958 923 766 750 429 456 588 502 162 502 812 492 432 578 768 566 854 918 90 753 634 205 637 595 708 372 716 662 303 710 704 993 991 467 816 189 787 281 696 398 361 542 485 315 315 469 74 878 969 187 228 828 305 348 752 779 122 792 47 193 221 119 312 586 224 948 681 803 563 489 473 799 827 725 659 290 112 493 64 340 444 974 833 263 549 724 272 284 600 665 533 352 631 892 555 718 811 302 48 323 515 976 575 218 111 380 416 415 448 211 363 645 696 737 874 12 629 444 60 710 264 33 582 438 649 267 145 392 32 275 187 979 814 16 571 979 279 275 16 69 559 874 335 196 620 865 983 975 352 489 39 305 486 974 928 22 826 459 117 61 504 881 993 98 32 694 538 612 218 678 43 753 182 377 255 196 721 374 661 302 350 805 289 534 227 556 136 538 99 684 151 891 553 541 161 982 329 21 735 956 93 288 483 493 179 858 437 183 394 624 222 893 9 342 898 403 628 90 503 604 596 471 235 767 715 945 142 656 130 114 220 242 131 273 973 748 447 649 79 475 842 92 178 862 942 486 618 239 60 517 910 649 47 764 840 332 132 158 407 728 665 278 155 394 366 320 805 227 466 32 432 123 935 955 802 973 996 883 411 454 9 269 705 913 832 664 810 486 260 977 181 261 44 299 713 997 763 962 522 337 758 236 412 504 970 651 32 713 289 707 533 100 773 37 263 950 277 622 139 729 382 307 270 929 333 930 609 406 776 909 353 309 422 576 124 248 970 68 129 582 735 1 143 733 48 553 730 64 425 312 6 742 907 657 144 176 896 825 735 187 503 881 923 311 253 854 472 294 107 641 98 745 958 54 786 131 340 168 367 571 997 83 902 222 326 239 781 911 821 383 568 109 112 310 382 757 903 920 521 784 635 619 669 213 236 693 138 475 746 593 800 66 262 528 833 916 694 498 833 766 39 649 518 207 373 143 523 591 650 467 7 375 713 757 169 647 488 411 608 917 256 181 423 659 621 872 369 842 114 191 23 886 648 158
358 789 47 847 709 134 996 210 113 444 435 708 711 703 297 305 745 603 15 393 197 117 966 109 250 969 71 527 808 161 978 279 411 870 449 357 741 465 187 325 871 277 600 985 212 581 26 505 153 421 617 898 760 628 358 488 396 206 454 896 54 134 623 781 309 232 880 532 501 329 568 752 863 728 140 48 553 575 669 624 55 873 575 485 784 525 123 973 349 550 617 157 987 970 296 896 362 212 491 591 215 534 944 876 277 858 389 533 40 256 309 431 787 773 435 414 210 652 108 982 438 402 800 886 15 604 283 108 907 926 358 481 707 266 67 668 679 251 897 164 302 648 620 472 110 176 325 981 546 292 182 20 568 747 355 5 464 796 832 904 405 921 16 614 261 417 951 102 893 91 85 160 118 453 718 836 118 315 220 742 696 655 902 598 702 937 787 436 911 577 680 947 469 316 85 718 152 422 361 261 883 916 974 718 897 68 235 172 818 441 209 651 693 224 98 551 222 656 643 731 291 285 185 905 701 451 603 445 274 299 580 577 590 769 78 559 849 240 531 523 550 572 304 14 473 186 716 882 76 201 930 359 617 533 575 224 434 659 951 619 179 428 384 427 376 545 973 539 190 759 76 193 814 37 861 329 617 65 538 424 474 770 263 559 33 886 977 160 101 827 961 520 72 885 693 631 570 518 142 357 790 350 294 883 252 507 996 983 29 53 404 481 238 321 669 815 782 897 362 375 913 62 770 709 760 484 824 179 981 371 241 445 177 265 697 47 852 803 749 761 962 702 143 266 164 880 141 994 125 327 368 581 831 395 639 225 303 339 519 768 194 997 919 340 183 539 859 913 120 104 993 960 172 309 223 59 726 738 989 71 649 706 512 97 667 247 101 235 421 632 786 413 215 591 917 306 900 59 478 130 675 286 549 829 22 389 509 487 757 875 233 431 330 869 153 533 642 836 761 917 539 641 757 89 783 181 599 392 318 141 494 438 684 976 686 852 466 811 748 561 256 315 828 369 318 696 125 946 719 266 835 216 920 566 866 189 426 100 534 594 279 522 843 988 323 465 700 856 92 713 734 795 937 665 932 345 276 398 864 744 760 770 52 455 781 794 524 759 481 451 8 959 338 639 404 322 960 833 359 994
49 860 810 958 50 10 510 972 296 712 887 804 767 702 795 98 58 227 252 969 616 718 879 331 332 113 303 18 882 179 655 409 0 400 781 425 312 374 745 863 631 996 291 735 139 97 748 702 205 591 408 537 347 824 140 567 479 680 801 217 97 0 679 300 804 919 422 13 840 916 772 366 964 86 667 197 560 396 235 792 378 682 145 871 708 950 337 719 181 760 598 257 549 886 116 635 181 331 608 642 863 190 990 953 255 498 281 939 943 388 427 949 911 811 444 557 564 125 500 258 106 57 616 702 28 37 983 624 571 183 613 107 69 162 333 582 309 200 404 377 462 303 617 995 99 816 341 474 976 73 245 995 816 295 43 326 849 441 590 575 681 377 482 798 839 386 142 510 52 979 516 176 878 656 565 819 72 655 926 623 662 77 582 944 682 50 328 579 458 729 776 454 812 372 662 53 196 464 24 336 109 172 477 962 851 46 584 307 533 993 172 178 271 440 31 355 764 455 864 223 325 426 522 916 698 563 725 295 442 14 882 347 976 364 421 637 943 83 935 368 253 820 789 393 197 549 508 498 920 885 968 821 909 557 578 216 190 389 993 659 481 9 822 683 337 772 660 49 42 379 531 543 463 64 209 357 527 679 196 354 936 671 711 417 912 979 784 894 811 6 681 530 858 20 791 940 110 638 335 507 62 215 198 820 245 3 416 813 58 729 440 713 90 191 882 189 420 271 341 160 460 263 458 557 525 76 184 427 943 870 119 78 154 85 741 478 241 308 214 893 132 845 145 908 368 637 837 688 969 188 698 77 970 605 666 532 668 647 156 864 914 565 888 784 33 819 5 998 813 198 635 462 277 43 383 577 6 219 769 44 900 238 711 609 782 814 464 644 346 401 885 894 726 472 746 929 333 442 826 347 782 338 443 318 961 305 553 532 622 40 662 162 964 915 979 576 71 549 833 194 497 797 384 201 629 473 567 719 653 999 162 614 974 911 733 665 97 53 958 286 823 72 683 222 361 694 996 48 0 212 325 132 583 466 13 892 513 530 409 121 290 544 518 82 562 293 154 445 923 182 467 911 6 30 197 152 194 909 908 289 807 474 172 686 845 171 277 751 925 778 305 637 323 338 982 722 190 409 461 523
967 179 771 837 426 882 504 903 349 214 379 801 774 603 216 766 809 691 284 578 134 623 544 308 995 38 156 770 674 122 914 756 270 275 567 293 380 7 166 2 327 395 324 340 914 554 891 598 68 918 397 934 670 666 924 640 862 855 59 903 154 78 264 618 364 408 894 683 708 364 661 45 58 988 699 951 873 921 914 681 903 608 329 39 564 533 35 593 694 43 27 431 304 258 205 136 127 955 998 762 327 988 763 104 766 225 160 279 598 143 821 303 584 272 548 965 161 447 234 558 403 480 955 183 315 223 211 739 722 790 134 411 818 556 17 517 559 853 435 204 111 4 708 496 363 916 943 907 12 585 918 804 160 265 348 71 668 252 319 326 450 668 92 342 340 554 551 716 380 380 737 680 959 706 809 30 855 576 816 822 417 597 535 240 874 789 739 31 506 565 545 231 300 4 357 231 850 424 353 252 293 526 739 794 274 113 505 677 865 107 900 799 382 172 737 714 727 519 647 345 328 664 256 198 951 83 89 246 93 641 739 948 250 985 29 145 876 936 669 389 977 53 293 819 737 746 365 388 997 256 491 282 958 819 808 826 706 810 339 102 338 393 643 946 519 126 768 74 569 325 979 162 663 110 471 892 54 166 581 611 852 986 150 696 923 846 869 882 855 759 513 953 803 55 788 665 128 791 158 80 170 17 874 551 881 497 715 125 18 710 326 461 45 508 144 677 673 11 430 569 749 183 239 642 86 257 646 536 597 540 881 203 888 160 403 281 656 95 256 929 544 694 862 289 965 37 864 18 3 278 852 749 907 213 908 112 442 774 124 651 438 332 859 405 448 216 651 456 747 577 701 787 974 318 512 870 344 636 964 229 478 796 965 519 945 551 752 207 734 537 686 377 165 93 547 477 568 234 397 318 765 477 773 852 165 576 919 656 401 690 401 776 481 149 927 925 603 718 307 363 210 892 384 292 994 634 792 489 42 8 307 8 4 535 184 26 299 305 991 527 224 419 849 661 771 481 505 810 657 111 750 451 879 60 697 836 195 574 494 562 968 940 728 862 553 562 469 465 79 339 351 565 635 552 269 799 345 556 810 472 284 791 436 294 501 898 958 834 242 934 119 245 29 734 726 171 721 623 985 797
797 195 839 994 115 662 40 611 330 137 900 867 159 164 768 499 699 598 460 213 714 1 71 600 957 650 311 809 173 659 287 272 493 955 458 489 763 804 296 85 259 291 53 537 513 763 629 651 73 727 949 190 724 874 948 799 927 118 360 888 908 740 241 27 771 556 421 668 80 767 95 49 955 927 969 412 752 267 920 343 752 198 423 12 395 877 93 157 294 836 579 91 164 407 65 557 504 772 171 184 662 414 876 855 126 435 858 711 411 4 666 711 419 165 137 608 924 325 843 724 584 661 757 10 583 234 983 129 204 513 814 896 165 449 967 932 289 745 570 699 50 43 824 370 846 555 599 223 400 797 525 728 204 492 383 42 325 644 225 394 600 104 921 649 880 839 320 443 651 111 225 457 485 226 699 172 127 114 424 81 420 192 261 708 632 387 975 925 833 163 727 853 214 408 303 321 299 846 752 388 555 643 283 187 230 573 27 171 972 316 89 16 992 846 259 937 308 643 549 789 860 647 942 576 258 9 558 634 555 647 127 793 969 832 222 462 46 305 390 49 613 345 270 951 623 426 965 747 10 921 68 735 831 503 919 534 84 579 530 518 571 813 507 750 921 168 706 662 420 654 532 243 180 689 755 781 396 544 525 646 90 691 17 850 564 961 946 314 977 606 174 940 849 975 135 261 201 897 643 149 951 28 293 286 602 99 563 341 145 868 639 33 485 897 245 999 887 905 127 482 3 170 671 91 558 49 564 495 178 468 288 342 45 497 235 244 67 298 864 244 222 790 49 920 760 150 195 129 44 525 18 811 919 876 344 271 84 594 915 706 493 920 263 497 470 481 790 154 285 594 118 594 630 565 172 241 880 817 516 383 448 896 744 830 5 224 723 751 64 141 363 657 715 338 519 371 371 164 422 262 603 966 288 469 233 763 694 549 677 45 350 400 641 824 582 447 256 707 104 844 786 248 385 932 84 583 302 221 238 249 488 179 296 324 391 240 373 90 402 281 986 124 752 607 441 482 74 381 188 96 558 106 845 913 81 77 528 844 136 202 522 608 352 751 23 542 53 435 712 860 850 401 571 268 615 603 256 177 874 127 338 450 158 798 793 359 966 39 614 336 199 844 558 738 643 790 671 631 634 604
841 70 681 435 221 608 319 322 619 134 980 449 843 469 723 768 364 362 179 647 131 103 676 909 284 320 505 747 153 102 6 636 465 966 527 270 181 924 23 515 653 104 478 476 687 269 603 574 795 291 642 685 68 231 983 614 653 830 143 713 436 620 106 703 0 777 170 417 72 561 506 529 910 843 219 841 412 10 470 665 79 174 220 584 538 713 824 752 442 909 269 666 650 845 783 669 115 381 640 17 222 592 284 955 186 450 481 129 454 501 73 472 661 1 796 857 206 689 822 717 528 412 214 713 583 753 218 735 661 749 146 148 186 227 427 52 631 618 293 162 614 340 728 580 997 412 375 428 453 203 55 975 246 258 162 814 635 878 284 612 973 292 69 731 36 419 267 349 715 520 578 376 743 306 955 735 512 601 177 734 171 253 559 133 674 377 248 394 868 431 544 413 796 568 732 515 803 8 348 776 890 803 815 840 147 376 621 626 283 448 698 996 659 373 35 300 504 987 334 901 420 892 26 848 799 952 579 241 500 868 269 31 890 589 315 417 380 667 521 218 191 461 894 897 533 582 361 129 237 833 472 534 406 188 483 308 368 258 611 105 935 194 841 159 253 821 401 508 205 78 719 107 877 47 13 122 246 806 356 759 483 932 273 99 648 644 626 404 231 687 236 214 804 4 773 505 138 564 212 743 906 67 777 430 81 52 401 935 454 46 100 175 201 574 52 191 118 209 766 813 668 343 873 155 773 797 134 229 212 55 903 800 576 710 600 338 420 922 826 882 87 746 604 795 575 485 168 28 856 117 659 216 977 89 572 287 585 905 977 768 246 412 5 869 341 793 75 943 742 146 292 284 20 324 364 412 695 763 987 699 747 384 618 211 692 548 386 333 710 585 854 18 68 874 486 254 670 97 447 451 308 394 271 303 642 749 532 532 551 895 947 324 553 495 583 989 718 149 157 114 847 699 323 431 443 309 675 871 542 424 657 957 437 821 909 6 56 898 454 970 571 168 891 883 744 145 364 19 759 971 654 806 26 638 766 793 51 701 728 278 145 15 282 170 307 345 482 279 442 804 54 565 465 154 656 396 811 189 682 488 324 210 45 448 105 433 349 949 680 703 548 933 528 336 423 956 738 881 632 651
775 382 56 63 620 384 961 836 449 553 880 91 167 395 124 254 583 982 53 663 816 509 766 406 584 701 602 265 368 610 364 632 1 564 189 168 416 298 877 805 30 101 391 999 155 627 91 458 808 327 714 391 739 612 741 406 653 825 162 758 183 549 785 429 111 954 858 120 325 967 607 468 964 882 603 382 62 79 212 66 959 552 473 870 848 805 496 331 490 365 140 787 44 933 906 820 117 360 275 897 100 588 708 528 502 417 648 165 759 512 350 893 412 520 790 25 291 79 592 916 593 35 643 86 811 876 856 697 758 958 176 288 602 874 395 494 957 364 278 383 277 532 159 526 52 984 485 786 733 385 35 620 303 0 711 510 181 212 68 200 721 715 664 843 811 982 237 29 761 601 680 904 131 412 452 816 705 61 506 77 454 262 494 485 503 415 600 709 608 473 523 90 404 576 285 571 61 281 209 74 237 842 219 748 783 215 329 46 522 325 551 746 696 377 622 713 248 444 89 60 533 996 986 850 403 211 551 931 849 728 461 516 193 317 0 270 964 892 87 988 10 27 73 258 524 929 206 704 290 678 276 180 764 93 918 789 337 543 424 728 890 24 283 64 853 886 550 126 671 843 780 221 979 68 187 172 448 922 360 864 583 914 296 819 244 738 207 300 461 239 142 228 564 8 64 991 631 377 466 699 924 346 971 79 214 488 234 791 251 826 279 997 863 207 662 884 192 830 632 546 433 451 533 16 683 761 385 378 216 17 315 774 340 427 978 956 546 74 541 271 942 280 358 632 900 620 444 650 561 691 756 950 909 206 60 963 238 246 110 731 813 364 906 373 592 747 753 124 176 871 111 200 647 494 873 557 425 468 936 197 780 350 276 412 968 40 942 356 108 90 489 509 229 342 430 203 822 678 341 932 782 633 578 473 40 732 643 889 861 244 660 698 971 356 796 770 946 409 677 858 50 711 410 651 448 367 198 24 489 581 549 284 824 601 255 679 288 344 66 249 974 819 813 8 19 316 832 105 262 971 205 608 726 503 5 72 249 560 22 644 267 666 81 331 513 19 275 380 332 144 296 349 402 830 349 377 667 308 732 868 946 601 803 282 995 489 550 10 970 746 841 162 207 692 571 52 601 800 266 147
181 971 415 670 219 587 349 695 454 985 160 834 221 290 558 78 176 544 315 503 844 919 527 510 451 856 972 847 677 997 704 937 64 398 342 830 699 744 146 279 428 288 367 910 288 199 604 168 962 197 857 660 762 962 173 744 106 40 765 671 507 546 596 770 295 751 838 200 294 879 644 370 454 587 885 427 193 822 160 347 191 868 763 333 359 567 164 646 729 359 1 574 126 511 617 381 430 597 593 44 419 646 794 391 284 475 250 400 597 790 681 313 845 545 525 593 853 245 899 758 360 353 686 971 645 15 289 113 880 91 534 751 215 132 174 796 724 824 946 218 357 702 530 363 274 640 476 715 913 430 271 307 386 8 431 786 883 877 260 146 563 110 375 858 774 287 277 609 371 366 668 427 438 954 103 133 41 486 819 576 614 890 769 330 856 43 242 384 487 452 136 670 106 819 462 774 211 871 113 962 975 23 235 833 279 731 804 943 725 525 472 278 839 628 950 38 618 900 229 943 464 434 983 32 104 429 960 952 836 495 768 912 804 21 581 152 92 542 169 894 898 656 534 719 762 418 188 636 22 868 621 167 129 708 916 43 718 995 608 782 302 172 194 105 571 316 983 706 726 494 917 75 193 745 409 717 261 773 68 349 403 245 769 797 394 321 288 915 641 184 327 443 485 477 588 351 77 938 844 429 686 225 20 374 378 637 980 76 913 709 994 565 679 540 912 666 296 65 84 23 725 858 97 995 448 848 471 652 153 700 518 743 228 93 950 724 375 559 938 491 845 146 565 283 814 910 466 31 40 530 378 285 245 943 94 676 691 741 16 279 120 404 1 619 358 843 718 828 146 708 758 235 129 951 540 887 110 863 461 194 578 909 378 26 295 31 324 745 60 961 829 653 885 192 776 620 903 665 231 273 361 152 883 956 396 448 91 464 368 749 661 218 498 554 111 482 228 617 267 139 264 729 373 482 631 748 476 441 70 917 490 455 379 91 600 67 620 222 523 456 652 689 777 985 171 771 905 424 329 935 740 254 673 163 686 767 675 351 265 837 897 102 842 386 847 29 317 417 183 800 518 381 219 125 570 287 927 705 754 13 296 336 749 654 338 272 525 409 815 786 347 989 300 919 739 52 281 998 16 883
40 26 673 632 991 146 420 357 633 673 549 901 656 983 305 716 942 841 634 442 62 593 485 713 364 913 973 216 940 154 968 850 504 582 469 676 934 140 173 593 256 64 94 725 768 997 572 978 124 292 109 541 793 290 692 302 572 533 701 631 348 121 511 922 622 768 614 370 933 564 302 440 370 189 381 658 252 977 483 626 405 355 367 28 166 514 837 363 273 159 619 305 704 9 6 244 255 194 106 665 39 858 958 472 433 658 574 47 390 908 154 398 994 995 499 130 300 549 845 177 972 327 391 639 183 254 171 436 431 449 549 948 119 542 404 770 355 683 516 532 96 501 34 183 590 270 114 587 272 305 878 939 210 371 653 825 313 122 358 31 920 310 639 206 162 254 967 27 401 297 594 796 268 701 514 130 111 610 400 148 905 648 575 949 219 738 319 434 583 77 979 89 98 952 581 45 272 459 616 777 843 321 701 750 784 759 226 814 366 503 812 616 785 187 178 682 89 968 728 883 41 339 126 296 393 206 197 474 459 487 527 669 319 575 380 396 196 564 846 735 652 176 381 600 440 182 504 481 230 909 688 979 582 490 45 593 275 6 212 802 791 20 936 879 712 874 657 651 625 305 848 625 662 564 335 675 743 459 598 546 345 205 304 697 296 820 82 196 270 641 526 798 323 913 657 647 439 648 861 233 302 129 982 738 874 136 359 626 807 51 370 588 895 123 229 679 23 554 119 708 899 687 664 262 561 637 463 724 58 957 668 765 204 512 752 653 559 447 40 24 981 790 126 973 406 486 325 129 459 420 372 50 844 612 946 515 79 232 658 959 255 121 950 565 369 907 903 615 477 267 50 537 671 476 94 567 549 321 622 713 151 805 987 134 580 737 591 55 417 366 999 939 350 410 604 934 118 189 226 3 522 305 831 508 768 365 979 601 941 717 63 463 577 497 56 976 708 130 231 387 748 446 938 20 432 238 363 232 824 379 809 644 593 182 495 768 895 762 310 194 409 879 919 725 793 696 138 798 176 12 625 838 800 67 22 68 722 188 384 945 543 314 334 353 41 453 509 297 649 168 183 749 468 284 376 497 518 631 384 476 308 509 878 453 388 451 351 294 240 554 188 574 74 565 943 724 180 466 646 583
171 550 494 187 374 925 837 425 371 960 291 747 633 803 116 87 987 63 397 362 885 22 290 541 424 926 147 239 416 960 754 158 832 96 376 542 187 929 623 95 785 346 606 235 254 964 674 481 868 862 651 765 544 496 896 348 626 719 200 309 473 967 460 912 418 6 53 661 126 949 162 784 657 867 95 845 869 309 78 630 77 848 634 866 710 743 8 761 984 174 862 228 947 743 984 470 797 202 216 750 386 200 458 680 582 885 785 223 799 831 722 746 440 948 92 572 852 810 74 721 182 851 678 906 616 44 189 257 407 979 831 274 466 139 717 266 833 844 14 945 759 716 3 666 184 262 635 566 686 65 242 477 319 303 350 780 795 851 858 411 666 193 617 879 687 967 244 40 370 509 103 794 473 110 837 925 418 341 512 53 953 146 408 367 724 62 710 241 57 927 736 152 184 487 879 161 598 172 258 31 132 345 87 160 366 619 594 742 859 604 188 617 975 658 259 369 619 683 337 893 757 27 788 52 338 161 310 430 703 990 748 106 333 255 345 13 87 107 497 748 452 396 255 144 140 763 25 424 667 165 640 601 864 847 641 510 484 459 485 538 661 417 508 42 825 913 874 721 94 37 926 890 220 528 496 43 177 250 127 20 582 272 576 858 107 745 573 299 410 204 399 364 983 150 176 528 10 833 902 187 627 895 190 460 796 218 112 918 327 977 28 586 632 656 653 961 769 610 477 359 560 727 259 892 326 106 603 955 860 347 263 383 438 195 671 570 668 377 512 252 325 757 496 674 119 624 517 968 331 884 188 275 884 949 438 492 348 514 2 562 471 850 597 766 817 639 358 663 673 402 394 260 682 70 158 86 27 481 979 851 875 601 364 110 197 530 775 307 392 284 150 359 990 85 131 204 712 334 549 457 337 761 963 831 67 599 194 583 921 631 384 497 459 308 455 445 191 61 903 149 711 105 807 158 485 993 499 91 882 648 766 992 187 136 384 22 482 601 963 546 740 403 757 944 646 772 758 438 757 546 289 949 360 691 528 780 614 17 853 878 604 860 134 651 676 595 590 320 353 760 335 707 663 688 406 619 530 290 149 401 434 992 862 987 877 454 311 535 702 665 557 620 315 138 443 915 909 523 808 316
794 766 723 121 190 752 484 947 511 101 691 37 954 488 286 388 37 418 260 952 304 423 615 35 959 798 152 836 515 784 902 963 272 718 944 799 366 797 764 450 334 300 156 233 160 726 130 345 364 556 160 557 299 275 615 713 844 626 730 95 296 967 290 414 670 106 102 107 609 215 115 703 341 496 166 777 221 534 988 240 960 835 773 126 355 670 798 586 282 116 75 939 19 514 220 230 434 42 945 474 275 622 146 730 294 612 531 133 857 274 441 217 50 203 517 79 759 863 296 788 195 487 316 733 439 113 139 932 486 78 644 565 173 447 889 743 142 60 497 318 947 980 165 924 994 919 676 767 399 548 505 487 801 73 313 802 521 832 153 920 292 822 848 64 416 888 46 961 246 756 194 85 634 202 549 68 965 382 827 412 39 735 776 482 252 946 89 66 948 307 481 293 608 660 514 555 274 565 42 851 480 478 978 484 84 557 788 580 412 562 867 225 856 267 521 438 534 839 248 848 623 90 44 798 630 824 208 349 38 712 632 51 576 732 352 242 648 240 39 227 643 377 859 434 9 941 396 639 966 310 497 38 34 132 409 190 487 244 825 121 139 382 247 677 67 789 275 343 845 930 474 184 925 789 122 656 984 337 26 462 772 268 485 9 913 414 624 177 819 259 55 51 621 812 251 566 769 109 548 871 944 300 618 146 127 582 395 961 65 873 115 783 201 945 461 234 536 42 300 55 55 245 970 384 219 852 517 58 586 293 481 281 484 220 912 641 998 873 356 397 449 482 423 82 477 331 141 97 896 92 478 772 386 707 183 7 471 814 942 800 414 130 716 284 543 108 740 8 536 153 730 303 655 949 519 961 171 838 433 655 222 33 212 693 184 742 997 945 581 612 876 18 122 697 180 986 105 787 157 162 974 638 479 294 296 125 627 217 74 63 706 646 847 546 226 561 627 554 911 945 657 785 846 567 888 83 697 325 830 112 92 526 386 587 947 410 824 353 612 777 18 647 118 424 855 935 584 841 995 132 417 86 457 112 763 561 214 750 518 98 749 881 575 793 134 790 256 449 670 419 219 580 906 693 900 471 771 952 586 634 914 204 297 411 920 395 57 279 880 982 189 794 412 756 215 719 640 701 329 721
809 850 87 203 124 415 669 456 9 928 479 672 364 533 436 170 507 300 833 600 865 428 391 265 311 302 643 717 313 871 334 986 989 624 81 726 836 884 246 4 362 756 647 998 715 77 264 576 801 718 40 117 184 219 123 653 783 8 581 897 410 630 566 17 840 345 855 974 979 525 91 139 906 230 246 688 23 4 239 954 260 226 448 891 914 197 303 458 148 996 57 744 302 124 144 512 818 108 87 647 935 553 7 931 172 775 36 348 857 794 280 365 447 208 831 255 19 519 410 760 244 876 772 284 938 816 479 475 481 958 46 616 848 761 226 737 403 698 368 731 975 967 646 448 371 347 379 301 620 44 273 706 272 520 974 737 657 740 334 438 477 14 518 377 992 141 744 863 708 933 53 379 725 692 616 106 852 25 746 985 567 460 749 847 775 37 491 338 536 157 786 739 369 311 209 662 305 249 183 553 733 378 968 398 258 202 792 481 52 607 622 96 308 809 429 840 611 440 390 959 654 307 454 508 668 716 146 707 371 462 198 610 291 850 799 309 497 214 579 618 600 626 153 418 68 162 280 568 401 325 844 712 973 865 887 215 613 639 369 736 551 153 457 591 680 958 746 269 129 365 8 82 683 622 442 270 124 800 570 669 648 746 146 105 711 761 908 178 970 787 162 187 444 195 498 111 591 144 641 765 211 328 247 901 787 577 184 362 475 176 599 269 437 894 717 949 260 166 248 3 705 803 625 104 569 262 620 775 876 745 421 122 361 585 23 240 416 982 612 456 554 592 53 898 706 422 932 358 584 397 540 995 765 911 701 627 595 214 501 96 86 808 795 110 366 704 0 1 823 993 607 271 501 998 273 499 464 226 866 100 458 598 862 81 243 932 91 774 22 214 219 140 694 580 242 160 223 619 760 877 266 577 899 100 117 893 445 952 594 499 431 977 859 137 550 884 752 260 914 528 425 681 516 423 55 38 306 412 312 124 897 888 317 759 182 514 510 497 747 936 909 311 599 555 243 898 783 300 979 24 888 481 325 145 865 885 413 59 483 587 590 394 167 274 85 208 867 19 389 555 766 778 263 202 482 351 691 920 345 49 329 218 460 821 575 90 232 967 824 888 758 661 537 333 631 397 178 70 861 34
921 945 835 287 489 693 54 655 740 354 732 147 359 443 796 832 341 861 860 123 702 170 690 198 485 289 91 466 640 594 500 483 491 703 207 847 947 10 807 541 859 387 207 151 216 71 177 240 749 923 778 277 925 368 914 671 274 983 149 484 451 606 880 437 753 733 867 125 315 145 12 371 17 278 632 813 417 479 764 228 856 15 844 775 405 233 570 317 230 139 845 809 162 954 279 547 26 266 934 931 669 638 3 285 734 820 655 473 492 23 376 739 113 199 973 734 806 957 791 759 144 362 332 554 839 998 178 535 758 461 217 870 79 973 959 565 795 365 73 655 708 887 184 577 822 984 879 272 376 258 903 831 917 473 748 967 910 156 199 488 9 786 497 214 613 903 165 441 684 815 872 815 892 672 259 204 627 311 583 825 322 387 180 408 974 167 850 213 91 30 827 548 169 88 592 349 832 273 648 949 59 820 546 659 818 989 183 528 126 897 751 445 567 260 801 587 234 743 844 798 11 949 634 12 620 136 462 16 75 598 924 891 226 901 504 173 368 933 760 13 402 181 137 227 397 493 689 878 976 411 568 431 903 988 328 760 102 878 939 438 254 585 878 192 359 583 75 649 649 25 783 921 548 557 659 173 14 319 580 747 944 8 336 66 856 636 441 46 504 442 33 805 623 483 450 505 257 44 405 432 845 115 511 594 316 439 302 591 173 64 52 291 359 212 620 991 990 888 507 744 266 416 545 325 166 764 705 963 905 417 198 858 280 169 682 172 829 612 732 301 441 780 329 454 381 590 272 683 641 582 292 165 169 80 717 86 203 258 598 349 125 531 674 255 249 136 575 370 644 206 572 420 571 846 325 574 125 536 625 441 220 27 884 194 525 588 6 186 52 534 426 276 24 622 43 676 142 803 891 431 100 810 24 431 100 312 817 792 881 698 593 877 629 441 174 665 459 984 351 982 121 908 150 692 602 878 680 82 787 555 774 953 729 127 501 451 298 872 431 820 996 477 178 317 430 508 182 805 642 795 157 997 850 144 135 212 770 61 867 957 103 262 304 719 756 475 12 168 38 273 592 506 27 72 30 197 889 909 966 590 881 151 628 138 136 359 439 19 362 616 120 790 201 451 1 747 454 833 236 689
416 37 419 443 640 674 792 229 768 815 601 521 186 274 648 351 451 101 108 650 599 498 803 238 130 691 820 456 117 846 834 910 258 264 710 53 355 156 853 67 79 126 234 863 449 415 260 861 750 125 282 345 323 647 305 813 635 715 303 150 383 401 741 944 803 589 390 160 130 410 853 72 810 214 68 293 466 10 796 458 44 915 663 821 306 433 809 467 751 88 703 530 377 750 279 81 145 822 925 789 666 37 464 637 546 574 775 683 584 274 409 297 930 334 553 451 498 222 418 139 507 325 538 785 572 765 752 527 230 200 81 535 727 131 887 515 672 786 658 151 971 37 565 484 527 150 475 926 604 756 961 222 799 609 340 997 370 321 450 558 516 53 624 776 177 719 362 902 689 934 816 568 76 820 189 155 129 595 39 950 459 771 716 203 518 948 490 832 569 465 700 107 261 523 736 220 672 823 467 174 388 765 932 207 835 736 832 145 928 686 469 885 903 969 97 40 353 464 856 738 763 275 181 497 416 637 129 614 787 940 822 752 907 261 28 307 618 70 537 542 830 447 836 915 387 678 82 689 568 207 495 647 856 711 755 573 645 383 91 67 29 862 465 973 249 274 780 95 7 469 652 29 949 991 629 793 602 301 882 525 801 455 414 330 879 241 993 789 764 968 59 842 87 99 991 471 129 277 777 632 280 830 26 269 83 18 509 429 66 347 755 233 550 262 681 419 960 291 118 753 920 544 31 673 209 221 261 171 419 105 984 215 916 363 482 597 925 120 274 601 439 562 340 899 625 837 777 663 164 29 513 938 364 343 962 24 420 678 260 524 285 632 86 923 500 248 217 250 669 470 105 201 121 556 479 766 816 85 490 159 126 25 842 215 865 958 504 168 679 392 111 860 954 412 125 77 920 977 97 111 471 310 151 907 121 302 512 241 953 366 306 661 246 176 270 710 899 463 607 28 326 556 991 37 730 744 846 369 975 887 983 706 672 625 440 919 148 250 41 779 453 94 31 906 586 403 400 639 333 850 399 572 933 678 21 863 167 950 159 40 383 146 403 537 784 344 251 672 674 271 691 777 157 355 152 994 296 588 786 361 720 619 198 978 554 601 535 311 772 418 965 102 14 722 664 346 375 64 692 889
521 157 547 822 870 893 929 454 959 131 279 843 179 99 303 697 368 44 832 607 683 59 912 797 732 742 970 848 966 28 83 388 956 632 458 40 906 117 315 256 650 868 298 494 159 256 578 319 548 224 920 416 823 236 967 572 639 77 806 487 628 249 343 248 697 110 526 331 428 195 255 275 428 106 596 950 62 24 701 346 979 999 761 478 172 117 457 410 278 107 463 162 780 452 594 627 395 914 729 444 124 156 277 372 592 911 7 720 272 808 267 215 172 905 972 751 657 331 678 431 256 535 926 670 102 617 206 576 235 753 294 143 51 620 966 704 669 784 723 208 55 455 727 585 164 594 852 869 330 914 767 44 692 553 950 952 218 939 918 148 743 178 175 651 696 347 707 580 747 639 572 125 882 751 469 324 806 322 665 365 880 131 263 728 286 321 77 829 526 183 820 323 869 716 878 216 359 965 122 12 349 158 806 701 142 577 315 329 108 246 679 974 53 155 746 474 443 295 174 202 445 342 908 365 783 950 854 239 34 537 430 377 626 569 443 635 838 482 146 24 11 615 937 129 262 149 624 811 832 183 218 798 720 298 443 671 790 261 386 500 482 713 639 508 903 900 492 220 170 698 567 639 801 290 173 89 942 353 171 214 146 52 310 96 169 749 947 98 828 456 566 528 517 630 563 870 597 543 348 254 5 748 991 369 822 897 335 189 338 406 764 153 833 914 853 379 539 439 675 371 747 821 775 213 391 27 41 707 98 865 766 563 212 22 47 639 988 873 241 59 485 208 957 623 920 691 349 242 873 273 10 331 903 496 268 459 346 394 497 571 482 140 273 959 675 566 686 120 715 467 259 949 982 998 222 208 906 48 874 259 971 717 707 880 144 254 359 558 193 55 550 676 906 699 767 283 296 553 743 308 195 307 599 478 761 107 727 293 575 313 327 42 629 373 696 942 94 667 291 61 116 264 384 116 572 787 797 590 984 243 344 750 722 856 898 361 11 607 480 703 157 170 730 123 380 165 902 277 408 17 299 657 794 434 431 999 918 830 616 208 639 488 73 17 809 688 540 191 523 40 169 774 876 260 768 906 647 680 759 527 428 285 512 356 495 156 252 632 551 8 155 151 276 588 939 988 389 740 884 613
665 315 383 988 29 758 803 689 389 475 423 770 318 769 149 594 410 987 567 991 225 215 34 883 746 532 51 85 394 439 358 658 534 448 491 120 840 806 688 425 572 502 650 205 801 274 343 328 319 806 69 719 350 641 232 440 801 391 557 977 568 902 816 159 446 533 811 997 536 731 401 561 721 383 963 254 157 45 785 759 684 430 72 284 55 159 452 928 511 57 906 965 367 104 184 402 12 568 320 27 69 582 329 785 904 861 385 623 620 246 332 615 451 107 192 751 125 714 247 734 475 406 431 217 178 169 446 192 203 592 935 456 387 745 193 215 531 409 586 526 216 556 687 156 424 883 372 618 134 842 450 51 436 798 714 809 340 989 548 702 630 280 919 10 881 912 890 98 925 754 137 686 630 609 463 842 23 732 532 748 973 447 504 777 341 7 934 441 312 317 390 939 793 723 963 407 703 263 162 804 925 401 332 411 990 535 710 246 70 132 176 479 315 528 675 841 262 415 605 289 242 954 289 730 440 430 254 201 220 364 477 445 416 622 284 317 23 683 678 885 798 810 669 902 453 376 91 351 739 330 35 302 279 228 816 304 877 115 241 594 402 316 430 948 47 75 665 605 225 43 766 25 689 931 42 153 100 288 417 168 971 979 553 186 804 792 841 522 373 108 934 261 45 431 954 65 352 145 737 951 103 396 948 618 583 145 21 75 120 702 126 274 842 303 468 980 942 976 175 941 480 429 720 114 244 585 468 663 865 55 562 681 284 975 592 174 312 254 928 161 725 549 117 754 704 119 553 716 591 228 386 61 257 719 224 205 302 29 499 480 745 784 213 733 212 572 84 795 252 41 455 121 674 42 457 712 808 802 285 393 244 661 714 560 349 404 655 934 168 465 882 582 513 964 263 963 353 206 638 678 748 321 391 890 474 104 253 899 603 834 155 958 83 912 522 635 205 763 673 196 97 667 489 847 473 542 802 869 296 282 756 422 121 168 103 426 362 332 390 266 737 76 873 843 114 221 502 124 267 428 539 370 168 718 602 258 649 776 592 804 339 212 162 396 220 291 481 794 93 52 763 697 364 723 600 290 932 786 87 758 362 673 206 231 849 97 87 980 228 295 878 215 785 383 689 656 547 590 331 959
330 35 508 443 773 16 312 7 90 586 570 975 765 424 811 116 73 820 288 244 578 753 532 618 835 423 45 864 781 428 934 613 349 782 812 197 668 276 683 118 31 810 176 76 96 195 200 503 46 373 447 757 328 932 569 189 705 791 785 665 289 138 622 327 239 764 5 774 642 644 10 936 255 38 159 500 583 501 830 679 167 686 643 961 35 909 85 677 228 53 228 276 557 832 699 289 57 623 67 843 956 169 655 428 959 942 437 887 642 265 760 249 938 661 580 622 862 135 934 985 89 239 277 731 530 694 19 902 454 243 956 184 209 690 938 565 664 30 370 849 395 287 314 549 491 334 426 96 405 379 520 869 509 168 560 180 332 833 605 701 166 731 813 517 822 572 866 456 585 152 403 588 697 196 924 626 104 928 547 515 528 10 981 543 517 889 921 671 289 504 864 72 330 407 66 907 530 478 608 781 572 273 676 741 4 478 761 420 456 131 213 667 438 157 564 516 951 129 614 177 420 725 967 147 629 263 592 977 40 526 892 319 414 777 443 521 178 842 448 571 830 360 82 927 977 712 199 970 429 473 922 125 996 170 697 513 840 213 134 144 300 112 382 10 271 682 622 601 231 306 600 457 582 524 577 652 57 86 604 940 965 539 546 639 155 146 396 766 592 454 458 524 449 929 348 465 221 696 756 831 109 914 762 698 730 167 945 270 540 257 50 169 246 480 141 319 387 441 235 310 332 62 318 690 13 902 321 400 991 505 363 134 615 819 631 597 219 367 294 220 942 958 701 883 526 754 839 780 471 487 980 946 688 443 119 899 935 906 35 573 980 89 126 548 600 785 497 922 355 219 906 472 393 27 324 817 594 164 338 425 152 68 804 684 251 219 252 545 163 416 354 52 604 337 397 109 711 426 767 399 467 901 433 947 544 296 788 189 672 392 571 16 970 475 841 896 737 889 964 942 324 732 78 435 966 267 996 433 748 572 335 690 183 244 333 657 181 928 928 339 120 461 888 239 580 972 209 266 861 927 634 829 951 618 837 264 112 103 765 994 469 514 899 907 138 656 560 453 592 688 435 260 330 42 96 779 214 196 762 436 220 875 863 2 350 24 182 975 347 942 792 379 560 376 820 941 540 273 53 166
647 872 733 900 544 220 49 805 960 408 389 179 960 223 346 261 171 667 684 951 900 463 918 836 255 517 898 327 706 661 195 323 335 456 529 149 767 995 98 289 189 704 118 154 747 515 305 813 0 306 173 422 969 37 319 20 742 759 648 235 279 428 955 675 331 807 122 511 792 749 187 272 537 669 277 439 235 81 392 360 365 931 545 657 842 849 117 976 613 965 195 609 777 514 881 956 135 93 785 815 727 301 552 968 891 752 251 149 454 609 220 581 65 830 968 559 983 96 393 323 902 100 85 351 768 57 540 817 709 450 209 143 832 625 106 241 476 570 521 494 182 783 299 886 767 987 716 845 721 340 962 717 946 40 491 712 787 52 798 837 56 617 630 592 762 571 440 330 908 881 76 381 583 746 106 682 675 697 532 526 757 657 811 759 612 963 974 812 400 304 45 87 114 399 212 285 12 790 834 407 852 159 819 310 72 633 822 307 704 143 183 600 339 925 186 897 998 840 627 662 340 948 759 513 759 850 374 977 667 13 497 725 713 785 316 666 78 748 312 232 748 287 668 168 60 870 580 778 983 702 155 847 138 141 817 482 481 1 482 912 924 386 415 190 610 911 623 83 477 487 829 686 92 976 445 343 922 533 861 255 728 654 680 974 159 280 240 957 786 371 372 641 936 247 957 183 436 252 772 866 210 993 339 364 149 498 762 676 775 716 799 122 917 515 371 586 682 994 156 537 522 734 94 586 467 993 879 108 497 926 268 554 768 49 782 57 198 650 206 635 232 383 543 431 101 451 377 530 159 827 37 152 324 351 806 81 974 186 843 217 574 365 319 768 628 217 210 979 496 590 918 3 467 11 678 259 122 59 53 630 944 544 348 330 690 787 475 124 197 185 635 167 690 559 687 865 404 42 78 550 14 248 920 9 480 571 902 395 153 956 692 833 771 447 863 533 27 382 820 914 33 825 947 441 381 369 577 246 844 181 429 451 608 61 694 356 933 373 650 165 251 792 870 833 203 994 226 990 360 264 991 910 98 417 619 335 190 760 4 405 426 476 975 526 900 284 847 489 561 369 947 649 263 197 545 184 525 35 337 589 40 848 460 628 624 517 640 298 892 461 566 977 163 454 852 454 714 100 939 744
726 21 962 522 623 17 177 695 724 752 150 412 478 400 539 414 650 237 302 615 688 116 875 663 172 402 724 930 251 411 818 71 172 501 942 968 500 893 525 599 279 771 197 762 167 572 370 537 883 668 168 651 851 469 264 494 232 264 402 726 492 413 823 923 838 66 893 184 939 262 263 44 326 532 428 361 52 901 79 820 612 404 872 469 198 593 722 634 372 264 552 985 600 856 283 59 397 795 768 711 530 18 929 16 634 788 687 180 92 442 682 461 380 358 236 249 539 861 868 776 25 723 177 672 749 640 879 948 340 33 152 451 751 512 876 212 484 955 992 160 435 33 610 831 126 539 627 903 354 201 798 186 442 276 817 666 898 948 941 474 798 442 103 652 214 915 465 381 235 808 300 393 182 653 571 820 599 173 318 326 537 141 241 574 318 689 117 893 858 735 506 695 995 114 580 55 263 432 415 983 563 286 465 349 257 495 313 576 72 951 93 897 784 951 324 943 155 617 769 698 798 934 520 543 212 753 194 928 874 213 925 223 20 264 667 899 867 554 846 243 26 502 769 502 858 705 372 908 734 808 983 775 16 403 75 559 189 901 550 743 663 334 991 66 141 972 800 572 440 328 46 893 1 213 294 804 380 37 735 591 144 287 660 744 456 173 678 233 292 187 158 460 910 499 729 473 420 884 742 779 508 744 816 844 412 776 174 71 765 479 875 239 489 598 956 29 873 760 489 967 971 583 99 138 812 279 211 248 584 898 904 503 762 87 738 525 426 913 7 115 18 553 611 315 810 889 250 358 383 334 609 439 982 897 123 76 290 767 366 323 343 778 171 25 40 78 652 634 906 543 953 298 335 458 498 331 990 670 60 101 668 925 925 977 368 801 998 40 83 691 74 57 40 767 898 797 994 239 95 501 740 116 671 727 613 314 318 837 307 945 96 457 907 785 912 85 294 608 465 873 529 766 525 622 210 615 54 656 986 140 305 951 989 932 41 568 741 939 645 43 894 742 778 349 406 302 496 895 469 144 836 534 539 634 778 258 117 691 940 850 709 687 353 105 459 157 993 223 347 33 791 842 507 383 226 117 868 520 695 122 732 711 975 870 740 90 764 650 510 907 776 306 149 53 357 776 119 435 868 600
6 690 524 913 897 695 98 476 814 879 172 367 234 394 259 296 485 636 290 807 772 896 866 948 149 263 591 971 753 925 999 410 168 208 563 270 796 155 584 229 318 101 801 536 45 537 74 74 824 204 867 656 489 612 876 780 228 458 874 434 485 799 760 377 562 745 836 856 701 234 186 825 183 303 323 103 607 551 646 643 194 128 535 367 139 139 707 359 683 928 309 78 266 312 212 537 300 721 201 527 798 158 704 563 371 135 277 966 183 950 121 164 294 502 837 663 14 9 763 333 276 957 549 367 866 808 470 211 729 484 558 87 703 366 695 278 55 248 644 250 987 545 615 881 253 413 65 790 786 665 190 389 55 298 307 357 410 203 211 748 782 176 565 972 591 432 977 122 389 446 61 784 112 161 591 378 439 759 899 684 654 305 673 877 461 440 200 417 679 324 820 243 271 30 936 794 227 704 454 793 964 927 311 163 223 21 315 504 264 597 106 18 843 88 195 87 446 49 769 388 664 825 958 624 280 639 336 590 403 292 894 21 727 281 904 781 420 660 105 821 600 307 717 580 401 261 484 54 133 10 202 198 711 108 952 71 707 83 852 927 117 611 732 895 528 726 884 811 854 263 772 863 686 339 977 22 635 293 140 513 538 657 905 895 456 665 204 461 736 707 520 303 717 370 693 713 198 561 403 21 353 934 490 895 39 584 531 183 153 750 822 551 626 385 894 439 77 170 554 169 804 869 579 930 491 900 665 474 435 196 983 64 375 990 880 300 995 521 845 165 801 9 620 141 127 895 308 478 109 131 918 116 485 535 265 528 365 397 483 678 221 351 939 58 641 961 776 856 73 855 393 575 123 351 990 164 113 95 275 885 321 782 423 202 93 640 685 183 940 587 386 119 895 13 961 284 835 253 98 383 164 157 82 224 434 231 887 266 584 499 461 202 912 944 533 395 814 309 144 409 714 357 727 130 861 626 932 636 227 168 554 559 549 796 847 832 201 681 932 89 759 946 53 587 481 326 787 840 332 387 664 457 82 102 228 92 669 289 446 912 983 65 814 72 751 799 50 991 527 884 223 704 542 52 724 455 645 952 39 717 391 468 950 327 412 809 557 117 447 555 505 150 605 768 333 676 745 214 410 468
612 445 390 672 322 80 574 714 45 465 646 673 265 883 162 1 566 618 829 976 665 578 605 885 155 101 284 867 581 548 76 280 973 777 804 968 637 77 221 805 148 658 100 150 161 359 241 596 33 904 169 243 539 794 323 735 425 837 531 192 878 986 44 524 463 498 971 135 24 173 129 977 352 414 904 929 253 18 641 983 914 684 713 514 826 805 464 814 487 182 792 97 460 601 497 477 771 113 726 256 572 984 345 574 349 259 643 677 554 397 250 225 794 81 882 241 141 290 151 838 35 775 414 905 97 674 288 781 999 519 624 451 575 829 93 577 893 601 245 19 648 654 794 595 422 870 889 637 311 791 122 329 722 906 145 140 666 538 370 162 806 744 113 572 517 144 787 778 879 495 245 296 255 337 298 644 751 134 582 237 390 291 730 607 168 973 634 278 301 401 811 717 542 526 67 930 759 65 791 820 558 560 662 784 708 53 531 190 53 910 706 487 139 80 538 540 742 732 709 14 15 852 82 30 47 757 987 137 929 398 649 184 196 935 990 896 47 560 415 761 968 789 906 54 220 142 894 26 716 963 36 742 941 955 134 894 561 293 97 973 519 321 913 470 288 927 567 3 180 663 205 187 949 969 641 412 237 251 320 334 680 71 54 105 549 970 746 165 837 220 775 664 840 329 49 676 63 968 316 482 871 242 20 482 312 47 676 374 996 881 133 613 391 329 426 792 314 250 498 875 827 260 880 653 814 342 885 681 846 839 779 726 876 238 241 960 638 609 259 915 144 750 484 817 40 199 115 598 607 685 203 346 125 124 282 419 118 107 603 152 279 869 634 195 20 816 786 91 228 135 472 633 130 739 851 780 240 358 69 580 465 484 890 837 514 916 616 236 169 921 398 699 940 476 457 790 262 302 111 203 970 820 126 443 206 70 576 628 662 986 563 775 133 543 339 114 555 119 415 233 461 823 814 655 598 924 670 811 461 881 254 523 944 928 605 940 646 672 76 369 506 160 558 571 173 771 384 790 570 471 212 551 904 550 487 593 53 687 732 781 244 559 823 849 325 764 672 723 373 658 336 178 880 193 719 294 157 758 857 314 589 17 146 323 912 270 198 598 157 571 189 884 64 855 311 745 930 896 328 958
538 679 971 745 569 462 792 394 324 336 423 168 122 238 214 40 894 917 951 516 461 440 77 705 701 26 131 441 84 892 837 881 965 380 562 859 530 806 272 31 508 137 42 414 48 378 423 957 439 132 108 10 751 157 902 925 30 993 814 271 643 875 794 644 807 109 249 301 498 180 176 968 552 911 317 721 701 581 584 327 25 697 768 862 850 884 878 677 663 707 471 863 360 655 512 584 506 706 256 844 554 646 308 188 922 469 87 504 121 558 502 767 688 183 361 860 398 651 58 19 834 836 465 892 383 541 270 14 847 561 400 520 756 952 210 42 697 855 483 282 584 370 265 337 597 869 127 50 7 657 472 581 381 306 345 509 411 74 637 727 718 186 333 874 963 109 678 623 246 382 811 914 795 701 8 20 59 872 80 472 433 151 613 636 416 373 609 917 132 169 986 958 750 485 696 28 415 341 282 611 557 121 916 14 466 528 65 612 291 863 3 854 941 175 557 515 989 105 696 608 662 253 863 465 608 818 244 983 767 513 415 450 561 832 11 411 444 858 762 924 286 867 688 556 544 953 558 372 486 232 633 855 741 573 594 119 554 302 570 261 459 740 223 469 696 127 285 828 310 497 35 870 405 186 596 395 494 983 728 894 136 197 906 787 120 763 795 155 371 828 905 714 774 734 931 126 603 646 923 681 544 199 755 982 110 113 243 760 203 886 247 492 258 280 550 435 260 604 656 957 653 249 939 280 328 333 842 276 324 278 474 423 286 220 638 288 771 106 819 124 186 103 558 734 899 481 118 945 147 399 652 530 679 572 612 930 786 414 434 148 711 367 89 486 743 719 534 749 226 864 117 597 232 456 752 0 393 112 224 375 796 489 679 53 443 710 97 254 101 533 632 47 815 951 148 927 832 28 413 26 529 248 826 531 925 5 151 317 420 663 453 323 333 103 854 785 200 199 906 419 701 165 29 738 684 259 60 234 769 819 586 625 673 268 344 711 215 624 732 47 757 985 185 126 228 516 346 799 291 2 538 766 271 587 464 147 661 116 427 900 739 725 427 228 300 140 651 836 327 221 243 956 999 680 605 697 905 883 108 941 490 254 285 221 138 192 227 614 138 286 499 106 192 472 51 154 240 384 29 282
383 658 10 377 535 395 948 451 656 460 380 430 655 425 241 260 317 525 655 339 670 475 609 50 142 357 583 514 418 798 507 911 164 157 640 600 685 761 975 379 571 467 183 520 822 434 175 755 362 630 160 153 651 815 343 105 7 418 228 355 664 62 205 734 344 667 844 393 2 704 18 854 709 37 312 456 871 252 177 141 190 186 877 546 88 183 724 817 895 34 377 73 790 706 63 381 225 731 627 117 69 461 746 484 932 945 286 82 53 59 460 761 822 743 48 510 479 408 821 955 939 107 629 61 587 147 932 902 612 195 124 534 266 664 835 23 382 333 766 428 684 442 380 724 982 760 806 653 186 821 9 743 655 537 404 122 567 3 381 620 482 908 757 34 259 199 475 954 379 275 252 723 180 595 975 493 295 513 839 5 563 25 677 498 945 162 443 661 520 44 768 297 490 118 236 852 163 717 841 913 40 404 710 211 474 988 959 924 103 194 491 269 782 733 409 205 819 502 112 77 965 539 504 337 172 802 868 830 932 696 266 879 537 666 472 270 933 259 505 245 551 925 637 441 791 850 776 579 468 481 144 529 196 939 161 939 912 281 214 895 179 811 251 90 510 909 408 520 959 477 346 505 58 269 646 524 512 540 92 596 987 958 760 828 682 68 54 377 31 670 129 419 982 945 557 565 882 622 224 89 495 883 211 905 858 185 460 705 790 311 246 557 97 489 355 777 539 207 435 608 831 71 532 386 887 321 426 963 327 324 484 615 276 408 94 761 776 873 316 524 807 436 791 166 706 989 484 448 898 588 334 248 423 888 195 662 724 41 207 925 530 87 580 267 566 555 948 396 812 48 670 685 131 622 342 951 56 61 530 576 880 585 3 148 406 460 920 486 0 900 237 153 903 261 486 893 260 894 603 163 371 23 465 344 395 411 930 965 607 932 643 327 49 389 705 50 272 942 39 824 369 773 997 548 814 529 110 285 236 373 854 396 251 92 6 971 689 434 416 647 289 376 818 915 695 937 891 691 477 69 552 472 865 27 562 982 193 322 648 441 375 757 354 543 371 861 815 861 366 408 323 52 523 192 665 705 796 377 138 123 686 373 73 234 426 703 311 823 815 686 673 139 776 209 887 204 576 849 65 357
999 313 643 505 224 97 496 812 135 324 562 719 939 120 636 593 899 669 177 962 604 748 70 647 98 841 247 905 912 747 533 239 511 125 460 187 200 536 838 545 992 944 956 976 35 633 255 468 753 830 677 938 61 918 673 127 393 506 469 947 278 837 220 698 321 140 234 12 227 801 611 722 390 374 498 461 438 604 871 41 351 962 975 967 308 355 454 292 177 882 453 577 479 577 359 845 648 156 226 627 191 303 632 264 346 291 986 431 325 615 922 793 745 944 956 344 461 106 138 863 587 537 412 202 859 625 791 872 867 659 828 874 867 279 793 472 264 264 651 170 59 565 689 973 119 87 282 744 871 217 99 224 991 543 133 427 186 530 418 666 209 266 640 272 70 403 621 33 477 894 167 381 731 615 944 535 618 664 98 903 888 680 807 6 915 213 243 799 92 33 535 571 860 703 818 903 116 968 251 805 883 957 836 127 219 663 675 552 589 331 994 37 590 674 439 569 426 736 215 66 444 663 415 100 995 434 304 660 14 272 164 22 581 781 721 570 699 432 745 612 419 666 795 208 250 854 959 446 102 35 322 928 87 821 493 157 260 533 915 49 46 156 956 664 806 738 634 215 659 559 504 549 818 598 133 604 198 832 667 333 646 533 953 353 331 832 396 386 471 386 429 465 672 306 754 124 306 996 342 219 929 198 394 510 467 460 303 33 193 230 427 100 324 946 839 698 841 947 343 23 476 941 577 449 417 681 803 983 15 390 948 475 630 385 579 846 338 803 810 514 277 413 199 241 282 470 255 392 585 343 224 304 208 773 584 365 355 127 294 747 749 781 391 178 807 263 799 486 512 611 45 179 943 399 73 51 213 92 172 600 982 917 950 170 494 362 151 713 29 395 343 185 2 645 747 237 902 903 690 87 499 905 386 710 514 936 329 237 532 893 314 574 654 77 925 919 795 554 451 443 870 61 965 967 214 57 643 339 93 511 331 91 793 662 429 809 886 771 860 196 151 32 575 723 870 833 797 741 393 690 978 953 857 509 46 969 811 835 707 126 611 527 667 888 995 277 74 657 441 237 492 840 406 858 759 996 300 19 893 298 189 464 202 612 786 427 922 862 956 887 593 104 899 432 804 618 917 359 410 310
261 235 469 12 159 72 342 900 169 413 758 775 499 926 733 960 350 193 439 711 997 700 760 60 627 330 577 154 862 414 125 490 379 764 695 633 374 288 882 665 855 638 714 944 207 807 750 12 289 343 934 915 150 173 317 487 634 359 459 210 68 205 198 900 634 244 741 661 638 776 454 848 3 728 809 736 591 606 935 296 170 121 209 738 96 25 308 397 401 881 827 475 220 305 337 886 996 213 626 781 27 288 394 540 920 67 649 228 455 141 928 227 79 628 629 160 929 557 502 884 451 527 905 351 601 487 741 193 862 116 70 971 776 197 645 630 746 602 126 791 877 263 620 135 756 515 38 387 905 533 260 12 281 840 769 903 893 367 320 177 974 32 414 773 483 59 236 756 253 517 332 977 907 738 443 950 586 878 170 878 483 615 419 566 482 442 311 318 588 393 50 402 509 984 110 157 205 217 937 533 723 345 658 305 617 865 689 935 202 600 795 856 187 835 692 689 638 975 962 619 871 150 997 253 208 206 872 555 866 583 857 324 98 524 480 660 730 408 907 641 915 381 602 319 137 564 258 964 660 620 718 124 983 991 361 32 93 596 708 329 12 101 128 665 769 192 107 450 986 40 526 900 743 525 795 492 133 298 482 215 409 882 952 660 994 224 809 749 886 182 186 169 408 791 142 745 542 330 216 93 735 421 904 454 492 856 82 678 90 39 929 528 540 35 951 622 999 426 63 795 228 906 781 600 493 79 310 165 240 814 180 23 89 327 788 689 433 830 13 684 113 354 996 10 720 104 540 77 86 752 281 666 320 5 481 34 771 929 540 163 672 152 778 314 184 99 33 789 239 350 525 158 503 40 187 496 267 927 922 639 982 231 378 812 234 700 293 480 803 166 822 304 227 252 673 815 46 221 476 502 514 474 496 427 684 751 512 485 35 605 623 284 92 536 311 969 935 451 635 741 64 702 660 426 882 600 944 202 956 1 461 435 684 117 759 860 200 838 563 749 444 265 562 570 73 253 637 285 751 321 482 115 903 785 780 216 99 313 990 314 295 256 256 182 928 242 265 73 954 722 96 761 681 400 700 525 847 651 601 56 908 111 41 948 111 110 926 163 487 966 167 662 978 283 344 4 915 117 197 609
65 329 209 202 889 26 320 75 218 730 900 97 890 436 510 713 822 51 206 321 755 420 7 285 562 427 195 994 496 320 426 71 636 353 838 601 964 762 76 836 123 841 489 324 494 434 679 188 21 55 26 276 357 323 299 238 309 352 295 642 241 259 935 738 263 436 410 828 9 465 703 332 505 71 947 40 279 934 805 369 662 511 68 678 800 703 799 724 328 895 543 601 268 945 980 664 634 322 263 848 269 871 636 509 577 295 908 751 99 810 949 563 969 481 790 224 92 960 712 333 607 600 833 595 879 382 446 828 193 208 438 725 967 973 595 55 671 343 438 272 466 804 665 643 833 887 801 715 914 948 730 466 385 888 414 992 41 123 751 717 116 703 192 992 112 981 700 221 630 114 862 521 791 151 684 177 872 609 151 563 363 28 620 951 509 517 124 477 974 90 525 856 565 355 982 558 290 387 232 854 558 31 996 733 288 909 397 674 152 84 472 34 250 210 677 799 412 498 300 963 193 591 671 390 383 948 724 270 406 585 408 750 430 24 208 321 995 400 769 754 644 869 844 595 881 212 753 507 0 578 721 359 77 158 104 306 253 212 669 953 833 125 992 880 373 721 721 4 710 737 680 647 949 815 692 201 110 945 431 263 783 778 662 496 128 202 333 847 132 20 529 431 593 646 921 510 845 537 585 380 80 392 134 793 408 21 824 995 361 61 593 295 701 442 294 25 171 170 415 400 194 434 795 426 514 893 77 315 904 139 685 880 28 36 942 839 287 792 423 717 35 439 952 489 966 474 421 961 854 961 898 997 262 475 933 472 591 724 476 947 544 320 712 754 382 348 961 303 745 408 153 406 614 124 470 194 116 462 643 776 527 387 23 254 551 579 419 431 314 915 27 682 340 673 321 458 270 402 27 585 299 76 893 151 377 821 186 361 838 751 709 450 910 577 51 381 97 923 326 553 564 172 299 351 72 370 609 889 897 301 688 105 757 215 574 967 335 742 822 362 738 7 547 7 20 385 986 882 333 814 649 160 594 32 156 369 45 503 228 226 739 620 309 280 174 177 718 943 77 390 290 841 747 4 533 147 771 971 629 272 606 882 132 573 78 413 21 620 692 276 644 313 543 434 13 604 543 653 422 267
232 966 180 658 912 442 957 560 268 359 346 694 159 667 880 718 908 762 234 954 335 182 733 83 282 590 801 592 277 827 607 921 324 955 614 235 325 265 937 692 695 220 737 536 315 736 724 59 588 2 265 791 635 845 730 420 731 331 245 765 424 587 877 356 913 736 43 112 316 835 483 32 262 436 424 985 974 967 902 687 992 981 114 730 186 584 480 53 364 654 994 625 571 680 604 815 885 79 60 794 308 222 277 284 34 915 279 305 864 732 203 781 231 382 700 189 66 457 22 129 694 770 106 379 646 280 282 688 707 927 701 194 953 702 1 740 120 527 186 845 243 42 406 600 469 713 184 186 696 810 381 243 45 202 135 475 139 44 169 930 274 965 345 34 259 128 579 511 113 840 471 104 583 857 350 600 786 674 714 381 754 509 224 143 299 297 634 207 406 170 354 0 227 866 764 462 465 633 402 887 196 266 396 399 631 243 656 879 740 789 737 134 691 992 421 98 719 465 166 313 326 260 251 548 223 631 21 711 718 468 922 7 29 497 595 206 248 768 751 133 941 777 863 959 880 846 144 61 802 857 434 510 210 493 766 706 757 153 813 428 924 248 491 408 436 298 567 294 801 155 475 160 570 943 563 388 144 606 679 295 267 984 758 527 61 791 465 359 471 241 396 560 501 508 759 578 489 79 867 956 741 459 562 753 541 886 462 596 596 174 299 376 392 827 380 827 694 971 554 573 481 17 409 736 734 770 916 218 476 299 511 142 468 41 556 778 559 619 498 131 616 851 495 701 486 415 572 773 27 544 630 614 576 708 996 158 591 965 693 912 993 200 924 80 307 372 435 451 251 446 292 145 232 784 855 802 61 484 653 669 137 989 546 363 72 756 962 595 996 401 141 753 24 600 875 772 870 563 42 55 246 38 576 737 192 545 42 804 222 108 328 970 897 417 408 199 944 478 285 346 398 425 547 450 380 840 703 61 291 37 579 336 678 978 613 683 157 825 625 190 388 456 176 467 84 463 607 417 139 123 65 133 971 433 357 883 743 304 953 113 619 747 115 981 823 894 874 541 920 487 959 329 640 696 907 794 416 254 706 62 550 173 360 673 128 556 445 756 810 236 502 689 644 654 102 356 53 236 450 32
891 49 414 183 658 537 40 262 778 209 238 478 641 821 690 783 167 833 258 92 89 67 811 331 659 788 730 567 550 801 576 745 282 139 942 272 316 739 696 794 539 189 969 514 148 459 765 40 760 685 722 672 739 819 350 230 616 621 522 915 423 194 584 86 7 262 389 382 630 773 380 662 953 851 16 56 467 272 486 450 74 272 285 452 29 188 662 938 315 733 238 425 570 333 306 728 904 305 281 194 335 224 670 936 229 562 644 866 93 873 694 512 650 867 355 613 900 252 108 379 888 257 789 204 699 180 548 674 354 312 573 253 196 355 713 955 777 173 649 63 148 457 51 700 888 633 853 330 46 358 526 445 875 389 195 226 474 589 260 165 342 815 881 292 427 8 227 466 150 425 909 893 261 339 808 244 599 701 742 556 141 594 989 752 897 428 766 234 57 815 951 78 273 645 663 123 473 199 106 533 699 431 192 310 203 488 649 487 87 658 195 726 388 648 320 543 541 485 179 328 842 814 407 378 385 719 987 753 907 96 552 103 466 83 119 21 83 391 334 519 558 710 124 68 601 738 978 240 782 829 325 14 659 386 141 981 760 38 210 203 472 370 184 628 243 821 810 433 301 241 953 478 153 958 111 610 723 151 522 154 202 541 815 844 264 457 222 714 260 889 330 938 571 556 141 837 50 498 25 486 562 897 400 773 740 953 670 322 11 452 907 924 248 776 280 305 638 209 400 674 852 879 247 448 283 232 705 786 89 394 599 204 375 810 156 876 758 688 900 260 584 166 642 970 57 778 27 299 425 364 196 591 196 661 913 79 125 414 637 13 983 82 740 79 696 687 333 578 950 726 208 893 148 716 631 416 834 737 385 429 686 92 229 621 26 492 4 738 113 325 198 595 382 911 191 725 423 58 794 880 240 256 151 579 21 518 1 86 763 233 44 618 80 657 5 891 275 902 56 570 985 759 150 642 181 798 630 426 746 137 796 635 538 368 983 318 872 640 735 76 440 646 165 296 548 85 63 546 199 406 731 144 327 250 496 138 792 292 220 240 228 454 660 505 997 999 479 842 49 515 916 524 486 486 720 57 51 133 327 665 596 556 581 210 726 169 391 559 765 147 517 277 154 330 904 101 590 894 623 11
949 118 425 45 907 873 763 268 257 32 510 459 390 644 756 874 810 276 836 861 38 98 972 218 311 827 232 192 883 426 794 427 664 174 756 686 677 1 759 16 286 869 333 251 893 941 483 350 775 29 228 95 189 336 316 880 594 603 805 693 937 773 314 444 923 313 318 913 293 954 406 458 285 551 207 983 127 725 881 874 466 880 370 139 471 472 191 60 83 645 297 25 240 971 2 708 338 987 931 693 920 804 64 696 364 106 238 557 122 775 887 977 770 89 943 570 387 648 597 144 461 139 41 772 844 690 796 659 346 471 12 242 489 114 856 566 405 549 830 939 695 638 451 894 787 664 606 908 358 894 68 908 823 7 247 424 791 324 258 92 57 390 225 893 476 90 590 224 381 74 20 11 230 476 821 741 751 763 222 23 42 851 466 278 841 953 72 717 968 984 33 885 600 233 279 686 482 46 778 501 641 347 874 67 750 698 829 881 123 745 438 660 895 232 809 408 321 327 789 483 891 113 169 863 897 94 864 794 343 592 560 225 86 54 216 463 232 807 425 677 852 924 869 269 585 148 513 438 978 140 25 750 846 797 327 784 152 886 446 112 61 464 522 432 650 804 188 244 473 824 941 371 722 999 701 794 873 716 791 331 315 30 228 531 480 821 646 556 256 584 551 332 607 349 605 341 607 668 749 315 448 641 365 103 697 395 511 247 930 988 962 214 45 442 252 835 106 242 976 474 635 741 773 761 117 869 631 403 947 151 902 414 97 819 752 37 205 970 779 632 915 150 698 566 518 883 425 759 313 900 185 307 84 133 653 697 214 659 713 356 212 17 126 340 36 604 37 496 935 611 19 434 687 469 95 510 890 227 761 699 199 729 223 769 658 143 526 104 898 53 724 295 434 544 489 926 489 824 327 163 816 325 835 291 863 119 643 268 249 920 944 718 820 356 557 481 172 70 568 369 968 728 287 418 646 805 315 630 218 841 86 996 639 325 43 451 388 351 690 586 171 944 258 615 865 165 931 480 980 763 449 979 974 0 874 584 122 80 58 916 270 602 815 372 976 102 974 254 108 454 571 534 469 676 19 631 177 386 369 729 684 775 373 892 530 949 532 380 311 611 648 432 411 684 791 950 115 774 601 11
783 144 492 505 959 288 27 433 696 630 227 329 930 236 901 579 791 621 163 537 869 886 221 194 498 820 208 820 987 400 400 350 983 696 286 835 787 319 13 493 192 199 977 482 796 251 63 55 118 572 136 581 300 873 356 307 936 513 929 87 292 172 337 727 434 552 90 360 310 613 51 472 210 480 21 826 310 222 17 394 573 902 713 559 702 394 589 857 13 241 745 670 348 630 294 501 969 494 522 732 841 61 212 61 310 436 626 0 920 14 897 252 526 532 686 595 451 277 322 658 135 786 237 265 476 661 89 247 907 956 603 300 487 649 451 240 849 744 168 852 631 369 628 463 922 902 113 214 555 8 760 622 805 630 316 214 410 962 713 339 331 756 158 978 805 782 236 816 961 18 186 864 262 521 143 979 36 917 233 289 739 309 973 236 692 853 445 142 794 585 828 848 211 755 164 427 898 48 579 383 294 750 222 933 92 74 483 863 788 675 371 450 245 812 164 944 863 226 553 463 502 664 428 97 593 692 807 729 325 300 141 448 194 857 910 995 147 474 879 180 100 62 385 277 926 679 360 538 499 879 817 313 195 341 364 153 956 613 499 770 983 527 186 311 89 841 886 521 903 285 638 414 209 336 513 776 296 24 979 808 586 353 39 572 853 895 6 750 502 961 41 270 280 975 372 513 153 174 930 49 53 171 759 991 352 366 772 402 726 340 81 419 629 245 236 367 678 12 176 746 389 366 67 271 620 208 395 175 438 507 362 92 431 252 508 914 636 673 458 977 405 855 907 846 914 395 162 134 850 157 444 541 221 624 667 956 528 684 204 338 79 588 216 963 252 874 498 258 527 22 63 592 549 69 818 480 27 563 189 871 44 475 809 503 133 409 82 327 593 838 963 602 980 504 85 28 246 424 573 229 22 480 695 659 188 453 718 54 407 199 935 313 866 231 69 540 380 674 575 694 880 438 454 792 944 627 713 59 702 525 652 480 691 851 866 649 174 612 730 63 695 469 884 900 138 830 914 747 581 479 362 947 612 475 748 614 343 888 677 135 926 223 593 364 10 181 73 607 999 647 628 115 147 477 752 719 75 617 397 126 969 884 354 878 156 978 971 940 684 619 420 525 814 859 2 745 331 361 361 670
951 2 652 244 455 60 193 863 172 962 495 173 624 966 961 49 199 66 298 365 757 751 50 994 979 96 954 991 371 518 337 945 806 67 458 534 347 95 186 609 84 705 750 128 867 804 143 297 96 434 258 389 143 623 210 682 197 173 922 193 860 329 26 940 104 929 427 381 15 927 733 791 22 867 815 587 313 566 668 298 709 528 487 630 976 20 739 198 119 808 414 557 186 162 611 339 126 929 394 746 888 828 889 369 597 684 821 609 177 91 30 124 927 107 481 589 741 934 494 749 893 364 673 559 279 815 271 809 610 821 445 863 424 229 160 541 480 169 448 549 254 508 936 723 237 898 145 189 102 230 329 573 465 815 834 185 155 130 988 918 533 567 895 467 695 454 823 381 169 20 275 383 300 963 398 527 372 650 396 145 337 242 708 954 895 47 157 586 461 965 197 101 394 666 18 878 477 787 77 698 30 180 367 684 155 289 831 857 696 970 298 939 343 264 985 173 891 239 991 258 635 459 689 976 305 117 524 556 185 114 996 490 33 586 559 455 886 338 827 78 146 258 933 702 155 502 867 445 805 591 823 354 741 103 808 13 180 546 676 526 224 778 470 624 209 939 35 784 591 891 351 191 4 780 441 785 871 614 573 13 974 145 667 566 818 145 441 285 531 693 311 55 860 83 923 949 906 659 467 202 406 849 805 12 602 774 109 186 19 7 760 199 965 843 284 544 448 296 881 886 628 223 805 26 721 721 245 628 813 389 487 670 578 49 492 5 213 764 203 490 631 846 499 702 488 347 896 174 604 854 498 19 266 620 960 668 938 203 620 164 984 741 49 369 920 984 471 60 125 417 710 86 853 845 844 245 456 547 494 599 395 811 289 651 836 701 453 166 323 888 558 227 776 864 805 601 384 440 772 968 279 341 671 795 752 866 858 450 493 934 297 658 227 885 759 813 710 614 334 866 761 492 249 86 691 489 685 699 765 140 862 525 214 409 460 670 621 783 638 113 764 688 986 189 999 232 781 213 225 336 627 493 178 334 156 596 849 850 310 789 755 417 224 106 565 205 779 942 946 534 758 319 6 373 611 912 97 690 724 386 490 195 52 212 437 127 202 851 245 324 891 735 526 241 817 73 902 722 431 770
714 236 845 631 211 129 917 116 89 843 257 653 457 773 782 89 864 466 944 744 404 507 542 318 345 329 330 554 58 758 587 672 436 425 767 863 857 728 185 811 305 10 955 712 981 819 939 971 94 841 905 650 174 398 330 774 582 266 581 123 368 953 114 594 515 377 629 249 26 369 414 765 886 453 690 959 222 706 477 948 739 847 923 885 526 250 52 746 531 964 413 931 449 948 368 450 943 689 250 899 284 634 345 312 689 725 261 166 684 109 645 301 70 150 856 645 583 996 248 673 99 83 857 356 841 401 659 184 839 486 985 955 259 865 493 995 853 626 601 593 414 227 181 192 63 681 869 97 809 486 142 162 566 398 131 772 406 362 574 479 914 578 183 370 594 205 70 71 922 322 347 307 909 202 872 429 405 746 274 458 297 906 577 821 251 152 336 825 834 450 29 677 585 312 109 425 852 464 145 830 438 300 332 229 992 599 861 444 455 999 796 990 329 186 846 226 943 170 707 833 466 519 815 358 100 477 475 686 155 535 507 142 292 761 805 432 577 261 70 969 118 746 280 614 929 789 132 50 897 211 986 248 407 845 523 23 865 553 986 523 922 459 117 499 438 116 986 276 35 548 288 91 971 384 315 117 226 242 205 549 276 767 748 127 920 693 975 865 108 620 464 341 269 680 308 613 70 355 716 263 427 89 476 812 761 206 549 776 220 410 524 635 521 9 280 685 499 450 554 209 854 185 677 398 869 455 203 771 685 719 988 798 925 72 502 220 766 9 88 19 456 692 214 830 900 823 981 307 778 875 669 579 862 69 365 723 122 425 557 324 357 892 96 746 188 136 64 604 94 740 14 493 426 884 335 45 40 54 727 577 370 321 569 470 669 933 887 295 760 444 214 813 387 939 850 616 444 195 628 89 808 184 819 828 452 61 93 198 523 58 801 703 622 297 248 152 916 673 674 550 565 569 769 740 705 447 2 422 634 304 624 823 690 49 637 973 252 655 290 331 60 208 826 114 310 675 140 502 768 380 492 778 69 465 293 130 827 526 208 260 519 520 967 295 781 588 663 461 520 223 347 143 464 18 641 484 415 891 646 878 74 517 213 209 553 67 370 978 348 574 648 39 616 587 959 722 184 590 626 191
362 428 848 503 720 130 323 987 30 698 897 52 978 841 297 967 538 622 490 702 35 85 183 942 395 888 621 707 201 303 693 284 217 125 39 144 889 623 960 276 871 957 204 606 332 196 527 946 739 40 893 598 430 880 152 742 707 879 716 88 99 173 440 960 888 386 6 180 289 102 406 601 171 185 297 990 804 697 9 558 697 21 284 404 745 48 579 995 54 237 588 543 957 87 56 67 872 516 59 96 448 477 90 437 59 900 673 632 585 882 401 408 876 652 196 913 348 585 829 853 196 899 483 39 394 776 10 859 786 392 448 487 107 683 169 722 130 975 171 564 1 136 344 971 222 590 59 430 410 232 223 141 373 263 741 161 324 839 371 385 202 367 985 396 583 35 357 895 68 48 35 681 188 27 370 572 994 130 243 43 894 812 95 686 35 381 135 332 115 41 221 488 694 252 439 625 632 229 123 915 732 747 176 592 580 623 415 855 793 738 412 591 59 821 958 71 486 480 827 237 525 272 931 764 427 625 759 769 526 83 996 881 594 163 697 175 219 535 48 202 970 206 222 865 558 2 554 952 396 339 392 305 35 784 139 582 623 131 472 814 991 378 970 378 334 29 885 905 870 212 723 584 652 263 608 558 581 402 156 544 197 548 596 418 749 51 254 347 587 317 64 951 866 465 915 216 964 355 821 292 112 608 191 777 264 116 68 788 973 498 632 79 696 996 599 939 951 537 713 808 194 230 644 65 45 389 199 406 882 978 763 277 937 976 393 630 661 954 513 5 905 80 502 143 40 141 803 655 616 956 328 60 72 32 13 620 436 404 367 555 431 682 636 250 398 994 426 402 485 824 843 155 58 741 50 516 953 903 901 690 125 765 399 770 611 727 883 95 877 480 889 416 555 151 512 535 826 778 928 71 399 242 937 940 728 415 733 133 827 351 724 696 653 490 150 204 776 792 501 295 328 915 972 420 464 999 501 21 736 646 940 64 237 425 831 552 35 948 579 14 707 751 189 543 664 309 352 69 550 538 682 881 177 6 556 66 928 40 576 669 224 345 641 158 700 171 59 369 41 840 65 907 810 851 713 901 699 323 564 592 171 278 782 916 350 306 731 844 933 438 861 344 290 345 816 773 695 66 935 830
931 138 761 394 858 958 327 208 198 337 767 763 378 540 690 984 632 894 748 412 391 502 681 39 826 575 49 270 629 194 523 893 829 144 578 684 951 88 857 687 106 355 51 726 792 228 930 800 688 962 617 38 955 647 906 455 621 783 656 451 44 105 99 772 671 426 174 601 714 72 772 413 528 635 529 834 860 33 237 642 725 329 593 593 303 118 920 124 694 30 1 11 944 660 523 868 974 104 869 571 509 340 578 285 265 264 196 652 401 564 390 430 449 988 969 157 206 590 284 148 211 839 264 501 183 335 702 627 599 664 610 271 103 21 433 492 307 231 110 415 290 603 105 834 944 593 229 931 521 759 415 133 512 443 728 50 706 909 529 243 474 130 586 408 895 707 453 106 570 414 221 885 42 772 578 606 437 769 130 727 21 971 988 210 565 588 851 620 102 661 943 549 529 722 803 953 512 933 344 500 971 901 992 58 358 420 497 97 978 9 489 452 250 963 143 514 121 86 95 918 206 574 572 492 460 263 743 89 452 198 225 233 217 869 473 234 603 851 855 273 89 607 982 673 435 478 299 878 510 730 720 624 692 846 784 6 403 588 28 736 148 130 138 559 332 496 592 752 566 859 822 900 180 231 729 222 850 421 154 325 836 109 847 877 535 835 668 923 528 360 868 161 537 341 430 344 208 373 703 981 860 854 322 440 215 346 352 757 578 70 15 601 244 692 27 55 61 397 18 49 238 486 31 598 509 74 478 123 960 830 877 770 281 396 405 113 856 383 388 509 569 124 901 112 35 949 808 447 771 715 455 305 54 496 459 790 868 442 794 40 270 395 432 150 848 495 339 174 609 520 571 841 479 461 966 164 471 290 894 721 312 623 834 338 842 300 712 584 945 307 206 103 536 533 80 100 354 542 394 260 803 763 882 192 698 990 92 514 552 610 263 230 228 73 483 545 852 266 524 926 627 828 561 528 966 194 134 320 746 913 153 614 217 493 622 466 324 641 927 867 603 870 578 354 394 47 338 97 340 233 644 689 677 672 712 815 747 722 102 430 491 675 353 386 555 841 336 509 210 730 532 979 771 38 249 702 522 491 460 648 917 119 876 693 392 281 733 300 388 770 760 930 278 374 811 496 115 405 282 861
17 333 534 975 788 655 882 759 649 267 437 485 105 85 610 407 547 964 96 8 4 790 868 840 277 556 961 825 292 768 759 395 719 947 213 289 546 570 499 47 659 471 598 852 679 504 797 174 620 93 711 998 396 94 598 529 143 631 785 507 269 830 561 49 316 668 649 216 115 953 428 874 920 429 721 356 39 458 578 792 564 90 921 907 835 899 335 58 479 549 294 182 806 445 772 514 622 468 129 523 50 763 235 527 271 432 406 959 248 339 693 867 224 67 842 619 312 733 952 869 724 494 479 430 610 144 390 601 832 996 611 862 97 660 236 130 810 451 324 270 35 361 788 719 729 522 106 792 56 416 291 313 905 580 226 446 473 116 777 883 965 75 580 85 74 566 405 400 941 523 374 188 366 437 297 33 253 711 226 61 974 665 100 965 107 815 111 646 182 921 513 233 115 260 591 976 764 288 735 603 740 833 521 363 676 186 9 367 704 991 793 696 202 703 932 883 544 70 777 45 950 540 169 599 654 792 202 868 183 756 17 50 252 584 136 315 563 620 292 511 868 76 147 519 992 37 658 334 773 97 887 170 216 80 119 197 583 3 146 278 709 23 455 548 780 831 683 329 771 423 525 572 261 988 560 570 272 941 152 319 887 72 723 655 607 603 111 804 631 402 215 541 270 291 549 684 46 329 880 643 87 971 689 772 550 161 557 199 620 627 40 587 313 3 771 799 821 565 634 814 190 357 751 558 885 509 396 341 508 252 892 154 66 675 126 46 358 972 325 879 36 77 120 559 723 836 841 770 323 271 270 661 115 503 285 857 316 696 586 196 380 609 474 116 752 20 189 350 486 182 60 162 66 336 540 530 456 15 608 795 968 431 756 97 650 150 568 511 643 991 949 6 530 132 1 540 238 762 773 323 884 574 857 131 598 805 200 13 283 609 370 18 684 957 247 254 273 705 380 403 455 945 290 233 91 102 124 456 84 608 589 310 162 545 953 908 432 896 945 808 370 922 700 915 692 526 149 119 142 754 598 284 829 393 938 937 670 614 403 536 103 334 316 396 952 5 839 715 687 667 961 406 609 101 404 502 890 466 49 374 518 240 207 550 428 106 292 495 703 329 134 583 36 439 47 253 91 212 451 699
319 147 213 494 399 708 780 611 199 567 251 989 236 207 631 290 740 86 534 804 951 387 147 195 930 800 87 662 106 377 404 822 766 251 514 215 853 72 482 485 803 475 484 750 425 699 888 627 809 31 957 947 128 213 866 613 999 744 302 842 488 298 616 695 567 892 378 697 781 996 165 532 188 384 248 796 781 594 578 765 330 228 75 826 706 5 58 24 141 615 14 50 865 851 792 83 152 15 304 976 612 43 247 499 736 459 430 956 670 809 542 961 253 324 17 383 885 540 871 15 734 379 953 116 985 545 487 658 998 460 281 900 863 312 685 675 166 915 42 313 837 493 639 137 408 201 188 691 594 801 969 66 622 915 619 406 423 258 490 451 636 270 967 680 206 145 544 404 987 583 967 986 126 14 507 501 83 157 578 935 230 148 831 111 668 424 946 712 904 496 143 517 425 835 430 506 516 179 49 347 693 37 818 260 310 499 100 839 288 3 645 351 269 686 417 682 255 646 932 634 863 900 567 129 701 580 60 899 831 511 761 654 199 967 675 679 111 20 795 618 246 911 133 938 306 437 467 779 70 140 245 535 612 98 750 904 386 386 734 472 587 540 755 970 840 107 837 752 198 952 673 533 540 964 326 213 372 384 301 98 660 826 812 426 199 787 671 31 473 177 866 20 503 527 666 288 225 30 958 805 779 114 523 154 669 372 433 559 732 284 433 804 460 434 973 812 479 730 351 785 841 884 651 311 177 225 266 544 798 717 742 71 335 618 816 540 741 736 830 412 637 119 747 568 407 510 641 946 736 547 971 189 42 546 358 748 484 484 309 606 762 574 368 821 245 289 360 981 856 596 631 374 723 501 707 842 954 240 224 503 541 961 161 243 279 874 374 56 120 981 627 483 679 17 301 927 469 91 659 886 124 258 271 547 233 564 737 927 929 628 379 262 119 127 753 680 924 905 917 45 777 848 242 585 695 613 380 963 974 761 898 142 387 853 224 427 547 1 644 683 132 738 672 957 715 899 391 961 768 592 255 252 42 328 538 865 164 928 615 943 101 889 277 331 148 653 630 240 358 709 328 86 869 190 104 974 944 652 51 15 236 173 998 554 805 95 22 533 436 89 37 722 36 265 829 123 684 841 597 726
920 431 101 760 189 865 212 427 863 891 316 91 320 388 954 817 641 505 444 282 231 391 363 490 327 461 66 54 5 779 598 585 620 496 918 692 431 823 803 777 770 720 152 777 374 598 454 680 331 328 469 707 66 251 495 302 803 584 327 389 717 642 127 829 403 147 785 104 238 46 974 240 199 147 483 610 268 62 788 532 485 730 228 760 497 468 976 566 554 720 269 779 436 827 553 490 820 618 271 34 362 512 902 365 116 534 525 732 64 8 144 67 67 521 308 628 923 517 229 468 742 67 794 658 120 233 502 720 387 759 445 45 739 816 573 799 557 456 411 183 488 997 626 97 118 757 29 792 170 912 947 152 723 361 718 537 216 376 890 846 629 389 112 27 531 292 770 78 433 489 1 648 406 772 765 9 426 646 473 144 788 965 877 379 893 417 661 305 705 589 73 502 552 27 306 980 132 148 719 199 313 491 787 919 590 212 782 371 501 405 13 163 682 250 31 636 921 147 542 499 219 298 512 911 253 659 135 733 767 534 740 97 946 90 443 158 116 130 284 99 825 410 565 533 427 501 709 627 673 281 711 737 506 598 74 426 189 872 433 310 471 102 150 451 126 949 24 0 269 928 733 972 193 71 182 292 398 300 675 226 850 677 597 686 36 395 190 57 904 983 30 732 136 842 602 721 106 952 206 167 215 34 220 357 625 421 548 627 116 523 751 533 180 209 867 645 917 51 565 203 483 174 875 910 530 419 499 21 666 451 102 908 351 756 441 376 551 806 567 611 488 787 579 605 13 540 977 129 425 46 36 566 550 39 49 891 579 244 228 216 610 667 29 481 419 844 628 774 34 222 892 799 689 318 535 628 996 827 277 604 376 858 968 941 912 287 547 934 535 923 534 808 768 926 221 184 345 928 20 582 608 361 567 748 317 418 474 149 504 480 231 594 195 997 156 684 478 675 706 334 199 903 510 944 953 664 96 991 972 164 817 480 427 687 155 658 246 914 324 668 703 96 538 267 259 747 399 370 249 182 684 523 949 589 613 800 508 581 313 663 678 947 814 63 664 331 661 227 68 711 271 156 86 385 973 728 441 121 392 304 661 363 894 772 87 538 382 66 252 768 114 485 488 191 692 974 738 83 890 210
363 203 286 655 341 677 420 904 906 492 528 407 893 929 319 382 598 50 220 840 849 467 623 661 27 697 149 457 93 112 38 188 206 710 518 6 947 884 738 567 946 761 638 598 249 343 266 536 439 122 798 84 60 779 23 19 115 236 298 640 194 33 970 90 989 84 437 757 229 874 822 431 209 135 690 133 970 384 825 912 820 740 605 937 480 620 237 381 266 334 384 462 642 37 910 10 263 516 811 542 737 230 637 337 151 560 832 900 801 603 27 942 621 83 589 527 252 538 455 896 134 852 526 776 264 605 497 593 309 724 260 732 539 1 805 470 12 352 650 829 657 311 108 490 233 815 570 882 11 121 485 901 415 913 898 619 803 809 499 998 983 194 87 147 141 242 673 671 26 385 484 565 990 404 695 0 302 287 622 181 622 748 823 559 944 772 445 336 816 369 89 163 314 960 267 174 729 987 941 514 489 255 141 454 11 115 693 513 371 256 948 391 752 25 402 458 527 705 908 983 56 613 809 576 256 932 725 5 470 37 393 754 305 754 491 568 366 906 923 504 237 720 591 956 107 874 47 47 682 337 588 83 76 713 691 943 183 692 198 345 567 149 776 850 624 511 719 653 85 876 440 172 240 612 585 196 713 224 96 753 853 755 850 76 630 252 923 95 870 446 997 646 328 636 969 364 810 34 160 559 783 345 27 328 564 39 686 988 920 728 479 727 461 482 532 544 540 239 707 952 521 639 450 814 76 659 704 544 385 303 540 480 378 266 313 470 165 177 688 369 690 132 161 199 428 274 357 258 730 126 431 860 984 459 76 847 643 248 976 229 373 175 680 58 338 97 382 774 394 229 652 433 227 377 507 220 447 215 858 515 322 689 989 280 360 268 513 215 512 732 629 787 717 901 147 997 213 735 852 486 967 159 211 761 511 566 858 686 648 807 549 209 516 653 858 843 999 75 860 369 441 135 665 511 528 80 250 36 221 274 728 947 850 148 251 996 732 958 588 334 179 403 964 967 35 104 219 4 119 590 646 961 989 782 878 188 667 139 731 325 24 270 192 543 937 550 224 569 185 60 884 925 689 140 352 345 380 137 792 367 15 794 785 369 590 83 762 993 961 639 982 829 514 752 581 850 311 302 97 606
104 713 178 34 749 147 68 231 305 951 202 821 459 49 831 638 880 528 40 142 874 525 17 290 583 476 544 291 48 738 42 519 482 162 67 688 906 121 205 524 663 200 283 738 59 145 480 803 846 980 806 548 743 595 668 882 494 983 418 338 274 84 429 792 701 972 386 943 457 46 3 361 748 891 365 766 102 1 142 639 267 652 151 80 727 379 245 261 773 585 788 851 926 971 382 536 180 263 273 391 315 993 910 654 46 98 516 388 220 220 400 795 941 361 87 96 789 146 474 586 287 250 224 673 795 477 26 974 95 183 803 159 211 174 800 505 192 103 122 791 350 550 775 953 470 762 749 942 359 383 643 974 779 182 224 413 756 521 223 780 777 865 775 475 107 134 53 547 59 705 2 643 698 280 80 849 379 108 268 927 249 575 966 580 34 880 973 790 100 678 832 448 413 920 693 36 884 643 205 585 427 325 907 867 73 204 291 526 102 624 375 168 675 202 33 918 15 871 851 695 874 367 553 120 93 645 557 873 170 264 155 561 81 473 254 700 196 131 943 310 51 61 379 990 502 742 563 481 382 822 967 585 19 378 797 893 931 576 956 702 21 193 160 822 772 956 540 195 382 509 135 513 731 426 576 584 64 425 621 18 200 63 532 196 53 502 492 205 146 715 496 916 934 929 600 609 387 116 220 167 702 893 381 597 228 887 516 606 328 455 312 242 103 687 125 344 987 211 278 251 905 263 130 381 780 169 897 387 137 727 246 799 91 772 297 498 741 65 754 773 777 864 995 643 231 303 248 116 824 235 639 833 798 600 986 39 959 436 931 618 409 684 21 812 33 441 453 491 211 304 640 292 606 808 281 202 939 888 918 728 985 548 705 6 962 382 2 83 548 57 607 643 669 895 197 212 287 718 451 298 388 814 288 709 774 412 877 186 252 511 44 291 285 777 809 11 829 371 14 502 762 457 87 0 550 101 161 972 301 966 908 536 850 586 763 604 239 454 694 258 997 670 418 770 717 665 336 749 159 388 855 417 757 327 138 990 15 68 29 333 368 443 356 961 805 796 46 888 495 279 870 44 744 248 202 865 259 949 517 153 182 281 222 420 466 865 953 130 544 239 942 735 698 590 856 396 37 35 266 135
66 735 368 839 866 354 33 650 134 737 641 128 885 479 823 98 437 297 579 259 855 746 730 126 74 86 669 50 423 287 384 323 312 276 812 133 479 107 461 638 681 999 755 243 500 326 93 601 600 334 893 961 681 428 450 304 313 52 316 35 955 764 788 508 384 844 761 670 782 844 907 500 559 201 209 625 97 39 895 841 845 860 684 514 320 837 5 111 267 635 39 29 485 494 413 704 492 90 228 158 823 452 569 391 354 813 327 904 904 369 535 285 164 480 549 712 762 190 169 118 287 662 282 956 581 46 418 384 136 558 306 179 234 722 642 999 847 598 987 742 66 867 41 190 572 817 585 522 211 489 406 797 669 319 1 196 146 512 217 361 708 348 602 434 844 702 372 314 703 35 931 423 652 14 325 603 414 25 367 903 544 26 49 502 889 379 413 412 318 364 811 682 842 512 316 958 904 791 143 545 144 929 27 483 193 393 242 661 685 545 475 826 364 661 834 82 779 488 319 100 683 838 476 133 346 669 444 554 502 600 102 62 967 606 846 361 815 445 498 674 544 65 440 855 434 9 976 481 831 178 27 595 820 637 874 439 650 368 381 237 800 458 509 803 867 97 188 595 794 997 582 552 300 968 372 796 619 404 645 939 111 150 300 123 226 775 388 685 303 299 778 405 106 154 981 909 791 878 315 788 905 62 549 471 593 580 695 829 582 55 993 980 540 514 786 985 790 548 777 235 607 292 23 624 611 276 771 402 393 86 7 603 317 979 715 503 776 157 6 469 386 503 38 813 833 990 906 157 902 611 181 987 182 801 442 151 243 461 731 654 99 700 51 713 584 560 424 71 656 732 276 241 248 411 982 591 407 23 789 251 200 314 873 0 616 578 620 152 657 465 473 115 42 176 520 414 894 741 439 581 142 876 336 390 474 451 872 520 59 259 470 240 780 850 72 847 679 619 419 928 287 936 383 36 144 534 926 634 464 548 446 252 675 161 179 228 619 775 813 672 173 878 489 870 816 209 515 190 402 337 83 152 124 548 325 563 685 406 19 975 627 124 429 478 35 251 451 329 912 688 341 862 895 997 283 427 970 272 506 329 386 513 102 614 518 12 60 100 617 725 924 761 79 994 255 986 343 810 726 778
519 222 777 29 147 164 335 7 532 139 27 575 757 555 796 757 67 884 635 385 303 682 347 625 704 425 724 992 436 430 704 406 113 607 245 659 540 875 973 45 315 543 468 857 654 958 282 493 614 141 813 300 127 953 330 456 97 913 609 471 953 628 179 155 786 389 495 126 520 882 0 280 226 655 907 839 63 389 989 165 160 221 302 786 389 970 523 756 289 235 902 896 127 468 950 186 693 785 608 467 475 405 622 768 724 968 786 764 790 222 219 903 472 405 161 796 475 203 744 45 893 933 832 99 347 71 655 305 72 267 637 947 562 113 615 994 789 163 736 165 403 869 493 40 554 319 199 845 699 125 437 160 813 81 329 20 645 619 608 124 659 693 817 276 525 397 802 922 174 388 460 952 42 362 667 957 663 705 92 813 321 818 836 174 162 451 825 187 438 258 438 602 678 74 542 967 754 350 809 253 355 832 421 884 49 373 515 266 216 474 409 860 859 220 941 376 638 476 404 303 41 305 924 910 784 71 469 965 265 156 721 367 418 654 315 860 260 429 959 297 729 361 106 22 875 524 862 71 980 403 776 228 435 518 578 440 485 853 505 460 816 277 698 266 976 880 98 529 670 419 203 156 483 354 735 16 376 855 937 538 540 763 822 783 298 436 876 541 112 117 616 726 167 226 503 237 768 52 660 252 132 557 256 994 286 86 877 186 935 175 351 683 288 774 51 551 250 193 470 776 602 580 377 553 682 959 856 770 629 20 492 541 900 607 129 21 17 822 637 768 640 655 398 243 36 460 816 728 643 527 173 392 332 462 645 698 820 407 800 822 786 896 778 713 690 344 157 557 927 797 856 789 974 431 80 146 186 765 896 738 913 229 526 595 831 347 104 777 610 981 99 87 765 157 914 163 885 543 842 909 713 194 105 191 274 639 992 316 576 222 923 622 228 923 784 745 788 530 501 186 396 425 89 113 591 789 796 329 964 956 521 604 161 281 547 916 464 335 30 119 994 531 929 346 621 677 426 508 781 538 937 764 255 330 8 235 945 623 196 362 753 139 781 551 117 473 301 656 363 178 262 582 212 800 960 433 35 377 611 497 783 605 922 466 285 325 967 992 547 401 167 175 841 292 939 774 411 761 327 462
556 1 726 216 893 35 570 484 89 449 774 511 325 96 0 567 34 489 7 270 796 653 252 562 237 370 675 541 980 120 197 538 26 386 44 997 636 709 622 859 568 802 316 916 747 13 53 963 377 239 680 870 256 162 647 802 714 79 155 123 60 529 864 560 539 876 284 531 340 602 354 925 601 426 12 679 342 61 415 849 788 877 359 441 698 587 458 994 788 764 667 829 407 203 679 981 120 372 536 951 103 849 557 104 122 995 165 339 225 730 248 260 181 727 598 783 840 80 344 711 818 293 784 263 935 7 640 623 411 732 592 175 276 702 275 415 608 131 442 500 852 357 89 634 635 863 471 12 534 21 810 674 971 376 144 794 657 20 861 694 435 594 514 571 644 468 542 79 650 813 457 718 621 933 383 674 759 341 876 369 381 273 890 759 528 443 933 222 672 884 139 872 195 292 787 647 181 780 516 592 688 761 737 644 61 261 949 9 936 599 424 659 52 92 837 509 297 421 237 124 718 278 246 603 874 260 872 107 10 422 58 833 747 111 583 703 144 726 484 519 987 755 900 466 985 278 304 530 196 666 333 261 212 329 308 927 38 834 456 275 288 387 268 512 253 595 301 567 319 427 177 934 113 434 670 378 231 279 799 461 273 340 337 973 714 956 223 974 617 433 551 636 333 542 959 721 280 917 563 296 231 729 487 515 230 197 564 672 36 167 986 707 995 970 762 513 802 199 196 646 509 420 614 555 406 586 29 108 993 921 3 993 737 556 700 385 424 693 128 209 102 657 335 751 659 767 442 482 486 247 894 974 818 773 195 97 769 103 459 454 956 575 748 874 449 4 912 439 757 798 954 615 812 450 953 866 280 520 131 342 619 374 283 40 144 864 129 170 434 252 433 301 694 720 943 778 387 755 114 994 469 481 420 640 805 431 554 558 643 484 237 56 573 641 727 438 980 737 315 663 626 31 209 396 507 320 512 431 653 806 950 821 721 345 250 216 740 793 379 657 516 549 609 813 882 404 895 664 702 35 329 33 12 718 31 800 316 748 747 938 287 781 317 602 537 540 595 101 161 38 142 212 746 698 342 274 655 725 751 517 800 588 84 357 163 429 878 472 17 249 824 191 344 822 337 653 188 812 803 190
96 481 167 734 592 141 571 594 425 491 173 799 437 637 679 854 216 940 355 631 48 869 59 447 651 339 486 80 46 321 454 138 48 577 658 268 670 677 753 795 872 166 172 352 245 137 889 255 121 495 380 587 286 868 314 966 712 628 578 927 796 259 212 307 291 613 980 677 345 398 195 206 670 679 807 368 975 957 255 64 346 478 338 524 711 268 812 506 623 162 764 681 744 546 87 172 587 958 502 778 255 766 235 421 317 720 986 286 205 192 433 264 600 377 736 909 751 859 741 300 997 274 780 849 523 117 147 622 992 942 512 963 30 80 151 23 176 588 111 593 448 35 496 137 923 871 10 447 537 575 679 982 199 488 863 218 177 994 154 674 537 330 520 301 913 924 397 606 699 859 563 844 302 743 912 520 356 783 723 25 393 168 898 772 0 395 213 424 666 617 723 744 191 220 917 567 670 111 921 316 141 794 777 384 241 280 986 442 561 125 114 574 956 482 361 427 331 382 664 919 154 350 516 211 188 563 194 598 859 360 910 734 339 29 915 517 531 534 837 582 532 613 3 777 796 204 564 136 364 746 198 919 936 448 592 238 348 356 404 268 647 353 29 291 642 759 621 127 634 111 421 366 198 159 437 821 699 656 37 250 806 954 856 300 833 809 662 170 283 935 867 698 788 599 515 601 3 873 917 417 483 226 841 235 415 180 762 477 501 946 391 26 849 807 936 369 635 238 176 418 909 347 766 520 840 242 962 495 790 653 403 50 773 672 622 542 726 376 276 529 772 373 740 783 290 321 497 211 768 675 7 634 262 219 800 248 726 244 672 756 963 604 352 799 348 638 4 311 423 662 442 875 249 448 509 273 873 280 206 123 646 64 724 79 445 330 35 757 948 990 377 287 778 289 806 201 813 54 433 346 816 414 663 63 869 953 550 142 203 626 15 951 467 628 120 584 711 812 262 564 104 940 451 778 956 934 558 228 718 750 84 80 733 17 100 771 733 750 316 443 117 860 529 898 183 369 467 728 401 784 962 452 528 765 666 762 482 631 382 839 883 904 771 727 697 696 905 507 252 748 438 135 875 970 640 29 783 869 36 630 326 432 896 551 507 807 311 146 86 62 111 707 519 868 279 823 691 33 563 454
616 385 102 901 788 748 307 528 835 48 415 731 532 796 244 673 321 180 268 750 13 818 515 588 13 906 136 862 333 315 475 740 938 486 854 936 1 886 300 940 681 11 984 294 807 289 670 463 833 611 239 231 341 242 344 647 284 824 692 32 593 82 925 350 54 910 429 249 460 354 719 173 400 575 197 466 913 56 495 745 423 765 1 136 320 755 713 671 29 222 349 490 648 230 805 176 696 153 8 603 842 523 216 813 987 531 840 198 44 235 753 834 310 809 178 819 184 100 617 191 879 319 270 41 114 859 318 732 108 897 640 523 654 349 703 288 792 486 254 183 496 131 339 778 374 338 228 164 926 596 235 426 206 281 807 880 510 700 584 465 71 746 913 939 431 718 854 59 319 676 418 366 983 272 696 878 619 965 595 644 313 154 773 775 259 116 122 125 907 688 432 715 558 593 622 970 944 918 363 391 258 790 778 258 818 811 414 596 301 612 527 488 315 541 521 976 705 964 286 762 865 64 742 246 982 29 364 547 533 796 380 857 54 218 400 79 3 811 897 89 514 264 945 611 245 895 922 452 500 752 403 165 268 394 842 685 191 741 879 192 698 247 472 718 469 164 576 558 999 339 452 696 312 529 846 763 612 242 742 366 207 674 739 847 132 979 945 347 516 719 377 11 148 132 942 464 653 643 301 517 620 608 605 943 614 71 703 400 964 853 31 966 198 161 985 15 487 704 626 497 855 906 21 36 387 65 73 430 788 78 276 535 415 76 368 608 484 847 28 312 969 979 323 41 535 461 478 437 587 180 342 514 683 810 806 127 85 533 774 393 199 9 152 34 752 138 755 837 215 769 312 568 346 997 305 938 280 694 3 180 460 590 433 837 327 114 299 267 86 861 285 345 441 816 266 149 96 316 155 468 143 215 301 95 44 861 858 240 528 221 759 354 172 808 438 477 247 809 991 489 133 262 102 196 752 969 757 895 807 757 226 146 240 830 454 70 234 933 805 487 354 964 143 496 537 171 423 236 463 20 957 684 865 57 279 963 980 298 175 579 527 671 771 83 408 223 846 918 616 35 85 751 178 263 216 631 15 722 396 410 452 596 715 913 231 284 136 427 265 571 54 130 257 442 394 253 115 524 74 851
450 223 127 449 376 747 670 293 925 528 629 728 434 173 66 601 258 170 859 824 810 97 660 235 481 879 343 101 95 718 532 753 463 304 241 363 932 573 580 935 496 962 807 641 619 434 512 112 977 878 355 245 127 141 713 257 21 496 596 717 247 112 764 764 359 601 663 470 44 785 773 509 241 147 370 900 54 120 615 311 918 118 553 608 776 606 887 21 458 520 475 229 49 257 889 168 621 292 785 319 454 21 707 949 552 106 555 709 51 504 448 664 699 330 830 396 732 822 663 23 174 208 928 19 88 232 544 458 641 542 793 120 277 37 543 777 784 994 790 57 768 223 204 421 644 231 967 403 73 692 665 172 261 616 703 246 630 745 157 757 215 304 333 445 419 647 986 634 453 380 14 120 115 839 406 417 777 745 338 991 42 763 787 556 285 465 603 89 180 755 901 615 622 274 948 991 872 299 449 885 257 914 401 586 381 180 144 283 156 663 48 758 218 30 980 279 146 230 184 399 489 67 649 431 387 203 154 334 912 274 166 979 215 32 262 215 977 60 173 317 732 480 814 509 6 40 239 641 306 577 570 737 20 657 490 313 417 325 465 583 791 324 868 409 376 746 580 749 376 968 539 488 735 318 988 782 898 171 511 689 237 190 491 662 551 74 522 218 389 459 6 612 648 129 906 690 673 600 836 150 960 641 908 483 669 306 121 211 753 67 865 111 11 627 241 485 553 6 260 611 940 690 630 530 908 907 218 814 263 273 338 218 909 986 769 19 120 649 801 233 142 663 340 21 524 516 695 167 936 657 978 564 382 110 371 926 286 435 381 409 201 568 504 902 438 115 807 370 654 834 99 535 209 803 550 506 947 534 26 761 127 917 771 479 191 773 597 345 91 584 41 148 999 398 98 477 298 893 76 150 374 415 275 260 459 543 603 998 559 694 426 684 641 894 246 838 884 876 746 730 941 559 234 59 808 592 993 529 164 184 507 30 902 845 565 331 52 535 791 513 739 824 526 366 807 404 296 206 298 279 296 825 53 600 869 534 947 166 817 420 29 554 826 83 940 152 443 14 711 997 640 197 644 208 778 106 991 135 439 210 640 235 532 950 285 147 877 622 666 508 379 295 341 982 774 119 195 375 402 894
577 145 927 132 974 931 891 185 462 998 13 770 187 639 796 407 637 593 222 486 237 449 597 367 817 977 794 522 905 855 313 193 77 694 246 270 691 219 808 781 246 65 977 902 291 446 204 495 879 460 31 926 922 984 540 565 522 444 564 460 503 458 423 824 659 120 899 404 347 60 332 954 106 945 188 390 816 425 111 382 289 434 281 614 222 397 902 718 938 619 771 427 592 81 445 552 858 988 501 801 189 64 672 124 436 604 462 13 186 284 459 947 729 209 950 313 785 790 847 30 351 959 802 508 788 131 593 680 195 391 809 344 975 837 954 213 434 95 621 908 665 675 22 431 25 135 234 302 365 683 42 793 360 5 131 96 991 796 341 114 617 296 703 18 285 54 950 762 752 106 451 436 445 917 23 531 626 330 279 962 513 678 21 763 145 201 438 48 203 945 394 546 602 702 607 950 47 441 342 271 848 417 162 756 854 510 744 577 650 189 369 63 192 570 52 77 632 814 835 343 704 205 451 93 938 413 562 875 316 145 179 484 4 293 98 800 324 478 842 336 401 258 158 218 355 720 982 384 632 289 67 136 972 347 427 37 52 337 665 58 547 233 615 684 397 408 384 898 219 991 535 650 304 872 498 237 527 35 304 395 310 176 986 972 583 169 672 488 693 265 862 868 745 812 148 852 299 982 157 516 19 643 929 884 870 2 973 609 49 948 490 962 19 140 640 399 43 800 822 301 779 26 466 225 91 678 916 335 80 217 783 195 959 493 242 197 163 954 654 624 526 88 482 835 180 861 578 233 413 151 109 232 271 790 716 144 724 516 730 371 907 89 123 369 131 158 538 373 303 696 85 278 863 562 648 548 876 766 697 962 221 754 718 166 588 6 604 984 737 646 153 516 459 281 537 365 134 869 887 375 393 538 814 643 764 968 289 245 998 239 844 873 860 323 348 218 736 507 873 618 846 282 335 888 342 630 149 200 233 594 294 405 69 938 50 400 73 111 613 827 886 675 412 538 526 356 89 40 946 355 20 423 565 485 202 893 142 284 384 787 789 276 830 178 553 22 125 890 625 404 858 357 860 761 597 57 617 286 66 68 48 908 461 381 167 780 610 268 608 912 240 669 422 114 399 307 926 656 139 754
274 303 715 488 383 15 913 740 456 388 677 840 741 375 716 523 575 686 480 554 408 311 999 229 810 438 769 675 950 503 675 13 25 937 947 105 409 678 2 872 167 617 233 265 184 875 610 987 198 664 291 435 726 129 338 32 357 477 586 893 145 288 675 407 379 462 246 643 379 565 257 174 806 506 395 722 792 830 711 699 861 732 968 199 384 924 385 929 888 622 576 551 207 541 548 70 269 741 973 824 278 416 739 288 849 869 97 988 266 43 781 706 326 362 516 329 518 23 650 713 998 789 143 602 831 220 114 391 763 520 716 610 773 917 682 515 277 788 475 114 580 255 678 597 107 820 685 936 200 883 478 713 961 365 887 574 166 438 642 908 411 110 672 181 901 665 618 731 121 158 666 718 672 307 341 482 157 459 395 912 957 105 679 2 141 252 300 850 794 887 538 396 971 640 519 487 405 20 976 581 213 385 884 627 745 639 975 12 114 300 388 557 82 598 402 628 139 457 299 337 946 171 859 367 397 581 29 425 745 896 768 301 779 801 264 25 590 617 273 268 516 981 166 156 433 247 390 419 346 572 395 847 253 564 48 546 590 901 23 870 990 985 684 480 796 821 874 261 929 989 668 884 112 46 230 752 132 661 380 716 593 421 429 508 414 190 268 607 927 768 997 221 665 303 487 396 751 542 371 654 2 646 661 973 553 675 251 205 83 268 585 882 759 988 140 362 921 572 115 575 273 971 780 489 406 20 462 464 385 243 314 107 342 131 363 815 465 114 329 278 921 137 789 458 728 660 777 953 64 907 38 607 176 217 469 692 303 570 132 314 357 263 281 409 16 383 148 557 254 238 847 225 57 93 811 48 169 435 582 878 239 916 23 79 861 129 607 177 662 681 306 373 962 363 942 919 480 692 711 821 470 826 638 167 331 423 522 27 512 29 961 798 103 956 683 60 15 862 570 970 895 383 925 213 172 305 389 633 593 217 515 168 434 693 540 693 143 245 944 396 127 146 690 999 966 842 585 457 947 486 249 196 971 953 912 745 901 198 808 162 676 215 729 835 19 972 157 783 401 799 929 869 43 460 386 562 817 402 187 153 388 926 2 654 427 789 886 246 996 192 252 177 548 305 555 4 962 422 618 356
779 199 232 576 161 545 978 40 974 947 680 180 203 226 294 51 9 32 659 727 963 324 274 174 45 7 540 250 452 268 839 307 294 60 608 405 7 949 995 470 353 847 1 7 886 519 470 443 697 916 744 674 422 681 978 57 179 973 468 144 175 730 396 396 112 450 354 845 53 95 181 220 381 386 555 602 285 278 728 228 5 467 568 267 609 833 44 134 339 957 195 891 426 840 223 2 769 720 903 401 155 328 691 747 976 745 79 130 105 176 246 113 927 90 184 848 139 122 201 879 203 53 819 693 717 610 483 12 282 32 977 68 72 960 666 906 189 256 383 134 43 511 507 222 793 342 214 800 611 292 472 226 193 514 780 309 582 170 19 472 900 744 234 233 687 808 775 677 11 692 727 905 683 179 581 130 104 864 39 432 350 396 702 90 159 540 204 389 695 557 962 662 791 549 103 662 330 987 15 14 55 173 262 840 53 834 906 454 720 705 57 520 429 347 661 850 467 228 886 641 199 647 113 829 445 707 570 922 149 54 995 314 665 432 521 861 44 876 418 293 267 14 617 9 954 895 768 597 304 102 836 869 294 72 989 463 970 618 847 957 704 683 33 432 29 787 553 702 128 922 541 580 845 665 420 763 737 165 237 867 91 389 862 43 732 902 686 150 103 532 417 632 163 659 35 831 803 496 726 120 391 776 270 957 745 629 247 401 389 482 651 612 715 339 658 428 287 698 255 107 491 686 863 948 248 795 530 440 955 638 171 384 11 127 249 415 354 35 818 159 81 390 960 404 777 231 600 327 626 669 113 603 865 371 28 796 787 591 946 592 618 237 285 862 827 134 355 666 154 211 583 520 992 659 742 609 948 191 976 347 578 83 864 288 296 234 549 121 360 683 295 501 128 915 785 317 238 856 434 775 738 118 706 54 222 221 930 668 143 76 644 37 175 770 48 342 103 320 240 384 665 629 869 893 833 498 707 522 954 503 131 368 355 857 682 550 760 731 843 869 904 104 92 419 640 135 629 891 774 473 866 258 504 418 890 521 603 311 525 965 600 471 955 199 748 139 616 257 314 922 482 899 76 223 136 868 376 540 249 155 940 206 62 678 671 946 918 631 862 310 335 534 819 34 861 25 59 808 199 978
750 357 362 691 580 513 262 260 493 957 918 720 125 478 226 758 857 345 59 466 925 597 575 110 997 906 320 68 318 644 984 736 746 873 810 769 938 104 200 831 634 682 151 447 287 379 285 351 238 801 751 283 620 335 815 819 572 959 682 335 852 561 920 599 686 978 614 99 937 836 692 65 536 203 234 844 691 396 772 641 21 442 505 403 190 576 696 452 113 461 298 462 336 448 775 146 127 641 911 88 617 521 978 213 52 740 16 366 938 232 0 336 989 148 545 334 837 609 29 958 679 515 428 510 764 645 841 264 720 152 375 614 178 381 142 128 655 867 122 85 778 319 202 923 27 451 924 23 956 462 705 711 723 17 421 560 374 315 886 335 559 70 445 681 573 757 436 115 968 502 778 800 770 48 573 23 363 805 18 653 942 659 785 797 967 280 248 751 835 451 668 515 541 341 927 954 792 191 287 677 695 492 404 288 764 445 91 236 270 386 249 402 836 34 773 548 194 416 63 246 720 560 245 265 761 508 850 335 775 180 77 319 541 447 245 362 82 202 186 706 746 495 250 299 559 264 637 582 932 398 952 603 750 407 57 189 414 326 963 872 215 190 751 609 962 602 674 376 115 392 699 469 826 61 999 544 131 67 19 482 265 714 467 112 193 332 230 11 891 530 73 611 834 510 223 295 213 771 645 848 152 429 864 451 653 868 136 892 746 817 107 226 819 656 827 207 216 243 412 216 695 777 452 902 439 62 359 124 815 122 300 906 942 287 261 979 783 656 799 993 325 573 124 308 88 635 874 254 681 200 623 477 160 97 290 368 535 365 799 207 976 174 948 107 588 988 16 324 89 227 477 681 716 696 816 840 461 489 949 997 122 164 14 54 651 121 225 936 186 414 691 848 113 251 638 992 718 319 346 610 941 420 584 853 959 551 176 224 771 522 447 447 214 462 841 633 979 919 960 46 879 982 85 53 520 692 321 854 318 951 846 746 838 674 57 769 977 282 542 202 333 351 759 427 155 340 426 171 388 389 740 373 435 506 6 388 259 313 388 796 876 130 43 454 396 167 918 196 624 292 405 850 779 111 971 352 344 592 899 26 335 990 238 716 948 638 761 799 128 341 191 930 707 977 910 196 802 88 594 854
560 379 845 617 942 658 801 141 498 679 337 179 169 936 439 221 367 817 134 653 949 912 498 498 687 539 432 922 38 822 456 509 696 618 920 181 20 973 537 658 214 361 39 98 1 72 217 847 267 138 917 862 500 433 145 356 51 583 897 408 344 581 843 580 478 316 526 961 389 226 479 470 968 541 122 421 740 188 636 436 795 538 477 298 426 719 440 640 95 250 4 913 969 584 11 160 996 299 959 553 959 553 500 677 635 356 704 10 673 151 956 937 308 896 166 560 534 349 237 442 249 266 297 693 375 338 470 639 422 430 780 929 942 523 357 863 78 213 925 320 515 608 544 184 841 218 102 343 439 80 392 558 428 52 344 645 76 42 180 85 225 898 359 303 915 166 586 233 352 339 969 630 743 96 19 84 95 414 982 219 788 848 312 772 725 340 990 38 320 945 706 714 305 357 974 274 427 280 86 405 99 78 306 445 308 711 153 973 774 697 837 124 665 938 899 743 550 716 15 31 606 737 149 174 913 223 128 854 554 272 393 944 639 734 245 817 9 559 663 686 846 48 445 200 299 100 903 0 202 200 564 629 633 458 393 242 603 996 662 679 738 929 224 934 346 297 764 330 382 179 125 252 157 272 298 261 741 855 5 207 704 376 731 623 940 603 586 670 6 389 915 168 571 333 934 920 241 564 564 986 438 802 466 983 294 262 835 749 183 744 931 661 760 958 715 492 840 949 889 30 163 954 101 670 141 117 334 538 357 275 328 850 571 945 732 261 517 757 285 573 405 460 550 860 96 845 126 135 126 840 271 39 481 10 566 187 22 545 319 266 929 202 603 793 384 869 615 843 588 514 489 395 206 677 281 757 16 379 10 678 143 210 255 474 702 717 316 142 370 639 46 623 265 758 971 663 564 184 539 927 295 651 175 206 78 591 754 241 12 783 218 576 53 848 925 254 300 577 879 25 256 650 395 49 843 179 554 821 795 602 855 547 501 105 168 584 409 93 997 111 605 256 469 503 45 929 913 590 566 570 302 441 768 545 50 674 96 482 940 863 484 925 595 20 585 190 204 71 637 257 958 748 284 691 195 307 948 72 883 457 217 844 252 855 704 722 88 498 961 747 586 468 949 149 757 250 506 352 471 133
323 258 414 995 668 383 672 744 374 855 595 556 537 104 31 810 197 353 302 571 527 220 996 885 449 117 455 595 389 355 74 946 443 8 246 336 723 921 724 381 498 193 643 870 108 347 695 696 223 237 812 247 282 369 705 758 238 377 824 489 431 267 930 196 203 508 937 20 153 869 916 165 772 450 618 517 661 293 350 725 182 182 758 982 104 11 716 735 921 378 544 268 502 911 443 598 468 569 619 176 780 293 313 927 101 70 815 661 428 234 680 740 597 165 39 863 255 363 125 257 737 359 240 347 890 328 850 451 704 457 975 816 921 605 745 427 84 13 764 890 768 276 327 482 114 69 720 9 132 279 517 11 42 190 413 573 967 924 994 975 609 851 44 674 869 878 906 120 401 46 542 836 890 914 62 36 969 114 115 973 951 728 376 233 627 832 421 511 129 339 115 246 522 495 203 346 488 608 677 86 330 226 662 331 61 374 754 899 407 807 142 990 295 74 648 125 408 585 220 984 81 791 37 826 282 605 73 180 274 11 999 208 240 993 763 828 352 426 912 31 403 619 538 45 565 40 265 101 140 563 89 169 799 787 374 312 500 382 52 727 152 407 208 736 371 279 158 247 856 540 397 695 174 815 883 560 457 350 294 462 202 654 881 870 350 45 658 214 881 471 297 29 64 533 533 10 920 968 409 603 808 346 697 374 262 220 368 278 481 320 981 755 646 915 472 525 984 332 686 714 155 324 717 739 464 741 676 173 760 260 149 601 273 808 488 736 526 67 62 598 962 25 402 266 837 483 99 718 304 164 145 570 827 578 607 229 256 699 767 933 67 988 840 685 634 577 906 583 666 811 380 514 427 687 988 645 365 873 174 736 872 430 68 655 132 386 91 304 248 676 634 161 976 797 130 997 467 607 96 15 869 789 804 346 577 594 922 66 969 165 117 375 298 345 67 475 159 298 594 244 455 782 962 352 749 289 821 295 21 634 104 342 830 915 358 685 705 874 452 55 345 974 437 549 447 190 34 887 29 194 543 742 174 901 87 793 761 601 901 979 353 914 88 451 805 276 677 899 630 899 754 254 604 940 722 480 27 216 492 731 194 602 659 174 757 576 812 899 731 651 141 658 958 796 421 923 699 568 736 827
42 431 121 529 485 185 281 713 681 423 779 388 861 3 994 342 658 960 74 157 15 295 690 684 154 161 573 828 964 676 195 186 886 680 402 71 122 911 135 390 930 300 901 684 724 12 840 521 91 555 380 530 229 677 905 842 170 825 538 63 332 19 141 95 736 943 913 185 533 289 514 25 15 696 592 145 251 638 360 919 410 992 791 304 850 291 997 885 99 453 680 185 996 242 42 374 705 192 213 952 733 263 794 809 662 710 925 780 127 683 204 601 247 813 650 801 486 294 752 653 997 182 566 324 98 41 37 495 863 790 540 875 348 625 776 578 357 809 416 929 65 713 581 841 694 703 806 596 310 826 135 14 624 17 804 413 950 102 473 192 673 86 730 313 2 850 615 267 962 603 631 463 389 353 436 161 776 564 481 660 11 328 933 183 687 96 254 872 402 260 121 418 600 744 64 345 637 835 443 883 644 702 476 912 758 351 341 179 131 648 351 352 983 977 733 366 293 659 826 808 581 916 466 154 486 453 633 511 520 624 538 735 297 681 29 153 601 272 890 614 954 830 155 645 851 536 564 27 242 400 867 311 714 545 642 584 976 231 706 458 858 464 77 650 932 183 49 713 607 696 683 20 210 155 65 753 318 693 646 941 108 71 7 288 786 188 578 40 993 905 571 734 189 550 293 404 411 194 876 624 518 946 632 938 266 580 556 80 20 732 651 430 498 18 621 542 245 290 353 920 1 533 342 215 132 27 16 258 533 567 269 400 872 415 196 864 650 103 300 202 806 458 823 688 973 606 434 423 654 541 624 611 358 982 500 608 549 257 596 82 748 273 911 983 718 19 758 684 51 250 788 206 968 606 470 919 368 919 955 648 639 847 186 341 827 274 545 686 378 123 860 687 472 675 107 548 530 797 311 417 282 158 939 619 354 550 842 335 776 123 714 436 339 373 272 481 985 967 60 537 938 862 327 669 413 173 780 670 527 484 682 344 228 218 953 835 936 328 568 980 389 850 668 758 188 594 161 86 917 874 481 462 111 166 657 639 987 387 323 151 905 571 693 768 715 361 60 725 464 937 834 949 704 300 171 367 952 116 26 146 565 958 226 515 390 351 26 424 758 134 877 558 570 540 161 931 583 563 647 578
353 43 407 761 594 352 88 3 445 902 195 54 369 895 784 996 856 321 443 22 496 411 24 762 442 969 776 886 510 998 104 954 163 512 826 53 496 720 446 211 278 700 943 630 521 358 686 917 96 134 858 969 433 136 479 394 231 389 374 78 686 819 743 510 124 30 426 827 563 7 999 281 121 713 211 566 264 186 529 577 797 411 502 952 17 353 1 931 649 703 702 63 539 78 814 638 148 685 944 476 298 495 743 342 557 277 906 67 857 454 353 342 992 240 435 535 981 1 387 988 865 284 950 517 337 465 98 443 732 562 739 632 857 750 250 0 511 113 372 902 188 605 735 3 67 550 744 725 462 348 834 234 364 30 673 66 905 229 175 198 540 172 212 450 763 526 408 809 159 501 593 193 998 536 316 701 890 663 552 234 168 463 681 531 626 915 753 920 655 506 669 185 775 628 757 656 835 942 660 391 877 720 915 808 409 523 134 447 884 492 828 318 284 428 408 136 494 215 650 944 276 246 555 937 185 795 468 619 777 687 751 1 132 93 413 849 975 447 887 662 881 939 464 366 139 364 425 489 656 264 595 767 263 794 593 757 330 461 1 968 387 31 917 707 191 151 409 664 590 442 86 670 666 290 10 620 597 396 39 628 745 128 702 484 62 144 632 353 76 921 149 315 341 291 561 365 423 150 30 923 268 762 620 629 660 69 264 457 961 734 344 429 451 313 9 712 533 120 454 318 153 425 385 253 613 523 914 416 20 66 939 726 72 882 479 287 843 102 232 931 67 848 153 955 510 675 547 876 22 157 457 549 290 32 884 414 558 894 541 192 30 299 383 85 335 28 92 822 284 708 32 196 226 745 623 852 270 747 92 691 337 929 495 492 335 16 924 893 281 952 613 983 747 836 423 544 468 525 212 283 38 481 875 700 907 315 948 743 907 238 737 509 43 364 268 841 928 903 67 430 210 527 122 552 900 306 849 483 377 537 224 621 55 385 963 319 602 427 659 746 546 660 37 654 269 250 554 94 963 147 878 794 731 225 788 545 694 38 239 508 315 859 615 237 0 341 103 322 501 321 178 995 719 99 709 756 517 185 613 861 70 101 352 893 212 985 318 599 923 974 174 53 748 187 31 585 342 18 380 176
679 448 569 571 241 501 476 180 589 149 937 991 598 421 338 897 431 66 666 621 319 204 687 528 776 164 515 433 379 660 691 857 552 250 139 661 932 449 800 157 800 328 980 270 556 317 824 842 564 754 918 596 491 105 60 682 238 799 685 283 916 479 495 884 601 476 689 327 5 842 966 203 382 788 575 511 407 551 892 751 70 997 826 68 107 867 577 776 351 278 119 384 56 677 511 386 474 370 620 627 40 910 992 579 732 794 823 894 774 127 404 199 476 912 594 239 21 312 75 31 859 510 982 396 209 528 852 860 978 377 539 75 709 202 766 45 962 679 912 208 755 548 876 374 842 464 916 369 784 555 653 86 844 942 886 618 608 53 484 607 489 670 900 666 414 502 467 876 132 134 707 600 967 802 188 225 958 934 278 734 935 721 739 239 451 577 349 649 737 104 831 325 821 60 42 144 71 330 647 229 831 498 996 461 760 73 887 185 42 833 617 950 465 383 836 950 743 386 853 536 272 916 10 56 24 835 320 299 459 253 60 790 803 59 688 661 659 710 726 24 921 176 711 639 13 591 528 986 720 278 968 591 451 51 259 387 258 716 942 365 800 646 795 948 100 11 861 906 842 528 709 816 190 672 188 973 521 596 92 924 137 326 887 378 618 205 740 353 475 640 398 942 798 491 741 341 13 377 24 605 873 3 669 421 237 699 272 728 162 959 61 864 84 504 148 752 283 542 898 166 971 202 70 845 24 199 213 109 970 487 939 681 808 168 893 372 116 677 644 488 265 820 564 558 558 790 659 400 684 119 502 412 950 697 387 725 118 985 521 893 819 502 520 289 873 972 543 691 433 926 305 132 524 925 446 836 450 736 586 938 977 471 19 467 969 283 995 80 978 980 469 107 699 845 200 393 674 778 33 715 19 171 923 106 576 93 762 261 119 945 588 834 297 711 447 455 653 483 138 846 300 82 908 259 245 264 474 860 313 109 853 460 818 114 259 953 278 912 719 353 893 501 264 267 968 952 890 397 407 771 299 173 969 342 872 998 904 620 831 225 336 40 420 310 570 538 66 90 413 785 33 852 324 26 891 894 440 759 41 489 946 545 130 536 621 830 706 110 87 88 191 853 667 102 144 507 6 154 327 632
604 1 825 107 838 45 368 908 848 739 79 406 144 813 210 894 840 398 436 309 975 109 899 567 888 221 630 353 90 513 590 864 502 732 252 875 483 421 0 988 124 0 95 480 712 540 786 590 412 893 263 889 176 137 761 482 886 518 740 451 929 394 48 493 527 377 960 408 505 537 980 896 76 31 764 864 269 965 928 127 211 940 520 306 336 261 964 189 107 6 785 975 653 276 645 284 480 392 397 269 866 229 143 22 727 132 383 696 928 285 873 695 579 378 52 691 757 474 68 702 319 223 380 597 319 574 671 540 288 288 987 259 703 331 257 867 427 355 998 908 387 633 816 134 799 957 311 595 24 858 81 335 938 498 926 207 823 476 414 901 502 901 748 384 2 80 621 322 476 338 894 880 620 310 520 453 352 301 816 219 158 177 810 143 558 896 660 508 123 766 838 110 175 517 518 765 986 877 167 524 306 847 255 885 204 349 379 162 457 731 56 327 850 799 11 983 684 331 825 549 842 980 829 614 385 339 911 455 245 481 192 645 484 327 538 155 781 61 65 149 539 18 626 573 928 960 831 371 22 925 268 781 802 321 291 506 366 964 270 368 533 514 29 222 435 440 691 144 676 944 948 650 299 383 452 181 911 552 757 762 246 344 662 420 762 397 57 465 830 876 751 196 692 42 855 885 181 584 379 488 546 196 713 210 295 696 701 198 92 758 898 820 424 600 926 327 5 580 643 376 767 711 77 557 860 767 389 59 329 131 382 438 86 617 812 987 394 576 143 371 635 263 151 911 93 21 455 318 203 628 520 301 122 943 425 986 901 913 802 546 117 984 799 602 738 974 735 206 185 929 927 250 399 610 825 984 510 701 178 17 361 731 951 296 408 636 908 837 238 656 647 28 540 489 802 424 65 885 62 517 873 214 381 591 680 75 734 738 693 57 646 954 660 262 983 813 844 976 902 97 722 739 726 439 20 227 15 498 480 466 334 999 961 658 524 379 551 911 848 283 756 72 171 785 292 539 780 841 984 464 78 432 86 102 715 863 619 539 522 48 451 814 208 395 233 398 674 17 54 449 523 387 505 494 692 167 133 450 555 694 33 929 949 693 526 458 752 244 717 868 854 697 609 673 507 224 807 657 67 679
762 754 181 3 34 621 197 49 245 387 954 416 980 545 962 557 542 169 695 135 184 923 308 730 537 99 380 713 521 833 185 349 838 865 834 78 835 152 64 674 355 384 685 932 90 284 359 739 297 239 126 280 170 126 9 778 602 768 136 398 693 711 152 897 557 214 42 921 944 921 798 852 268 837 25 657 33 531 493 867 161 750 429 381 723 340 857 101 320 5 131 437 762 383 436 118 459 110 323 539 181 372 563 620 485 566 623 697 959 278 284 748 65 174 89 209 990 808 969 88 972 35 480 919 81 115 809 685 681 287 524 196 132 481 150 645 261 23 442 530 130 936 167 673 36 238 577 459 462 918 206 25 950 47 719 877 222 703 882 530 842 962 450 264 748 331 0 437 523 768 356 151 953 327 159 295 354 268 272 162 37 883 646 73 911 217 65 117 570 335 7 153 90 754 36 580 349 440 408 238 239 425 113 679 898 646 177 172 142 553 655 290 844 587 937 200 646 651 396 548 280 148 239 718 577 38 607 513 402 103 259 851 207 463 555 869 293 95 944 286 652 464 547 963 732 15 444 703 296 639 566 208 430 916 113 371 89 249 690 462 116 244 640 366 933 345 439 181 959 19 660 861 871 717 845 632 711 502 258 811 427 938 421 151 614 365 469 541 442 756 868 145 457 29 439 203 331 773 281 741 131 714 714 922 140 405 627 770 717 357 707 902 354 256 546 29 660 932 700 170 635 538 490 205 585 112 612 773 271 17 872 425 625 940 289 755 373 802 690 964 60 502 183 661 560 765 249 790 966 954 736 232 290 249 389 481 498 197 966 401 608 73 225 663 194 339 31 191 515 57 736 24 538 674 788 688 831 994 357 919 65 915 375 71 554 498 749 678 822 505 621 231 687 699 911 120 810 127 168 129 958 271 146 379 833 217 553 691 853 283 758 187 48 61 262 416 685 719 742 415 770 359 89 562 951 893 876 454 270 295 703 803 452 792 479 265 957 455 674 839 659 695 3 570 438 270 436 719 113 686 563 744 944 672 737 346 970 170 78 898 980 353 619 739 517 754 502 821 699 22 491 225 87 540 858 535 670 359 349 158 49 203 1 168 180 227 784 666 999 660 528 216 122 959 902 507 466 749 333 199
967 536 321 125 569 903 15 577 630 460 838 237 87 122 627 713 399 9 841 320 379 69 428 467 540 512 256 749 753 39 319 386 461 951 367 553 932 801 508 751 576 102 456 951 778 375 170 272 996 335 774 489 541 847 820 354 613 534 543 454 675 877 935 268 879 108 459 160 758 799 268 747 603 231 190 200 930 721 982 50 637 671 144 654 30 20 926 667 602 214 180 920 56 175 203 327 3 939 568 971 760 681 547 20 170 540 616 634 591 157 555 952 342 586 664 54 100 719 662 479 938 908 351 400 301 960 916 220 243 9 33 653 993 810 971 591 427 662 306 29 604 163 422 555 553 251 368 334 303 467 462 367 541 612 31 870 335 746 836 784 265 360 531 176 794 708 606 654 642 970 354 190 736 245 14 420 414 895 961 29 175 502 11 649 526 848 258 103 582 126 553 632 90 95 702 290 715 768 427 636 848 823 437 435 281 713 939 192 507 898 837 509 760 230 280 325 99 84 58 26 776 469 290 116 493 241 280 44 740 439 213 36 200 518 790 695 731 925 457 412 511 559 214 403 594 446 437 215 715 28 419 785 366 246 972 138 551 296 920 862 36 357 117 102 596 743 281 977 303 428 543 578 593 250 641 216 378 376 139 789 253 985 652 448 450 120 715 861 948 38 744 502 513 109 942 468 62 462 223 20 400 63 243 297 902 370 942 818 278 889 137 748 36 428 148 233 540 660 387 922 443 659 327 885 467 5 109 644 679 922 105 601 807 880 15 601 993 373 539 871 228 777 81 67 19 88 62 18 597 633 34 183 340 672 84 160 363 851 673 465 872 7 513 928 807 944 203 726 327 593 722 925 647 963 86 34 46 11 999 91 435 231 825 410 269 20 591 938 17 416 416 883 373 670 686 584 604 945 748 64 819 538 11 741 970 153 198 301 704 202 438 196 852 323 4 917 535 246 98 602 813 190 913 87 651 140 347 455 728 183 30 911 96 24 215 808 956 322 810 813 985 644 494 970 771 78 796 598 630 669 310 435 641 733 497 835 377 670 459 970 260 310 433 515 527 457 417 415 424 280 756 805 697 310 768 284 345 710 795 817 892 593 440 380 364 267 954 141 362 802 85 416 269 246 497 855 550 202 818 780
277 943 854 152 30 406 999 309 815 452 560 380 595 976 214 756 809 276 321 137 232 387 798 525 128 364 933 597 137 443 491 812 585 366 488 611 919 30 759 931 668 295 151 412 678 872 82 521 453 409 50 125 265 234 756 496 782 41 361 950 187 630 506 747 88 89 195 5 503 894 556 750 404 688 443 314 61 729 90 464 428 108 784 832 366 47 515 124 548 180 170 913 417 393 91 206 653 869 606 24 852 720 733 187 944 640 549 864 605 549 871 494 894 633 41 531 930 963 715 184 171 695 214 189 854 441 855 614 162 99 622 246 670 550 241 352 905 21 167 612 45 957 257 844 369 844 140 721 146 904 875 116 133 617 252 659 135 534 633 571 866 579 758 796 590 293 19 834 311 398 6 950 270 884 89 874 188 5 28 56 755 580 754 820 765 875 148 408 553 733 898 883 138 134 377 731 829 341 566 7 453 737 632 960 110 972 382 719 85 676 11 437 40 179 709 599 646 209 952 573 117 163 247 475 870 548 288 140 147 471 234 880 994 513 766 802 933 322 168 440 348 942 113 626 491 602 565 13 380 133 355 994 642 143 633 995 124 260 354 73 991 37 71 871 999 130 552 723 54 902 415 278 78 17 23 72 554 982 146 640 119 586 367 378 305 546 429 597 918 505 790 145 585 646 172 369 225 371 560 970 253 63 516 996 560 954 615 593 831 667 471 445 41 373 347 660 403 479 277 98 727 989 662 820 347 553 441 584 3 511 879 866 169 763 525 744 883 801 134 519 366 761 974 286 582 202 711 79 69 314 28 660 296 596 149 927 327 369 580 56 637 860 430 520 934 756 41 158 555 414 584 148 125 476 121 513 68 731 370 498 895 252 33 729 204 719 205 139 67 492 289 685 846 533 764 251 829 19 69 816 316 17 916 21 624 520 741 81 920 935 304 312 903 424 576 527 983 818 894 645 192 441 819 576 557 240 482 95 32 859 377 817 874 938 217 197 82 954 57 917 585 265 418 786 757 960 952 672 164 320 378 448 844 160 360 642 338 988 209 351 301 386 675 125 702 776 635 567 891 876 924 676 666 234 784 850 318 874 38 533 16 246 301 192 725 174 875 456 552 183 370 728 621 219 942 404 451 792 618 628
216 823 442 995 697 550 621 419 678 637 223 500 515 487 938 679 358 631 2 157 206 752 89 851 869 283 644 180 818 213 872 835 735 966 286 453 3 163 251 262 300 576 482 592 968 489 568 313 497 795 946 279 606 711 170 299 347 719 818 494 292 763 730 771 806 551 983 74 28 508 280 269 785 561 339 443 790 928 528 247 677 979 168 517 660 744 357 384 303 834 434 716 236 495 977 679 972 397 417 682 948 932 146 79 38 417 767 914 44 0 845 252 564 757 278 333 62 701 987 793 502 611 443 657 405 923 470 316 908 116 930 879 299 652 563 337 575 254 141 603 90 25 499 833 506 782 467 487 42 105 733 444 384 571 254 303 857 56 96 745 167 733 644 912 632 716 415 196 993 86 694 914 177 316 966 555 736 250 267 397 591 273 220 738 625 37 711 501 449 713 612 488 793 813 371 422 824 294 568 393 128 305 61 997 550 596 66 845 686 396 742 107 53 311 149 546 673 164 35 574 646 222 571 298 305 227 870 900 468 836 66 139 58 83 689 867 794 323 220 609 416 315 589 316 736 592 499 67 261 580 60 613 414 111 197 350 44 78 190 458 559 363 798 668 705 274 29 474 682 633 442 904 253 597 125 390 876 189 54 757 848 41 907 294 595 125 62 564 958 525 120 309 915 527 269 556 30 539 953 716 929 983 760 402 177 189 135 837 313 804 984 679 222 662 436 340 658 825 479 8 554 935 664 426 639 885 105 71 655 656 247 627 490 569 140 790 694 484 321 647 42 628 944 309 900 663 49 344 970 630 57 275 420 10 686 885 314 770 691 445 28 248 942 644 215 76 541 397 765 30 552 319 360 948 437 328 562 782 935 585 782 250 563 767 653 362 35 252 631 448 635 442 538 224 714 138 655 424 958 925 570 288 633 485 544 105 870 943 296 925 937 266 72 101 929 787 879 85 982 89 828 461 68 915 350 671 659 349 235 871 567 431 340 2 196 987 504 979 94 654 264 817 268 853 406 466 620 326 597 37 670 185 648 185 694 516 690 650 91 478 582 275 995 888 338 882 814 743 735 315 377 782 170 197 582 732 480 455 936 432 283 532 740 358 443 722 208 934 462 286 893 369 673 610 364 353 67 75 641 713
173 54 165 383 98 973 494 606 466 814 772 100 283 703 312 627 721 869 835 672 963 977 531 607 367 668 998 433 741 559 392 121 920 341 288 636 774 746 258 619 829 421 288 567 554 352 731 358 506 715 72 684 809 88 153 149 268 807 59 25 952 665 647 316 722 783 252 514 758 293 644 512 218 401 909 674 975 533 892 740 600 347 848 307 729 883 786 690 843 227 523 397 958 697 218 487 303 749 412 890 201 166 205 937 798 539 319 80 328 381 979 320 812 718 963 643 650 172 36 50 349 720 186 343 981 753 274 824 422 163 534 196 562 319 299 13 99 730 881 609 255 884 179 283 152 456 997 554 720 541 287 604 333 338 69 797 478 699 873 863 954 905 387 11 7 837 971 784 729 466 191 117 428 896 173 11 577 539 624 174 106 813 857 1 451 827 184 300 604 202 316 827 9 747 717 970 856 851 991 735 593 609 371 228 125 954 479 959 500 382 916 313 172 435 96 129 416 832 625 717 300 756 151 238 859 135 828 275 330 550 992 81 600 304 966 901 658 735 729 691 455 241 6 430 137 502 929 161 590 563 820 499 377 219 880 316 735 914 765 696 229 502 590 1 441 63 268 740 957 136 307 161 912 167 421 948 703 115 701 670 54 669 8 939 256 893 662 777 479 368 960 826 160 755 921 839 941 99 435 201 423 34 80 686 460 187 356 696 923 636 476 377 656 135 246 929 66 910 973 643 475 191 96 208 148 556 99 637 597 373 580 218 227 481 322 252 668 933 123 910 257 546 814 390 719 475 387 982 336 454 283 407 905 398 357 778 789 83 112 711 299 782 488 255 259 267 742 133 897 77 48 390 4 724 955 189 242 681 404 489 421 214 637 149 252 821 30 629 188 474 202 663 821 513 513 193 6 957 537 414 297 521 916 758 220 524 238 122 979 624 653 87 257 298 812 61 539 664 585 436 559 422 335 875 273 259 28 948 795 487 613 983 866 601 335 887 253 89 819 879 550 477 565 787 388 476 333 630 781 372 874 976 329 750 948 853 385 44 62 836 523 356 311 484 957 318 512 259 764 645 709 287 721 369 960 348 476 155 376 780 105 301 999 263 835 588 26 767 657 875 48 705 334 598 538 699 90 687 322 713
291 564 197 66 78 383 700 308 138 321 55 938 874 96 410 213 595 769 947 514 469 409 639 652 929 987 752 321 149 976 34 706 126 1 212 297 307 198 198 245 7 590 863 594 33 656 948 690 260 203 173 63 107 411 895 669 242 513 392 46 320 39 577 208 587 616 8 90 250 565 603 15 74 68 972 943 514 208 215 567 912 778 963 416 765 131 722 639 651 558 485 837 518 468 788 136 108 65 55 2 230 356 664 692 988 864 213 809 765 832 958 632 578 383 93 134 121 251 100 153 489 503 969 239 257 771 487 776 452 40 525 676 467 789 723 508 471 100 135 636 302 156 444 931 576 435 181 815 803 28 581 428 725 609 880 972 815 149 714 870 179 269 290 684 668 212 945 841 792 258 662 786 817 454 664 106 790 536 530 59 240 101 314 496 149 74 383 229 809 714 741 438 7 841 520 355 608 105 982 233 235 285 577 359 721 361 702 970 345 478 244 941 43 409 535 717 247 742 280 204 402 315 428 730 803 302 217 800 858 756 577 833 155 17 422 714 426 199 733 404 270 769 844 558 273 692 823 851 363 607 13 911 503 524 157 68 416 207 283 441 887 527 138 589 939 677 254 267 23 211 284 62 365 840 237 163 748 587 106 120 588 707 313 520 628 94 90 364 218 724 556 571 524 61 360 36 119 846 670 721 947 328 410 432 215 682 553 805 947 929 478 165 538 225 513 749 911 482 771 377 740 404 59 952 314 533 408 18 306 903 871 184 537 281 815 488 317 569 922 983 923 552 395 327 956 156 300 880 120 600 217 230 661 137 437 149 991 331 451 410 131 940 624 667 772 197 426 550 563 738 797 817 305 485 296 685 455 113 655 213 91 609 359 693 384 292 52 828 202 370 121 160 49 489 383 636 812 133 685 254 287 665 467 697 47 303 185 175 298 71 757 347 681 388 82 796 452 61 196 157 158 599 65 65 288 800 269 34 548 69 614 697 830 632 913 106 664 979 960 239 40 226 408 482 694 419 359 164 755 515 570 242 422 21 535 718 961 517 8 525 234 205 924 127 159 767 990 5 812 324 462 213 185 540 622 930 351 388 237 848 215 417 695 996 937 121 828 589 99 362 421 383 285 196 677 780 606 311 752 809
152 163 231 788 221 41 837 589 419 371 694 548 421 407 393 658 771 590 742 440 266 185 309 586 535 636 844 466 415 382 692 608 456 679 486 7 328 316 715 444 34 744 779 248 450 862 945 422 456 194 876 985 906 110 668 409 855 29 354 496 425 258 515 668 649 681 146 938 282 240 308 377 712 517 190 676 98 758 711 629 101 857 233 331 698 505 33 857 328 352 368 246 653 324 476 827 443 652 716 997 447 766 850 785 382 606 804 26 991 632 92 316 760 528 476 28 924 19 309 417 105 958 314 556 375 386 403 699 878 229 192 844 539 631 626 768 623 205 575 640 448 268 99 704 810 194 307 580 16 554 341 205 367 232 310 518 905 344 415 560 527 976 882 467 675 511 219 117 926 499 700 784 245 417 377 24 732 51 871 536 771 779 130 420 175 589 266 971 24 728 155 846 20 788 891 699 516 302 49 197 912 16 808 270 976 449 933 979 927 933 559 539 35 246 356 385 512 243 867 540 478 798 319 173 914 491 786 106 844 788 836 155 130 882 306 931 587 465 800 847 104 523 930 859 447 242 873 141 605 530 190 533 966 144 253 452 813 500 204 733 542 793 168 912 838 402 419 132 906 107 313 438 733 118 268 99 631 875 379 607 952 344 552 145 1 333 753 228 837 976 877 143 336 990 139 126 500 195 810 381 808 39 12 897 669 676 54 766 725 335 468 435 754 595 850 351 808 928 47 732 853 461 673 78 705 53 321 671 945 821 680 332 689 423 300 795 23 810 200 406 842 244 788 906 595 331 740 912 43 972 615 543 831 818 609 455 640 903 546 742 148 444 53 16 329 92 23 828 526 712 27 719 561 715 768 517 831 133 517 721 970 519 770 691 339 591 488 692 746 905 6 135 580 115 578 657 500 699 762 271 667 53 288 24 912 620 597 881 388 112 129 793 265 956 827 880 332 594 153 606 876 36 949 304 915 871 773 121 105 725 43 359 154 561 507 907 264 961 989 528 70 322 96 327 127 759 406 188 179 431 313 600 812 666 399 474 680 2 308 934 863 133 342 466 376 84 415 541 431 624 475 528 791 606 266 957 370 209 77 594 676 306 712 912 657 330 45 329 733 789 752 653 427 686 621 399 947 988 229 234
18 15 817 703 637 233 368 854 803 913 461 472 513 391 426 773 526 832 109 320 158 814 154 343 686 153 612 185 203 380 182 921 785 727 702 871 928 111 883 921 525 281 491 55 486 62 691 574 333 21 525 21 292 655 600 283 931 653 795 660 593 646 861 922 841 214 258 234 605 794 165 970 580 372 984 434 983 323 51 674 566 478 726 280 114 413 7 74 621 490 796 371 379 903 572 949 166 52 238 414 546 398 362 371 6 947 892 635 311 390 539 128 515 651 224 791 532 307 483 910 745 958 103 919 106 152 198 130 571 841 948 545 233 631 209 417 442 175 423 968 899 34 728 360 688 553 815 204 603 295 721 583 897 216 685 653 206 298 93 781 247 587 48 444 106 231 863 243 511 892 245 349 492 625 483 833 563 744 466 591 493 431 625 56 983 55 468 389 637 833 373 380 659 732 284 570 462 179 685 840 934 159 963 283 977 801 206 801 110 94 160 604 714 560 435 349 997 388 91 662 489 908 221 349 340 651 631 617 721 388 266 208 586 755 234 271 442 121 373 409 520 343 529 618 265 320 681 965 399 100 474 619 836 632 562 177 293 493 752 419 658 652 396 113 79 936 810 331 864 49 146 626 798 65 694 198 126 551 472 85 397 702 874 770 374 389 165 524 483 588 5 470 434 341 13 988 327 468 113 505 98 552 57 400 683 82 914 935 555 905 61 491 422 964 211 193 17 235 245 392 229 351 624 474 141 703 227 569 70 369 199 751 705 215 46 249 739 348 326 1 737 470 747 587 980 272 858 949 229 441 781 496 341 17 986 799 430 953 739 132 157 857 918 526 982 944 350 848 641 844 197 902 920 295 45 343 871 17 746 831 335 162 665 812 853 518 53 138 706 757 207 439 593 334 625 594 606 25 69 422 999 518 95 488 274 190 74 640 205 661 787 81 204 806 164 194 791 189 886 398 78 552 190 549 593 731 5 571 422 311 773 851 12 508 595 467 865 466 762 104 488 736 998 817 137 838 135 213 734 724 938 578 437 916 299 45 792 471 773 946 279 673 60 359 306 127 858 397 618 337 120 927 944 916 249 719 42 617 407 811 358 771 784 739 684 162 948 165 361 748 830 337 793 109 743 449 208 729 793 678
626 342 655 833 643 475 579 448 195 703 170 786 258 190 1 227 803 842 748 10 736 262 582 406 688 175 399 378 176 404 681 950 185 189 28 922 828 826 309 564 298 503 959 739 490 902 216 416 439 609 256 108 543 831 220 464 102 380 230 80 894 144 472 563 789 148 364 373 607 994 993 991 722 853 657 267 976 757 802 409 192 488 347 114 26 108 769 484 641 170 839 493 864 992 919 147 289 677 407 44 208 582 284 363 969 366 990 782 84 689 570 990 662 618 284 171 787 695 319 349 736 604 117 655 846 898 578 769 844 52 644 734 555 817 620 281 694 996 413 361 245 19 55 284 52 985 75 338 542 48 974 6 498 790 841 119 497 106 673 105 434 329 872 639 514 850 11 901 307 781 460 46 305 195 726 164 245 857 74 380 904 646 224 961 91 711 107 120 101 107 476 260 381 490 220 63 134 338 174 451 693 703 356 839 442 175 393 639 517 720 634 703 886 143 651 413 794 471 229 840 80 976 406 631 63 598 443 541 116 412 613 655 221 732 24 664 235 819 895 13 180 8 309 97 592 398 261 628 292 906 632 924 12 39 635 984 463 661 103 152 745 675 838 608 884 976 532 290 116 252 87 179 534 261 294 684 268 587 597 497 567 478 845 342 582 223 688 404 34 801 138 31 962 290 290 686 444 18 649 502 9 364 64 747 962 714 586 912 387 254 547 871 460 871 973 813 374 296 916 973 673 292 442 79 843 346 132 264 686 868 630 5 615 260 146 105 943 364 841 167 631 985 970 793 130 965 767 109 231 585 191 681 58 468 938 509 723 876 120 300 878 307 105 526 248 202 910 247 369 393 61 708 114 267 244 826 169 746 750 874 30 750 90 800 66 296 134 665 568 726 62 824 908 635 375 855 797 317 279 618 255 197 300 536 743 541 530 700 287 108 384 835 9 887 680 849 295 27 801 97 513 788 658 940 493 248 438 434 822 332 392 205 684 633 381 604 247 958 618 475 238 286 608 116 516 455 833 25 907 21 538 342 642 253 675 456 264 846 178 407 133 266 241 533 559 981 448 857 520 363 947 619 151 629 638 255 502 43 113 269 944 423 49 480 124 773 38 806 589 698 186 194 368 99 776 48 745 294 389 482
383 420 438 712 783 276 8 157 450 749 232 877 824 572 47 709 758 352 985 466 946 420 222 818 368 127 871 989 617 896 363 91 992 325 227 117 26 656 443 397 179 194 909 352 229 549 184 156 80 325 674 453 274 169 195 852 168 163 559 55 423 246 336 594 820 824 320 276 112 323 512 521 671 332 899 757 80 230 484 295 196 55 260 56 125 665 768 925 219 492 618 288 895 607 484 832 787 156 790 437 976 661 434 567 486 684 797 366 799 329 424 468 244 262 25 147 53 809 745 703 295 276 821 683 666 239 577 600 202 61 795 909 961 274 261 500 820 660 251 159 589 631 30 254 783 795 986 219 19 427 266 704 821 437 140 81 783 866 305 193 869 422 841 438 447 446 972 275 961 584 81 409 605 656 10 919 953 36 213 501 623 258 209 737 283 939 51 502 539 673 411 469 329 921 8 489 6 10 60 242 610 598 859 398 563 770 522 227 654 416 819 75 16 639 303 871 683 38 191 674 13 150 544 49 973 669 26 680 237 316 61 985 464 515 140 459 228 857 906 371 593 9 467 294 351 117 567 279 880 69 79 53 623 74 598 448 953 928 678 458 832 16 341 165 890 266 680 514 175 706 965 515 859 299 337 181 601 736 344 310 666 259 835 373 706 491 806 835 219 402 829 816 547 335 891 613 370 405 167 425 993 819 296 828 989 522 8 517 511 350 300 544 165 456 456 130 865 773 657 664 523 160 436 626 707 428 817 371 926 655 51 674 636 584 781 210 702 38 472 92 265 432 629 685 737 940 3 495 883 401 978 341 439 687 160 354 888 749 156 95 268 207 768 773 810 232 770 98 568 65 912 31 680 629 49 977 248 650 910 114 583 38 792 340 554 897 731 891 12 124 179 294 42 842 997 86 338 318 983 847 377 105 800 362 932 879 755 249 826 865 90 121 543 855 624 898 655 356 129 556 819 458 380 176 305 689 781 45 562 830 822 483 767 233 70 849 8 490 763 775 551 978 32 622 831 314 383 981 360 601 633 971 395 761 649 150 990 189 892 47 251 330 821 523 601 848 870 594 413 42 196 376 281 521 674 485 219 406 270 19 595 317 736 69 619 853 141 667 431 231 99 87 863 76 960 910 684 68 930 161
519 136 129 474 590 413 359 516 315 653 222 53 249 904 443 124 907 711 31 223 415 737 153 716 526 570 524 525 358 212 306 917 383 580 846 898 886 585 253 726 920 37 166 928 563 824 462 347 481 412 127 329 824 605 201 999 750 642 0 30 609 715 569 867 691 442 198 910 353 907 695 934 13 883 745 872 502 476 378 173 236 903 113 495 24 355 953 535 654 58 501 956 256 850 311 636 25 733 297 156 529 794 844 784 191 12 742 213 643 655 333 916 182 240 684 59 562 306 166 857 526 199 951 614 345 940 680 27 5 11 194 6 817 645 641 181 753 143 909 914 211 414 857 790 696 824 8 55 597 150 46 871 40 627 34 825 130 814 442 740 324 697 296 530 259 559 842 518 989 854 373 665 388 130 636 15 723 455 626 462 372 764 906 87 784 646 702 743 84 836 215 802 705 584 611 499 339 545 552 265 905 815 383 160 719 925 198 682 235 208 618 993 631 76 215 967 856 479 634 709 135 231 529 58 375 161 65 417 894 498 83 879 18 852 605 512 179 212 723 753 482 384 201 615 835 616 563 924 895 152 85 844 12 538 471 759 168 0 241 904 861 815 978 571 531 728 757 977 343 699 57 140 154 844 993 142 720 14 556 251 871 360 75 473 499 766 428 225 856 847 415 196 808 221 150 932 172 774 875 839 42 491 368 875 158 203 681 230 721 476 750 679 766 601 310 164 448 774 351 518 661 187 835 236 629 559 759 718 203 905 737 152 958 183 953 13 296 22 885 426 864 875 2 911 733 643 365 63 343 219 761 574 943 795 325 21 445 629 849 697 386 478 254 548 624 53 790 387 343 195 379 484 759 526 174 259 87 184 741 927 662 908 255 553 853 750 927 381 679 643 109 166 977 750 600 78 634 483 58 868 556 906 530 12 935 992 880 204 667 6 145 114 481 91 34 965 924 396 972 728 877 389 617 880 45 702 461 278 680 987 994 371 645 109 717 441 601 961 441 194 771 403 956 409 498 983 251 580 82 434 556 496 776 447 207 128 557 176 215 372 820 365 283 815 99 721 730 666 930 512 174 768 416 43 546 102 152 484 515 311 328 653 398 306 264 248 162 986 836 245 633 176 393 449 438 702 73 685 517 529
612 710 12 73 247 794 648 397 389 595 427 31 190 552 745 887 840 904 240 824 11 201 456 231 495 681 997 723 797 606 934 826 652 375 319 800 238 87 271 235 729 978 829 409 335 862 514 84 926 244 235 521 770 672 743 282 973 842 272 743 195 310 834 524 426 581 861 148 710 879 784 856 543 494 702 142 577 988 745 388 295 882 998 263 161 311 836 795 537 66 16 388 218 83 171 633 641 968 791 656 813 840 77 642 563 780 604 690 627 636 170 841 554 392 271 272 332 667 268 222 641 802 379 907 218 873 205 583 46 15 456 795 157 391 218 303 839 944 561 416 383 661 181 270 521 682 406 246 616 527 449 59 941 611 820 747 165 239 554 777 584 780 121 218 434 875 240 896 593 340 446 854 523 166 551 561 953 546 787 136 459 861 691 29 191 194 406 127 49 338 145 114 265 826 922 280 925 163 568 885 208 873 525 647 59 169 565 561 620 918 916 835 831 685 866 275 567 884 885 769 945 14 471 427 840 262 239 971 255 119 825 492 117 453 326 141 311 844 439 921 437 358 877 602 354 766 62 327 922 783 536 801 260 903 387 244 420 415 631 2 857 505 753 836 197 220 946 475 885 324 628 103 823 545 470 136 182 982 336 821 680 251 95 472 988 935 500 979 701 51 375 97 366 35 38 16 727 728 82 569 925 265 201 817 449 483 252 488 377 155 310 28 719 567 861 491 669 232 68 851 140 799 330 694 416 441 813 892 216 936 383 93 972 853 433 18 47 1 390 496 309 136 345 40 663 537 374 636 137 528 278 303 668 680 255 562 43 19 453 581 343 848 941 200 594 202 697 293 836 757 503 379 287 125 959 979 433 575 609 239 755 77 714 217 716 202 198 391 383 578 53 185 698 625 410 120 111 43 424 391 956 398 557 544 726 0 16 453 112 889 735 392 219 322 279 614 855 391 184 570 850 386 908 518 587 973 94 176 407 846 117 115 8 751 412 653 691 553 240 117 85 804 831 946 370 392 593 60 179 525 10 192 349 628 438 951 91 91 22 833 359 315 566 796 138 708 520 362 72 898 418 229 966 790 620 114 284 831 167 160 365 990 583 256 961 795 375 634 972 644 561 459 153 341 874 907 998 457 761 718
951 780 932 689 877 714 368 946 565 887 661 959 213 115 751 246 750 997 375 680 892 770 140 307 515 646 636 146 640 499 523 348 291 922 9 30 714 480 328 975 382 646 401 332 133 654 317 322 66 268 343 739 712 62 260 943 373 786 511 249 28 690 903 291 635 35 40 892 862 282 802 874 344 709 496 557 609 696 253 239 555 620 453 321 32 193 320 188 646 962 947 572 256 733 302 255 30 324 602 560 62 85 819 246 379 898 602 921 490 596 61 560 601 944 429 149 736 603 575 881 972 984 589 626 29 600 577 790 166 805 485 31 811 287 811 143 929 576 479 467 367 66 570 113 126 274 778 591 946 877 874 554 703 583 266 661 497 307 203 106 269 574 368 535 370 990 249 282 755 304 875 23 481 85 243 987 662 895 712 0 9 866 655 335 92 820 410 594 648 482 246 862 225 790 111 882 365 598 88 639 907 630 619 151 915 780 544 200 406 872 182 670 16 177 985 70 989 275 379 730 908 175 567 263 913 154 234 349 387 460 661 472 933 963 736 810 409 402 378 591 640 800 320 562 41 243 39 751 327 611 312 628 846 404 456 58 557 430 598 285 222 370 582 887 11 271 404 860 812 565 833 322 894 493 569 836 363 71 428 549 122 872 17 392 528 771 569 669 534 71 479 782 247 666 562 287 983 698 509 57 730 819 5 209 202 922 381 785 637 426 657 616 556 260 616 7 37 606 811 282 40 602 484 276 169 979 808 943 414 173 653 754 503 935 115 969 124 726 494 403 439 54 56 126 226 167 305 829 139 400 577 920 59 326 291 822 201 778 262 734 917 332 344 545 956 135 416 59 402 63 776 951 392 401 599 669 172 528 121 922 420 75 850 828 136 943 590 735 135 737 314 806 425 108 953 587 627 201 537 445 925 5 175 619 716 840 140 965 814 818 616 463 663 76 929 829 698 589 483 667 694 109 202 506 376 968 339 205 563 331 238 786 298 522 258 366 537 635 167 30 37 66 615 665 771 877 397 904 234 115 985 424 67 68 496 55 694 522 514 332 467 715 97 932 888 803 507 325 312 610 356 838 912 529 62 500 806 988 254 852 71 635 679 16 111 723 374 818 187 862 433 823 612 681 434 351 990 880 309 656
709 253 458 85 254 943 683 862 631 243 373 563 246 269 749 817 314 574 438 658 701 508 129 159 473 175 106 159 802 119 329 705 371 954 615 30 718 137 146 475 906 115 570 135 68 168 925 886 206 94 717 646 285 184 140 120 77 425 355 288 438 730 133 444 581 157 83 115 363 950 625 512 355 446 967 214 647 738 883 508 957 278 36 913 993 817 719 954 230 122 972 574 111 798 792 873 877 913 794 819 589 295 659 17 972 723 731 12 252 175 625 368 674 97 809 810 149 435 515 763 727 123 786 997 653 872 993 271 997 401 904 26 406 8 89 992 687 982 198 989 262 70 932 188 70 189 774 592 351 681 709 607 541 892 375 723 706 144 634 493 720 599 383 716 239 680 181 552 35 783 67 436 167 110 226 286 245 484 366 877 122 170 766 648 232 36 953 225 950 884 323 743 360 29 48 155 18 837 468 467 872 707 945 200 419 669 784 264 850 233 194 964 324 458 291 439 579 924 124 144 805 209 308 15 653 928 129 678 307 950 781 23 883 397 789 382 1 629 331 509 873 693 653 485 756 84 686 954 904 552 819 989 339 806 422 452 512 778 239 602 830 382 223 683 412 825 695 246 692 848 239 467 517 352 124 55 883 482 428 986 955 874 473 810 649 636 906 463 33 253 329 21 524 943 736 468 407 219 866 750 256 220 947 980 789 890 472 287 803 967 746 349 953 799 752 813 851 890 560 20 902 753 888 254 10 390 957 946 212 12 551 612 672 186 80 105 12 983 846 441 601 654 922 555 871 894 826 92 241 395 62 642 745 805 778 57 167 179 494 445 831 526 701 688 354 35 640 645 957 702 388 721 935 593 923 311 458 134 274 419 903 639 355 103 913 947 477 125 971 865 70 230 761 93 736 631 548 43 645 387 398 932 504 467 932 550 53 701 912 927 656 331 648 333 988 654 180 914 302 864 596 768 388 539 582 955 400 471 480 183 722 298 502 865 375 214 530 658 379 701 135 498 623 237 785 71 10 306 990 854 69 797 938 370 804 774 462 277 162 338 125 143 445 469 200 160 140 627 89 896 619 622 767 140 93 612 37 580 666 977 878 738 420 739 894 283 762 388 680 622 337 181 122 171 93 884 345 897 711 438
16 145 357 957 456 908 532 482 711 607 951 169 966 387 220 894 962 689 999 230 800 888 512 91 990 816 842 922 989 695 731 341 927 261 63 256 240 197 242 583 401 748 355 213 787 839 154 662 545 17 23 526 439 286 308 757 409 920 842 148 341 483 553 877 863 36 207 87 581 443 658 831 4 712 163 420 23 212 10 547 128 316 387 421 271 874 235 778 470 399 348 96 584 105 824 751 508 69 105 743 887 531 396 417 489 989 290 576 96 662 596 308 148 373 759 271 206 738 37 20 96 793 994 27 593 901 558 875 403 687 193 44 108 586 616 815 450 913 883 168 612 182 239 679 50 259 864 951 118 776 981 876 955 559 248 407 898 278 907 730 962 520 881 123 246 182 438 248 339 255 189 916 889 406 175 209 170 793 866 550 862 6 398 60 997 598 703 334 828 841 694 614 6 858 455 678 125 414 122 379 538 804 616 501 858 262 141 390 942 849 195 867 467 737 296 332 973 301 512 152 750 941 878 623 624 560 608 618 701 751 38 617 472 469 128 189 959 401 529 280 630 323 297 944 359 713 921 554 409 311 466 46 337 224 49 837 890 456 529 370 923 985 876 423 113 553 99 888 235 546 677 938 362 727 162 563 61 936 333 77 362 55 925 307 67 714 674 822 405 186 353 47 353 112 794 92 672 425 279 698 569 191 83 41 812 623 789 754 88 671 485 968 619 901 486 815 634 685 511 122 206 300 408 578 397 307 355 764 975 870 721 923 234 858 891 180 875 96 801 466 313 686 738 43 314 380 953 0 277 97 834 752 484 838 638 261 522 549 146 727 855 53 822 446 876 196 736 255 417 128 470 342 811 286 304 182 339 514 162 246 783 225 656 699 158 84 503 841 997 885 360 756 791 368 944 869 611 64 41 907 228 475 762 776 334 461 434 280 119 228 934 357 793 630 509 764 90 163 63 703 276 279 657 61 839 81 640 226 584 971 887 537 660 146 543 181 376 19 703 130 144 684 572 496 713 828 859 980 707 715 507 612 256 258 729 434 568 408 277 733 958 849 352 827 333 984 186 244 745 784 785 109 67 436 187 371 445 343 620 615 781 167 654 396 987 27 844 608 379 160 666 679 529 600 388 596 68 806 271 431
467 908 836 125 528 452 269 0 838 945 54 799 281 91 57 686 449 112 29 276 800 118 806 665 423 271 179 160 375 862 586 783 668 482 54 171 234 268 990 58 591 45 676 313 93 375 502 953 245 577 925 657 74 963 471 192 60 800 169 232 229 147 57 829 214 139 639 79 381 926 55 219 634 995 981 6 952 26 499 905 282 556 203 100 964 658 547 36 995 126 232 985 642 68 463 342 116 104 481 382 258 12 853 551 971 479 891 198 513 169 315 336 145 775 365 601 326 631 971 70 736 851 550 437 88 681 712 783 137 571 890 615 607 794 95 73 537 280 468 255 356 794 165 137 899 997 933 247 159 449 437 530 2 485 955 786 649 546 578 984 562 465 696 667 339 378 58 917 364 41 875 808 873 896 485 565 719 418 993 545 860 114 113 232 752 23 521 255 41 46 448 319 470 41 763 494 418 524 595 98 741 683 931 393 223 894 609 293 201 744 795 519 822 795 943 612 346 255 631 922 235 629 66 138 897 47 569 449 510 12 917 74 889 172 724 217 383 46 817 758 744 626 415 10 235 943 501 847 843 268 303 265 818 440 666 319 71 262 735 896 721 883 286 187 197 858 398 154 675 48 252 398 916 73 209 665 787 891 34 219 790 119 225 203 755 708 519 788 172 962 358 113 118 36 591 346 645 516 13 45 462 588 676 133 520 181 548 34 400 684 439 796 161 581 859 95 242 667 974 275 392 918 9 952 855 0 80 339 266 76 628 389 325 275 79 109 694 564 859 972 31 306 803 786 757 873 716 414 776 592 65 971 951 907 571 966 698 7 406 929 296 364 74 616 198 42 823 357 930 304 604 588 395 617 977 270 31 838 386 548 420 515 996 817 921 870 161 467 781 952 53 452 873 885 552 452 5 304 601 627 100 598 37 185 56 258 626 645 242 759 935 329 677 162 183 528 590 49 199 523 599 178 300 46 38 397 629 956 12 192 400 573 367 192 799 836 889 929 231 488 762 31 638 129 227 104 858 103 737 606 693 513 858 790 314 199 746 734 572 743 921 780 846 470 409 523 887 18 947 527 510 234 132 431 448 226 974 80 303 361 789 402 995 339 668 967 249 151 272 700 604 26 414 313 624 74 595 711 21 356
988 184 693 313 269 760 501 540 237 774 989 834 839 766 951 516 418 864 707 824 158 831 715 461 90 343 230 826 121 739 338 632 417 534 916 896 122 505 576 856 340 247 667 832 150 945 366 344 279 12 482 423 741 533 357 654 932 61 609 313 633 957 193 468 818 20 509 460 148 807 233 767 156 309 380 302 615 826 323 994 221 284 140 616 954 349 684 959 122 352 506 161 692 895 239 50 2 166 364 469 602 460 193 314 917 656 707 987 588 363 160 273 178 21 997 74 786 510 354 169 406 586 928 182 771 179 191 218 57 616 734 251 798 291 321 249 178 627 398 852 708 335 563 346 931 926 485 134 578 857 551 461 583 708 541 621 77 411 574 220 70 140 645 142 747 488 729 168 294 155 907 404 360 219 729 144 916 153 425 377 711 142 133 153 675 775 960 683 713 875 890 564 515 855 282 930 901 335 319 152 687 298 223 98 979 210 453 427 628 254 80 847 738 900 726 88 657 502 454 773 578 567 718 471 897 31 655 755 253 197 486 94 601 20 837 525 373 640 699 46 116 21 37 484 815 865 896 513 568 27 224 537 130 888 403 182 983 931 762 798 56 247 160 907 342 564 331 862 523 688 368 197 308 232 988 713 838 677 287 669 275 112 328 653 133 51 846 61 337 744 481 948 488 210 431 307 40 965 451 923 905 492 565 795 739 940 957 508 637 517 842 379 701 837 130 919 88 978 557 742 777 753 384 86 207 935 159 763 45 882 660 805 408 125 691 553 536 831 981 811 463 575 229 638 155 393 105 785 379 779 94 822 959 680 780 538 487 479 807 326 165 399 292 551 219 542 538 145 994 766 86 708 142 418 385 36 193 192 828 341 224 440 618 811 516 498 392 463 469 43 643 103 75 301 249 812 375 274 41 800 513 267 73 657 695 819 282 96 372 195 212 133 874 136 803 351 75 477 91 884 355 394 828 440 907 266 770 69 222 846 711 159 207 914 684 967 76 707 319 257 608 472 562 238 28 836 23 419 362 575 113 375 350 998 969 579 879 470 615 558 15 661 198 527 500 544 333 677 969 855 696 871 455 356 549 826 699 959 27 33 928 8 831 722 236 974 15 110 429 816 403 562 735 694 647 241 707 995 928 736
433 261 499 889 567 689 582 345 872 273 207 893 973 481 467 547 600 90 294 909 326 469 873 973 306 837 82 922 634 573 451 754 667 94 953 331 323 116 345 357 988 600 329 994 648 988 564 524 114 252 211 708 604 293 361 88 502 906 209 187 245 312 222 566 872 268 418 820 396 245 219 40 967 771 482 102 5 194 384 719 110 14 493 856 656 183 729 272 953 143 570 887 956 784 104 32 91 907 204 250 179 189 85 548 319 799 460 592 497 773 302 389 68 561 164 898 561 20 139 39 322 609 853 608 338 174 22 959 128 11 390 122 500 18 910 385 694 633 315 326 309 749 690 549 456 927 382 299 29 595 545 569 103 213 898 788 313 423 95 308 329 848 42 726 534 668 140 428 368 265 9 634 811 603 948 763 224 7 30 220 407 376 304 507 930 790 537 548 496 651 205 143 883 842 14 970 739 261 179 312 303 128 287 894 612 980 912 407 286 317 167 332 368 80 662 866 343 760 747 3 24 292 397 112 944 931 770 506 687 891 76 767 550 830 857 77 605 609 409 686 126 223 604 517 691 268 979 437 251 771 590 209 182 534 633 311 673 961 161 78 950 248 508 31 458 465 690 698 854 817 408 692 764 793 886 872 320 370 941 598 890 529 442 709 69 822 952 151 690 689 843 220 441 153 605 945 482 148 357 428 6 947 354 27 635 782 240 500 602 574 320 524 335 727 639 673 570 317 684 890 397 438 46 313 992 245 385 458 758 25 321 55 760 826 619 267 211 293 218 244 575 698 704 619 712 173 290 505 708 996 410 350 254 199 909 549 585 840 916 327 945 574 21 994 868 261 608 656 268 210 617 497 450 20 23 784 655 678 520 872 483 811 217 645 461 977 274 575 384 92 765 516 225 577 595 735 529 398 382 744 531 458 99 562 169 574 93 457 168 507 474 321 429 309 759 981 602 579 222 141 348 92 638 412 75 259 705 986 671 905 12 586 276 394 228 599 178 242 18 104 902 17 523 138 30 755 870 137 242 42 240 434 974 248 731 707 121 554 355 256 437 713 743 82 51 168 280 248 972 333 732 698 741 494 331 114 131 233 370 18 992 407 726 140 286 798 83 685 114 846 504 16 691 10 444 802 432 186 845 458
775 279 819 83 612 325 208 432 405 399 245 589 510 651 51 230 819 648 94 495 760 515 123 646 325 676 243 101 578 941 905 480 118 533 519 661 178 961 229 421 954 778 894 409 195 467 161 936 371 436 128 796 550 551 951 203 83 100 643 728 52 255 737 917 769 528 949 681 952 345 961 860 824 414 984 128 721 869 41 319 789 314 216 658 285 793 220 766 446 761 14 730 734 693 828 438 716 478 370 818 938 387 622 99 495 240 853 46 2 263 701 811 705 187 730 252 717 662 776 125 942 413 537 258 951 357 115 103 119 423 395 946 82 707 608 602 718 701 924 515 24 282 601 661 496 153 568 628 878 450 631 12 468 685 743 508 292 444 264 465 393 677 797 25 548 518 401 799 711 342 970 544 942 642 216 528 599 948 831 23 777 894 182 887 641 722 320 832 92 430 663 309 444 701 601 246 688 71 425 111 551 735 799 737 668 965 79 866 420 291 561 477 846 266 954 319 521 70 338 440 933 527 300 207 181 441 696 142 69 655 536 39 745 663 235 469 7 320 675 318 30 644 616 830 510 935 737 112 402 913 78 763 325 222 880 85 449 610 520 468 559 749 211 866 30 413 705 911 865 611 151 950 919 39 746 916 179 425 679 974 276 894 11 764 564 46 288 382 413 718 456 500 54 637 434 293 555 547 345 770 295 773 908 598 465 583 522 521 411 170 242 959 76 125 141 716 615 316 573 986 316 343 560 972 39 466 85 664 381 491 734 193 72 519 696 899 994 726 620 449 785 154 131 861 446 381 153 708 717 646 310 29 273 577 145 706 58 410 329 44 881 299 888 602 479 425 530 769 179 897 152 765 753 11 379 661 875 348 631 202 646 273 263 22 674 872 659 136 280 131 207 845 415 211 226 798 806 691 564 606 1 489 150 742 990 49 580 271 932 5 195 303 64 23 674 441 805 792 712 996 435 206 59 488 833 856 976 26 204 983 962 539 334 398 495 590 555 296 164 797 126 815 338 781 921 321 487 746 233 698 199 836 19 245 112 956 797 471 482 56 579 146 738 745 73 867 253 464 397 960 993 705 345 564 562 94 964 471 404 51 87 809 15 702 800 119 901 521 26 242 141 186 489 405 704 21 297 981 854 574
395 782 680 449 316 374 176 785 813 661 189 713 957 677 404 736 188 910 229 538 321 508 585 374 150 567 356 851 684 760 627 13 7 225 262 916 45 761 785 704 851 680 376 379 925 744 409 73 115 759 807 39 186 627 351 699 656 93 619 822 685 777 0 540 776 519 500 294 504 789 381 167 398 229 11 706 568 863 853 101 997 873 289 906 343 496 42 782 246 102 817 344 994 745 376 897 940 676 646 177 382 551 279 396 276 923 356 281 647 949 617 773 527 879 809 184 386 452 414 382 431 13 644 314 671 728 581 516 643 256 187 79 612 866 738 210 380 943 182 611 90 791 809 186 145 260 694 625 31 355 883 174 593 541 45 915 576 230 104 766 327 465 487 84 504 620 716 554 126 742 796 721 210 874 269 742 533 511 618 454 868 434 345 263 560 392 758 189 552 400 493 84 330 276 904 663 739 810 40 91 233 484 822 35 744 849 711 955 47 385 694 318 235 706 769 982 429 734 484 539 678 488 876 263 647 823 362 231 507 145 89 537 358 105 136 32 907 285 440 380 399 912 670 174 768 694 101 85 782 382 600 515 492 835 603 490 216 307 759 561 190 722 19 834 208 397 277 921 532 691 74 865 870 506 897 43 866 286 986 141 268 789 322 507 540 35 103 521 827 278 736 638 852 71 669 144 248 317 470 203 457 128 9 237 247 273 969 611 801 48 227 915 759 155 157 730 723 4 726 510 301 167 95 384 127 624 697 864 705 913 510 944 518 372 22 415 196 693 206 315 380 24 229 428 906 808 360 835 627 207 530 784 890 607 990 467 401 817 61 204 73 439 624 424 997 602 138 834 471 701 458 394 43 241 272 432 146 854 996 204 270 363 711 931 85 878 887 643 855 630 256 85 504 151 260 286 951 86 656 604 243 912 4 868 811 628 461 564 728 970 602 592 992 613 374 618 895 529 115 747 706 455 831 420 834 318 806 285 394 769 309 840 163 862 623 837 919 380 650 768 587 567 468 533 287 318 290 558 184 862 527 18 273 613 57 163 524 150 251 168 808 706 138 838 341 273 315 670 243 323 837 409 63 397 268 953 524 116 706 800 107 598 947 931 94 638 329 916 308 839 953 898 940 886 298 279 564 650 272 747
107 241 342 555 625 736 184 263 30 948 272 778 841 830 414 458 327 329 669 852 606 783 16 511 204 91 340 572 403 897 939 813 456 478 639 504 750 720 453 13 570 897 463 123 904 834 166 506 710 478 753 358 785 568 459 174 890 100 581 57 53 595 62 661 863 287 860 598 682 163 137 270 174 924 404 835 621 678 429 386 611 51 358 187 596 750 433 310 174 596 180 34 164 862 15 538 534 265 557 16 816 844 711 485 414 422 300 301 211 3 486 241 673 944 56 255 341 419 521 126 137 282 240 690 84 272 208 309 626 471 255 486 596 816 513 55 844 754 539 689 439 300 164 843 315 340 528 765 681 492 605 849 160 579 694 983 698 325 599 22 97 766 745 493 109 722 641 998 537 875 607 73 106 790 982 813 932 553 526 181 50 101 570 418 14 986 843 763 821 422 817 16 110 307 767 318 614 715 520 241 792 902 963 929 162 994 961 121 663 913 65 131 572 331 386 72 288 666 554 211 904 880 272 977 267 955 453 519 27 389 188 626 240 725 44 485 742 30 588 918 98 12 127 396 348 966 853 463 881 537 592 683 434 287 41 620 628 94 77 670 654 752 43 479 116 519 880 832 844 612 670 96 455 191 16 861 420 863 726 29 338 67 713 556 882 783 677 771 0 879 935 148 759 498 758 390 340 445 700 563 830 946 450 569 628 85 922 126 772 263 261 984 705 779 801 573 276 89 743 32 467 331 84 554 468 502 521 164 724 275 760 387 272 844 804 262 570 922 998 237 470 65 400 696 15 940 657 875 543 703 998 775 939 941 33 888 781 819 616 203 470 862 149 141 166 616 386 220 897 294 755 60 529 617 851 559 397 185 282 830 427 37 150 70 104 307 735 912 136 586 579 204 717 552 158 690 60 420 581 707 424 519 676 516 243 744 57 20 449 941 143 905 891 274 549 364 934 517 102 650 994 14 909 441 151 986 723 800 879 52 729 30 9 419 237 691 607 248 556 3 882 395 71 391 784 47 315 388 339 220 776 855 1 269 744 396 495 792 948 98 11 139 703 298 638 176 320 895 18 244 794 802 933 110 708 319 222 813 729 946 542 507 516 154 299 822 269 509 245 529 878 300 278 663 126 853 543 736 401 184
341 365 910 260 483 834 480 595 652 511 273 171 903 531 529 900 253 572 859 736 474 843 54 261 758 448 586 76 436 851 413 867 751 394 120 881 818 814 631 14 359 612 409 326 528 529 185 444 932 952 223 834 173 835 53 508 807 815 601 408 120 429 811 823 97 978 907 591 180 285 593 681 902 152 498 237 449 757 116 822 167 763 278 620 961 312 975 695 926 255 99 768 16 840 496 459 674 321 740 663 332 64 273 809 429 666 128 80 206 860 434 27 40 739 364 510 154 759 707 782 769 431 862 937 290 851 817 720 53 214 162 965 817 212 884 286 825 408 675 815 510 866 64 385 566 846 409 691 999 996 233 885 914 180 643 446 429 446 978 402 451 124 460 573 938 883 913 993 958 25 791 583 397 917 960 768 275 609 408 625 732 104 894 904 405 108 739 436 75 903 358 363 30 619 932 214 89 211 655 419 944 90 833 737 618 980 976 792 847 695 639 602 962 160 382 219 817 299 286 111 214 892 192 131 529 759 362 705 523 352 74 927 11 967 672 206 9 944 245 36 732 259 174 383 57 634 191 602 422 183 135 144 88 746 17 600 641 252 840 939 183 644 324 206 490 118 920 283 923 848 543 799 573 302 613 642 837 190 189 954 7 44 724 395 679 97 704 632 297 720 737 473 838 837 351 826 510 104 647 182 770 457 842 359 406 90 116 485 224 990 19 896 644 622 626 209 350 397 835 134 675 827 500 888 201 820 388 189 433 787 387 551 586 181 579 246 11 595 573 935 633 691 912 132 424 388 334 251 73 186 751 313 54 949 831 637 453 210 108 352 89 798 988 614 490 977 900 784 395 714 763 258 732 573 532 516 931 329 367 381 703 333 862 750 198 166 999 284 714 8 411 155 636 444 534 180 769 491 245 800 136 606 29 502 661 83 665 947 545 524 89 230 198 365 21 183 851 494 672 486 172 175 729 265 271 835 607 13 814 5 780 375 505 543 227 546 98 181 718 535 86 168 921 691 837 157 831 484 767 880 440 9 195 918 748 766 264 204 630 48 630 715 560 594 982 786 603 508 520 304 187 13 684 181 474 464 114 158 343 177 377 151 804 9 175 740 364 67 162 543 621 118 712 851 85 645 217 150 747 78
319 264 349 88 623 798 990 129 945 29 943 793 485 718 518 786 944 323 101 348 127 937 32 434 442 90 277 128 216 564 579 775 209 500 341 857 506 422 122 643 983 95 707 358 962 289 225 829 155 138 610 444 994 276 162 425 46 26 58 169 514 867 438 971 572 422 944 702 914 539 670 544 814 137 26 494 662 944 133 556 359 234 956 468 368 463 188 6 881 935 427 337 696 850 318 621 346 242 457 657 596 81 674 196 962 569 797 302 622 927 782 693 86 100 478 413 649 275 204 444 128 437 968 154 216 509 873 471 405 128 253 485 167 441 828 475 225 160 533 270 463 137 380 505 813 235 16 895 161 251 999 808 208 510 621 269 486 454 58 591 933 967 169 951 902 161 284 321 530 681 659 1 167 129 448 488 759 779 127 202 843 145 827 347 820 902 674 474 521 129 751 61 606 995 897 771 935 387 666 570 327 414 744 86 293 535 346 812 939 884 408 135 975 250 764 238 713 798 714 121 644 470 799 283 609 958 178 381 470 560 850 174 499 959 846 81 484 843 143 964 180 900 875 247 118 155 412 532 386 28 724 619 994 799 845 11 886 416 483 524 674 596 982 518 612 67 794 569 120 180 993 827 116 468 668 870 570 859 273 608 125 184 452 891 404 735 292 11 750 89 15 85 244 568 467 828 930 455 149 876 283 979 180 974 166 266 715 326 357 926 389 973 23 890 459 497 469 943 615 464 96 804 79 787 886 511 807 386 646 711 262 709 713 239 867 484 372 500 1 975 651 98 117 902 317 939 949 889 573 673 730 581 257 842 669 561 386 531 847 812 334 649 446 109 314 89 47 507 509 116 908 630 453 815 539 965 917 852 105 556 458 190 536 530 698 372 408 1 233 113 502 424 111 892 697 510 745 74 24 650 600 0 522 943 644 218 795 960 628 970 214 255 636 619 334 121 532 997 562 69 304 575 166 806 993 646 591 872 242 829 658 47 706 474 837 769 605 333 59 340 726 669 793 548 371 936 283 559 742 90 845 524 790 682 11 309 236 22 537 966 70 979 187 976 103 280 723 402 114 133 321 933 370 650 988 497 101 11 532 261 667 240 442 227 591 58 371 897 357 599 630 235 671 452 83 106 429 529 984 295
794 549 329 835 682 34 711 686 483 18 302 901 928 913 212 868 408 950 103 639 183 893 262 686 246 155 115 289 150 343 794 127 815 868 155 256 336 962 154 455 854 745 297 826 626 662 446 941 779 588 779 414 673 875 310 87 855 274 70 66 752 85 545 268 362 298 632 110 66 378 220 367 822 5 399 424 11 697 461 448 388 922 643 594 681 821 564 692 840 313 347 465 492 33 195 85 925 960 994 72 824 645 459 575 371 138 93 416 820 302 109 300 441 960 266 972 646 291 613 838 421 500 659 297 184 761 550 816 211 202 161 55 626 684 459 166 758 704 874 88 774 88 1 668 773 215 770 29 437 201 246 511 515 203 565 42 140 531 386 935 877 173 264 77 676 413 644 642 234 273 729 96 401 331 267 111 745 319 324 321 606 859 594 400 792 117 838 924 111 191 316 651 408 912 308 790 468 978 462 86 37 368 938 12 82 752 152 241 229 197 139 525 686 416 323 302 758 799 633 980 321 499 860 871 145 354 9 12 142 333 253 632 209 51 372 43 282 874 462 980 979 837 941 428 178 84 315 576 913 753 836 723 363 224 217 962 621 990 837 455 547 723 126 403 805 477 627 33 978 14 961 576 934 8 53 817 448 660 148 444 222 62 264 276 691 27 951 964 485 304 877 695 691 963 654 362 858 835 367 505 168 830 102 908 981 869 453 788 104 459 294 9 244 243 469 173 293 910 96 421 781 989 308 594 176 449 154 553 431 637 428 863 887 914 142 665 849 715 134 853 494 701 280 935 318 270 636 199 491 447 789 338 914 906 433 168 688 648 509 204 973 372 734 441 215 160 966 747 675 710 324 586 358 686 53 533 294 321 431 379 324 811 200 604 529 662 244 450 188 504 216 589 73 742 404 133 179 864 18 927 314 168 638 933 392 65 598 144 934 344 179 152 335 729 2 255 109 200 603 671 586 302 854 711 486 300 595 468 814 942 327 793 544 502 406 513 617 702 447 596 537 928 895 179 228 161 156 212 450 280 174 60 907 154 386 717 592 16 412 752 167 307 93 61 945 384 80 651 445 353 239 848 928 551 98 625 502 951 590 837 516 395 360 665 609 429 890 403 859 559 654 696 473 579 435 689 291 874 394 508
85 54 79 645 701 885 645 967 145 705 745 108 857 307 198 368 974 432 208 216 986 517 25 480 46 75 485 314 448 952 782 673 617 877 600 925 511 567 463 316 111 424 234 140 395 760 318 795 80 300 688 366 119 339 184 944 65 902 918 34 462 938 297 337 531 709 165 120 183 32 42 419 131 668 135 515 490 116 875 901 75 949 6 823 162 126 6 845 282 700 851 864 54 208 128 982 942 687 265 454 65 236 799 262 438 303 186 139 916 107 776 226 174 574 111 508 98 610 647 63 122 113 833 50 888 724 282 998 51 815 981 468 404 194 32 317 279 410 163 953 575 632 134 584 332 537 16 753 697 575 876 886 397 826 467 513 747 269 497 579 429 747 94 325 681 502 468 934 331 534 864 48 865 261 953 472 671 78 738 23 733 778 574 453 430 656 185 714 390 95 853 476 200 760 223 543 447 984 993 827 430 744 577 849 530 592 781 395 937 452 117 909 521 680 37 377 559 377 440 205 965 657 305 961 503 238 75 339 288 320 999 240 561 165 147 268 924 873 527 760 585 607 295 799 166 639 13 724 72 181 945 298 96 212 643 561 562 14 906 510 7 318 90 86 992 986 789 945 429 29 19 803 366 629 401 332 841 142 204 413 403 444 145 802 311 600 982 945 56 407 618 928 400 494 94 380 757 598 393 141 968 357 928 127 478 836 82 293 486 182 911 556 855 814 163 856 579 278 813 747 116 857 488 615 358 64 898 764 606 753 737 47 550 757 471 165 968 531 251 552 380 372 204 656 214 953 408 703 276 659 888 675 242 218 995 264 421 932 861 131 628 763 536 321 90 709 467 843 767 948 336 301 48 270 962 48 399 718 806 979 566 624 951 728 276 296 418 731 478 657 774 645 98 812 903 566 12 226 68 884 236 913 880 356 876 617 207 899 389 630 394 345 687 691 345 431 3 409 194 244 123 660 147 915 973 322 856 184 654 560 345 648 100 949 335 481 974 823 762 826 935 573 90 519 225 444 623 631 442 203 738 656 3 648 672 997 219 226 166 438 283 59 277 405 469 535 357 317 86 905 930 854 332 953 597 584 417 982 468 36 489 954 945 739 779 997 511 578 794 417 872 140 629 911 56 769 116 843 979 94
488 824 123 520 885 244 397 460 63 363 817 241 566 824 572 862 336 142 388 135 967 977 480 416 955 844 515 367 815 987 905 470 749 813 243 493 659 871 211 740 80 926 764 484 230 155 725 666 156 568 708 378 990 158 865 745 377 239 323 202 212 954 27 939 998 481 102 300 215 998 805 574 469 878 715 418 938 91 411 658 273 392 661 710 7 727 912 280 232 203 870 955 82 887 671 705 837 71 586 603 785 530 761 7 508 371 781 879 967 266 963 778 910 376 73 583 52 64 384 882 792 848 767 666 33 324 85 915 260 942 774 993 972 972 703 120 314 889 309 106 773 91 177 939 172 366 758 155 17 460 558 417 195 125 650 123 62 913 653 508 862 809 680 848 764 261 644 780 675 344 427 743 517 873 763 116 464 993 764 888 622 704 561 689 249 632 446 101 135 922 210 827 578 436 784 366 628 22 375 983 338 543 344 210 494 578 498 706 67 760 168 675 119 331 227 590 82 405 678 496 364 363 821 855 709 759 969 93 299 832 541 439 1 313 12 523 329 679 512 264 782 593 734 443 658 276 968 763 990 959 799 950 344 507 97 6 99 903 121 542 758 484 616 891 734 105 126 539 63 137 552 65 286 60 249 952 722 233 25 880 332 161 486 20 906 826 875 770 354 482 397 691 164 456 783 443 324 759 344 86 975 340 463 129 963 121 750 284 713 25 829 551 293 528 471 975 231 319 62 699 996 352 556 41 999 832 886 659 752 665 284 432 698 405 759 756 647 94 591 203 908 830 829 586 996 281 508 286 69 55 469 786 389 485 569 797 567 457 824 984 489 985 438 453 525 260 147 87 422 391 820 282 104 633 656 94 701 860 613 388 837 344 701 240 862 279 339 909 35 173 713 873 71 113 971 123 364 79 971 763 538 446 411 662 69 148 733 267 509 229 382 571 225 719 378 299 879 122 397 829 566 488 355 395 733 409 440 719 192 730 793 814 471 423 967 74 202 874 795 794 94 79 770 369 890 662 824 519 807 259 808 337 27 434 498 438 510 576 377 452 493 41 62 144 969 492 128 406 617 124 808 234 75 455 77 956 525 989 380 728 240 960 268 279 325 567 349 625 291 749 517 288 494 690 208 145 636 358 73 433
742 61 467 967 1 197 878 369 791 707 569 457 506 650 632 645 873 861 929 635 219 925 257 892 40 999 843 529 502 314 1 526 842 38 378 383 980 5 490 565 623 309 951 818 907 118 358 32 340 223 262 580 422 217 900 317 552 653 36 70 786 674 349 393 833 78 129 666 67 280 150 620 153 520 327 613 194 250 511 621 78 971 961 78 194 949 416 815 294 909 390 165 511 206 674 182 959 689 386 710 714 663 43 143 1 106 498 911 563 628 482 480 777 353 88 817 119 346 64 949 899 362 418 731 710 758 591 160 508 648 42 989 696 829 59 750 861 967 552 624 53 550 313 409 840 361 530 786 66 201 318 631 706 290 407 638 127 762 175 363 569 383 435 204 82 634 944 468 946 478 151 605 868 590 172 127 69 226 90 963 270 566 7 787 701 564 259 981 74 653 723 455 338 671 453 343 563 563 363 47 169 337 503 804 941 293 98 289 545 720 978 359 413 985 691 668 987 830 605 75 581 324 361 426 11 862 818 313 500 11 719 906 205 764 445 468 457 376 174 953 481 288 606 852 75 751 793 707 332 448 323 339 350 913 496 998 209 612 243 436 715 763 35 393 624 485 911 4 190 125 371 997 124 794 68 15 425 93 959 588 354 955 709 556 973 858 169 282 577 725 560 488 236 3 688 600 619 447 838 395 919 237 136 832 913 673 274 64 747 255 829 317 798 758 835 628 271 909 449 623 313 984 800 802 629 638 159 489 617 63 377 470 66 684 641 36 390 98 320 19 187 564 838 332 105 15 553 460 852 779 406 668 890 98 969 591 194 132 86 573 430 645 868 148 311 123 745 405 330 77 425 29 496 763 925 302 17 227 941 489 539 246 413 880 35 644 488 281 371 921 772 885 458 670 227 437 471 155 808 610 78 112 856 433 125 378 240 599 19 503 423 946 763 265 293 156 531 152 676 745 830 117 686 470 729 693 940 715 421 83 554 35 373 664 513 904 476 11 796 767 134 871 305 488 189 550 772 347 239 694 139 882 321 222 667 176 46 802 523 666 976 926 277 733 409 772 446 532 993 484 135 86 529 658 315 820 844 64 439 330 869 377 405 410 564 279 778 700 933 62 453 928 369 577 6 921 627 174 453 974
823 283 692 937 946 26 295 793 910 50 956 17 452 319 246 951 408 385 184 859 923 725 129 400 829 875 546 269 757 214 842 862 492 950 335 630 145 530 848 998 745 159 811 962 701 1 135 448 362 779 518 203 844 963 557 342 926 787 813 785 257 866 118 162 117 745 999 510 236 434 989 220 129 544 915 917 657 882 208 553 548 642 568 251 170 419 652 249 260 63 462 402 672 681 361 87 224 338 165 994 732 757 685 834 842 817 700 896 833 49 260 205 77 214 965 924 859 868 262 690 380 976 815 103 345 417 436 492 535 360 125 380 447 266 202 196 839 989 6 525 472 334 398 296 865 337 660 969 389 698 942 10 516 900 296 572 937 783 261 109 77 510 464 31 499 540 595 323 549 526 444 577 162 229 603 451 21 660 51 81 185 65 49 515 639 267 266 730 897 997 56 990 920 323 229 663 967 205 789 953 827 550 774 511 814 991 578 860 839 601 965 393 671 36 395 198 535 201 230 429 687 997 337 893 778 319 380 186 236 856 554 463 895 908 33 606 303 462 944 995 36 434 510 455 986 441 59 538 321 840 362 501 415 570 108 439 766 312 82 225 70 396 845 37 660 454 222 406 765 101 759 316 209 674 465 453 52 802 341 914 353 460 390 843 902 830 290 685 141 443 128 652 504 145 121 997 525 118 238 885 485 446 305 357 989 572 979 428 544 699 770 187 991 156 953 895 801 782 299 654 199 80 619 855 16 895 269 846 861 793 228 556 328 533 920 599 923 574 593 792 217 874 859 116 533 203 797 807 929 27 340 809 624 453 531 152 691 431 235 467 857 586 335 982 663 866 625 179 780 214 712 825 533 519 928 531 589 290 544 628 399 462 632 136 818 416 201 413 30 367 723 858 499 540 337 626 60 988 959 358 116 535 106 18 86 386 883 962 899 380 604 569 88 927 691 879 333 951 521 732 816 312 517 768 829 14 731 351 264 45 694 422 218 975 520 258 179 645 393 227 715 429 395 840 643 325 846 365 293 550 933 827 222 69 914 903 800 289 970 790 322 77 501 616 787 927 343 752 209 92 225 981 549 521 170 896 499 805 543 295 685 95 331 986 475 530 651 408 212 408 662 122 557 834 522 89 331 782 639 687
390 176 451 487 180 68 656 502 653 22 332 654 918 843 558 354 742 847 707 440 357 621 648 494 672 743 780 686 936 842 310 545 881 676 642 898 22 95 513 591 706 543 778 965 132 65 506 882 466 803 758 727 614 847 525 89 631 408 544 230 655 745 3 569 649 149 335 732 875 782 89 190 74 269 161 86 456 420 392 829 635 913 491 810 428 242 702 121 390 5 523 500 811 525 433 166 45 785 784 762 480 791 566 603 555 553 900 570 114 21 858 441 654 365 66 306 982 113 934 31 59 152 46 942 332 856 281 212 521 92 655 113 885 140 682 167 129 473 899 424 6 614 804 677 356 285 761 552 925 266 897 667 797 467 371 514 588 711 567 317 637 191 814 429 944 56 60 777 222 547 85 59 417 816 520 956 534 906 510 276 924 816 80 472 920 803 529 470 234 149 700 462 192 737 684 888 670 437 669 133 424 364 534 686 803 741 556 815 350 819 373 918 576 657 790 764 510 441 662 394 316 176 159 327 652 372 677 555 910 850 621 453 152 703 576 126 352 393 672 282 104 269 12 46 5 96 925 359 355 52 796 729 305 864 127 950 275 834 300 719 535 292 239 761 63 600 383 388 642 308 435 777 993 996 152 433 550 125 854 783 875 755 490 898 847 211 982 615 932 897 787 975 128 896 471 586 622 137 937 421 704 175 407 971 697 247 426 167 696 36 887 820 674 249 698 73 66 229 970 413 343 45 314 137 930 157 620 936 552 703 25 621 713 552 939 49 889 534 851 791 612 725 763 22 585 28 289 787 715 768 287 78 267 89 63 581 869 330 433 562 57 183 916 53 981 158 218 836 687 125 76 569 355 416 716 956 170 886 115 454 14 406 922 622 804 302 788 512 464 698 293 636 332 660 599 307 502 524 488 996 415 516 598 522 837 464 26 265 623 618 350 323 811 191 704 389 693 415 586 571 274 805 452 905 658 656 657 394 420 30 651 977 708 348 678 558 428 286 845 366 766 219 995 516 235 35 626 383 862 273 246 213 128 75 35 1 808 264 531 273 226 832 645 766 92 898 133 292 540 705 186 913 218 442 901 162 217 696 223 295 163 428 665 661 983 263 521 717 332 895 189 936 323 657 441 454 664 535 186 156
839 188 59 528 723 69 394 999 295 520 897 44 47 834 307 387 411 26 67 662 385 893 16 356 397 786 944 807 335 841 786 866 877 292 39 91 574 60 704 432 990 222 547 911 300 634 641 324 266 620 51 985 633 603 680 226 423 139 335 830 922 140 532 412 810 616 992 611 106 334 377 64 708 318 52 700 197 57 368 492 607 823 159 485 721 268 440 143 915 780 53 695 795 213 286 344 349 902 766 337 263 302 438 509 968 847 117 207 767 278 737 163 248 107 674 53 986 513 391 443 131 913 891 41 589 143 631 740 737 211 701 754 698 581 464 487 613 169 502 777 183 713 272 949 804 123 293 206 694 268 551 177 288 171 250 58 18 361 547 218 132 515 278 293 305 978 941 411 599 310 979 50 289 821 138 130 256 613 375 103 193 204 659 311 415 641 44 512 898 842 375 18 487 61 889 125 380 817 423 173 592 202 332 751 356 633 784 116 634 68 411 141 422 558 978 399 11 48 567 283 292 321 950 146 34 262 773 872 3 415 825 88 999 947 810 363 671 953 819 319 743 604 651 855 845 33 723 307 185 996 103 644 126 982 67 722 857 361 956 40 965 684 260 833 235 255 395 722 438 990 455 283 301 256 206 264 91 978 563 81 961 787 322 131 14 593 70 352 704 202 490 600 647 57 105 722 540 624 118 657 720 615 370 502 497 776 664 848 294 276 282 550 712 455 126 614 374 649 399 553 416 956 428 543 11 56 497 444 615 867 582 319 825 642 102 749 783 848 940 40 357 119 880 94 159 524 259 574 606 805 923 174 266 749 307 909 299 113 823 84 958 154 421 156 12 840 718 97 226 957 125 357 589 629 208 965 211 331 744 984 892 795 620 997 814 571 383 309 860 998 198 307 985 512 948 800 358 185 828 885 495 207 773 516 416 86 734 497 350 608 498 139 791 664 907 984 55 297 795 605 110 184 586 777 634 829 119 987 388 889 338 559 881 189 553 56 757 990 919 228 27 779 190 605 884 936 561 850 235 557 86 518 88 649 16 378 739 862 260 301 313 561 193 144 768 114 613 429 347 152 268 577 438 666 281 69 545 651 208 669 808 187 897 423 796 766 29 66 184 536 311 14 278 64 197 381 89 777 568 885
282 363 885 317 712 41 223 620 953 384 830 830 947 276 516 41 433 541 27 376 43 772 199 886 807 961 153 860 264 190 326 974 214 483 941 577 295 877 968 986 272 358 607 639 934 63 637 447 597 963 718 592 250 411 555 714 337 286 498 959 590 522 249 359 658 16 382 875 477 708 124 295 292 119 961 360 375 342 925 459 309 194 401 294 279 758 404 945 451 948 935 516 517 227 780 456 644 393 455 115 366 866 580 958 42 30 309 714 457 959 705 200 461 645 252 623 265 207 788 196 131 453 557 86 20 794 106 285 114 635 881 958 616 213 506 820 438 711 561 957 625 360 287 947 503 624 455 759 836 953 252 17 622 788 774 534 245 361 774 134 931 157 97 689 662 350 485 508 477 298 58 490 282 768 596 911 257 932 536 96 803 748 440 387 119 165 291 382 950 473 498 544 75 470 872 33 521 735 542 175 72 639 540 227 529 70 853 298 621 639 992 281 58 189 985 21 477 952 596 229 937 590 335 807 720 111 179 586 720 402 613 777 827 806 355 503 927 285 725 337 847 797 373 551 865 920 839 899 260 521 14 15 670 319 295 341 442 710 231 640 293 372 294 255 232 132 940 938 503 371 565 454 948 703 192 745 370 292 929 203 507 509 253 80 955 903 82 133 776 220 741 603 641 811 293 528 798 333 886 415 611 123 403 284 892 783 393 74 103 564 542 92 973 23 424 32 49 747 404 173 19 141 870 965 998 731 212 699 249 316 892 562 472 19 285 25 179 890 385 117 507 300 781 36 95 157 654 324 210 815 457 5 606 123 99 390 717 854 372 640 508 542 698 501 431 622 602 228 481 527 695 636 861 422 691 573 512 861 219 715 725 58 62 862 565 327 520 798 909 732 924 935 338 234 249 136 157 555 670 51 714 89 871 138 20 20 486 432 629 959 803 2 924 715 464 219 204 835 949 793 944 872 82 191 363 412 149 491 274 635 292 437 250 57 199 281 700 60 562 637 219 778 567 19 294 571 968 14 596 267 316 42 797 316 445 759 921 138 699 432 393 279 974 410 311 438 83 868 940 841 367 766 103 909 669 905 186 555 324 385 489 932 513 573 887 502 246 302 741 896 547 670 748 245 991 551 680 420 161 891
544 293 365 58 917 792 231 633 355 358 50 822 881 533 243 969 298 617 751 592 765 135 498 837 375 693 771 995 963 719 46 933 705 893 993 179 143 706 777 653 384 349 667 369 879 795 888 421 160 834 288 145 96 555 211 453 706 553 303 422 479 391 382 1 686 102 199 6 706 113 851 162 861 827 501 184 275 0 537 391 347 685 701 800 901 378 828 808 876 890 694 257 367 443 718 938 396 637 734 740 996 525 895 586 351 448 411 144 302 490 72 647 761 363 277 863 905 182 898 931 547 263 573 525 891 808 646 664 222 526 228 187 943 918 528 523 595 339 351 549 822 501 538 433 816 158 452 721 844 2 5 898 212 561 125 431 269 741 76 26 748 628 95 337 123 507 379 147 394 893 410 356 85 537 443 601 179 839 401 267 666 335 513 237 937 189 352 53 923 226 2 266 977 723 70 956 394 430 552 331 393 28 960 102 999 530 44 507 584 746 514 336 225 658 399 144 836 410 22 534 596 533 678 920 448 903 437 39 321 914 962 735 989 526 323 127 844 704 447 374 2 707 275 424 807 741 830 729 920 393 482 798 768 656 326 549 466 874 525 656 836 340 732 861 272 5 723 345 308 632 137 965 823 869 881 158 328 183 773 503 182 723 105 846 833 308 686 322 22 447 726 714 19 527 155 57 582 24 574 895 86 808 496 388 979 269 489 288 419 38 383 178 618 934 884 874 772 945 49 866 717 259 724 404 978 87 483 930 962 650 394 576 332 633 795 615 362 934 25 547 448 651 89 881 889 404 215 156 36 581 63 113 95 655 105 57 627 758 609 3 681 391 58 384 936 483 567 739 622 590 41 507 30 114 990 808 743 922 649 318 781 705 140 908 355 97 262 447 454 849 448 506 571 785 579 920 634 861 140 827 755 203 935 949 718 848 306 22 393 414 426 768 119 437 684 636 701 436 639 101 457 876 68 306 279 36 497 916 716 195 243 738 451 573 149 909 114 51 941 455 616 171 909 989 188 749 327 58 938 990 872 216 93 542 347 903 686 744 763 630 136 791 898 889 208 769 738 994 593 466 476 942 196 217 270 311 346 657 554 882 802 618 823 892 790 906 27 82 644 912 188 389 379 364 370 886 739 598 168 807
168 711 939 639 551 614 442 417 814 731 802 351 261 552 554 556 532 579 290 623 336 727 465 288 643 217 295 815 686 541 429 577 1 700 777 178 720 309 831 243 831 547 763 904 948 102 49 581 0 711 456 644 89 530 228 540 605 604 816 491 193 172 554 986 575 801 984 748 688 312 662 956 463 115 489 677 395 288 341 840 441 155 120 534 753 588 38 624 613 791 100 352 824 225 7 60 876 225 439 615 633 976 203 843 552 142 421 686 297 178 979 578 212 631 47 665 71 571 30 783 779 416 920 717 752 151 671 518 949 68 284 994 757 403 652 290 335 921 554 529 387 329 713 160 67 967 903 776 137 672 193 116 417 370 651 409 918 870 20 181 198 125 419 219 432 602 782 702 202 498 571 765 423 666 757 442 521 869 314 180 436 788 783 661 972 221 346 877 118 94 222 73 212 525 386 51 589 176 101 426 452 253 979 567 366 147 713 149 591 946 238 445 63 255 215 892 130 519 846 688 838 693 16 179 506 560 572 369 176 216 699 955 605 217 667 760 687 528 31 214 90 897 763 36 466 970 997 996 495 947 400 479 385 694 763 405 747 20 916 956 875 34 782 177 188 302 608 21 953 754 335 498 239 520 551 462 105 839 273 469 761 334 102 858 991 355 574 375 816 714 693 801 682 748 364 399 985 188 261 771 425 985 256 31 399 855 370 982 43 796 241 65 698 600 990 786 42 706 812 127 795 958 919 282 6 269 440 854 906 742 208 356 312 544 267 530 34 271 569 569 83 909 682 311 35 777 7 34 63 143 475 405 233 804 522 664 416 920 897 772 784 10 30 368 615 48 120 464 833 403 308 711 631 598 892 781 247 985 436 91 649 793 438 825 971 564 994 681 739 957 823 821 987 329 277 818 981 988 260 689 340 748 195 837 26 94 611 70 139 215 514 531 569 154 750 332 361 194 175 84 254 741 605 858 90 798 426 235 132 526 771 479 197 229 360 753 154 340 673 246 732 97 390 939 313 338 237 86 46 168 106 656 859 837 676 262 566 719 166 245 654 75 347 605 562 17 390 345 260 110 414 925 240 366 706 421 501 45 71 583 466 725 476 554 808 715 841 438 40 629 959 714 331 976 461 856 911 102 253 337
406 402 61 221 438 592 722 972 124 874 573 734 867 910 343 397 312 731 606 121 820 635 908 330 937 976 223 879 955 366 554 93 992 738 382 632 771 216 258 385 166 575 795 759 862 91 50 464 177 75 781 654 203 315 51 683 805 219 346 578 883 913 228 117 185 483 796 330 639 908 340 520 889 561 416 720 133 395 219 716 929 964 982 778 919 173 619 502 959 324 257 733 339 660 794 35 455 508 352 858 687 411 933 61 788 982 546 119 494 28 128 599 992 280 837 37 848 400 135 732 378 648 803 481 673 832 333 568 450 928 120 182 937 137 919 959 973 847 215 679 560 901 732 3 785 380 136 357 395 155 715 661 809 833 210 321 528 622 179 438 871 313 323 922 389 230 500 667 808 598 65 581 572 449 69 994 791 770 185 274 667 811 311 769 851 647 523 358 331 25 354 746 638 435 197 24 225 333 282 678 667 70 438 540 652 710 62 200 721 708 912 413 487 945 532 48 595 299 969 57 859 264 624 456 235 471 509 383 503 183 722 659 879 746 97 190 336 282 737 173 421 164 120 381 657 24 394 353 796 441 211 802 426 135 916 626 890 819 900 145 462 487 135 610 308 978 889 348 292 715 335 384 810 784 872 399 672 892 280 250 516 987 182 237 275 983 467 438 560 75 381 823 30 19 553 246 698 748 361 378 888 308 183 127 391 503 642 825 955 392 111 199 3 555 189 258 718 492 352 906 807 855 395 160 752 32 768 664 615 198 708 928 810 123 862 890 803 452 91 220 712 883 83 53 4 413 771 267 43 386 927 198 526 699 187 814 968 71 616 961 626 935 426 717 659 886 426 7 191 1 968 757 378 327 191 33 835 729 248 431 372 79 441 861 744 514 94 518 547 408 407 529 134 167 693 984 587 930 587 264 447 975 275 561 192 275 833 364 451 540 166 916 696 326 980 714 801 488 732 640 536 815 347 193 356 665 305 651 724 93 198 397 848 376 964 925 868 523 672 903 21 412 549 691 295 19 769 836 262 722 619 646 437 470 385 473 366 790 578 552 24 311 665 623 959 901 0 374 556 659 853 487 768 402 220 335 450 602 134 731 753 852 733 503 242 249 256 846 726 456 373 617 577 590 94 77 785 464 294 465
949 167 61 759 18 931 674 350 144 808 812 236 775 613 340 959 65 576 946 460 459 312 30 655 578 777 916 55 663 217 346 736 663 605 762 82 221 946 785 365 794 571 841 721 846 750 548 289 661 611 545 602 782 477 395 535 180 603 715 441 950 798 99 521 298 821 573 937 534 184 203 375 405 637 17 633 164 935 566 887 750 786 276 555 365 674 568 505 77 393 876 320 835 918 570 362 359 547 552 553 335 299 921 985 79 46 974 523 914 460 276 676 766 751 255 801 523 30 573 401 532 722 362 106 682 532 995 394 493 485 163 662 267 626 362 64 799 387 627 539 833 611 936 422 267 627 316 215 673 61 142 479 115 968 576 185 685 149 670 29 281 265 22 627 307 899 749 491 765 451 47 393 470 66 406 779 913 954 728 137 574 380 928 336 484 821 480 267 524 423 46 406 348 326 53 405 467 19 244 15 74 316 107 770 379 148 38 92 486 62 775 712 411 68 756 538 738 755 423 782 891 834 938 698 283 91 141 29 924 343 688 811 153 583 584 949 695 735 516 343 766 948 607 593 396 476 978 534 559 976 603 249 501 721 916 585 341 864 147 271 578 616 959 798 250 126 906 905 966 484 294 771 863 790 937 711 847 523 208 75 290 392 637 825 525 996 665 654 842 519 161 761 122 365 368 620 86 783 825 788 687 139 698 922 247 432 841 434 426 593 49 131 136 774 163 87 399 487 103 35 3 864 721 490 726 404 230 920 443 49 672 872 665 56 413 489 134 5 909 760 428 761 860 503 665 725 404 471 508 650 804 874 295 306 411 506 184 27 719 28 605 137 93 524 991 106 573 172 374 63 38 666 904 230 942 137 976 533 230 571 990 284 383 482 737 630 666 547 524 384 940 796 549 125 788 667 219 780 899 825 592 125 940 78 42 195 38 182 420 263 892 208 146 404 548 590 126 537 814 578 629 555 19 220 937 981 147 810 215 261 904 943 305 851 921 690 720 458 548 697 499 900 827 125 613 679 729 188 893 843 613 963 914 444 57 434 599 640 158 130 153 679 113 922 428 899 405 490 19 918 410 57 201 135 26 660 491 519 173 359 224 836 539 224 604 10 9 117 882 322 234 228 252 405 597 603 786 3 795 708
888 845 400 653 728 369 599 176 830 431 317 582 987 842 934 52 209 146 143 465 357 473 987 749 700 459 608 704 753 759 376 386 646 471 252 909 53 299 388 981 913 124 678 976 950 902 612 668 33 118 429 225 633 780 907 250 211 326 565 812 227 892 159 789 282 322 962 810 545 303 139 58 932 998 751 652 578 428 439 124 414 366 42 451 267 77 769 10 133 295 724 576 272 628 808 853 164 964 106 630 881 303 980 604 857 595 933 245 940 614 330 872 253 844 659 580 247 258 155 682 353 765 710 355 394 330 787 602 315 11 909 407 645 864 261 924 831 463 920 712 884 923 404 413 389 962 269 590 984 620 539 220 838 31 846 112 618 833 708 133 140 590 927 220 560 96 337 801 660 659 240 575 594 959 437 187 847 350 116 871 492 53 222 766 534 241 261 394 619 401 15 188 829 869 33 855 264 709 184 194 571 400 322 188 617 112 688 457 986 842 335 112 420 232 760 447 169 995 358 647 814 133 497 722 275 615 704 480 567 104 529 329 929 936 682 165 841 956 612 842 957 319 732 207 7 755 692 732 769 438 627 554 937 733 0 181 447 952 627 313 764 988 668 729 825 976 586 120 498 594 681 720 744 275 200 448 56 436 309 648 502 632 263 803 704 15 582 904 138 954 464 365 996 516 430 523 381 325 430 717 953 616 451 99 52 810 473 363 848 260 740 183 351 837 709 427 613 447 972 759 208 704 310 906 578 35 321 356 55 596 254 414 936 95 375 496 798 276 942 215 947 947 115 528 552 149 32 962 873 115 43 180 439 579 128 13 350 111 333 945 334 146 984 85 626 304 847 523 328 835 255 422 374 880 767 693 153 884 448 145 75 105 182 464 173 888 871 141 258 242 263 771 284 330 570 559 126 329 513 715 623 187 341 800 981 454 859 298 390 455 309 508 858 304 219 643 397 781 534 475 313 825 93 676 521 233 495 24 916 829 880 466 733 840 20 666 261 987 286 328 77 249 479 659 485 230 847 250 729 781 84 611 126 473 486 234 426 419 168 422 856 912 849 981 649 317 152 54 0 487 542 625 881 151 496 768 707 342 942 864 670 200 511 712 738 979 868 441 470 559 91 217 890 644 911 89 602 374 94 689
445 24 650 110 865 235 83 900 659 464 715 668 294 932 890 426 568 610 145 215 150 603 208 960 978 936 153 851 919 647 803 263 314 181 455 342 315 899 654 555 710 346 755 974 674 854 248 62 381 386 291 605 233 778 873 841 222 135 836 88 58 636 572 196 510 649 304 227 690 559 629 278 831 638 579 451 779 97 670 31 459 776 544 992 109 6 568 140 748 251 927 837 267 200 127 474 938 163 998 452 501 219 581 39 62 582 459 860 135 350 872 877 725 678 411 318 300 151 921 412 684 484 959 974 565 594 87 868 261 415 619 674 924 615 787 579 164 313 679 43 695 515 713 467 966 279 472 404 744 725 80 82 571 15 840 31 655 442 511 111 748 400 427 490 419 326 254 511 171 733 329 589 750 702 625 31 442 927 995 984 21 343 947 135 633 593 941 507 311 861 67 328 354 84 935 408 360 413 511 142 187 613 425 787 608 848 539 262 211 266 696 708 850 512 521 542 863 481 6 15 205 72 953 562 605 622 936 599 661 450 347 27 919 571 489 328 965 847 737 82 372 469 131 106 617 19 537 959 701 377 570 327 622 75 242 583 514 803 183 867 387 928 787 715 862 736 378 820 826 216 949 502 18 560 290 900 561 488 561 281 220 586 744 427 227 831 922 430 57 458 653 361 884 69 770 866 8 81 552 756 226 897 261 106 253 827 893 280 627 652 634 420 413 717 902 130 843 219 236 515 787 792 524 262 899 544 899 487 379 32 37 695 642 255 661 377 780 470 499 883 477 104 68 136 266 395 397 140 352 348 605 312 778 505 655 88 614 365 467 599 427 855 777 950 265 642 634 96 752 128 963 214 522 562 246 718 227 497 921 933 344 980 845 441 759 332 417 228 575 639 202 11 499 836 106 870 509 12 507 660 973 304 129 232 229 273 783 222 45 652 354 51 261 626 457 705 759 942 241 999 842 483 889 0 444 931 830 408 968 550 938 534 519 474 631 743 913 47 57 350 29 867 105 576 726 630 388 486 141 967 990 330 719 633 556 167 679 759 299 596 122 432 95 308 1 118 668 544 375 362 916 396 30 6 823 940 528 125 8 312 722 707 521 410 403 639 607 34 818 845 649 579 495 332 753 335 543 34 840 921
384 679 372 540 92 694 98 863 279 630 526 470 236 302 849 377 63 289 66 904 328 51 683 748 580 950 819 540 630 496 923 978 898 372 365 869 544 327 668 428 114 391 574 53 398 17 950 964 846 605 401 823 337 582 865 250 953 391 570 1 635 88 197 374 364 494 41 46 689 998 517 324 815 112 635 699 703 691 810 128 389 468 12 417 979 487 945 893 673 53 66 646 549 394 581 383 848 483 10 400 485 674 49 504 189 645 549 930 183 40 142 955 856 561 70 941 908 531 239 789 757 659 36 96 495 544 422 581 995 189 663 553 767 824 77 38 742 638 704 741 61 966 675 540 903 306 806 508 987 508 857 391 28 638 517 131 500 908 73 411 10 500 198 448 16 280 584 647 750 224 250 10 664 595 299 421 153 521 174 48 387 175 886 150 966 499 888 756 248 919 185 279 471 981 171 677 859 591 100 745 947 271 633 964 47 725 281 532 127 429 957 871 320 288 879 383 438 22 728 926 121 458 679 297 958 658 917 27 86 674 217 658 780 334 845 815 316 586 307 829 177 710 575 627 774 73 372 408 261 350 307 695 645 592 207 334 544 614 555 973 708 265 263 354 862 503 544 136 369 263 527 482 368 334 411 435 148 64 290 466 547 831 914 247 71 879 72 803 286 577 642 895 625 397 64 48 887 866 15 999 734 61 436 225 756 261 496 591 729 720 355 994 793 758 856 796 894 6 998 801 272 856 231 864 319 96 273 869 266 846 835 183 922 513 519 654 366 857 893 210 941 6 999 373 516 379 870 264 15 992 225 149 745 818 70 428 942 267 73 13 603 169 683 202 455 596 995 456 991 161 11 407 587 590 944 439 644 714 756 513 167 101 322 731 179 380 63 668 828 374 587 345 684 56 397 178 703 64 598 759 799 397 555 368 511 559 55 561 758 735 954 95 733 683 630 254 377 744 811 345 637 139 537 115 157 976 374 328 81 666 932 8 345 264 949 373 19 939 438 100 738 483 333 508 16 866 216 470 5 779 876 297 979 983 300 159 62 201 453 994 599 82 91 238 0 155 854 108 882 607 978 440 592 61 716 125 995 187 500 98 615 903 530 66 776 192 496 756 944 844 427 566 916 845 105 702 752 645 385 673
214 906 478 503 89 413 739 58 156 438 851 782 593 469 814 589 720 803 130 344 882 626 10 685 876 960 60 952 782 718 466 908 255 290 925 757 812 526 180 790 648 150 717 236 42 698 83 720 577 780 609 219 940 153 473 458 682 17 283 731 569 241 298 829 211 610 673 106 661 716 572 90 397 375 578 639 186 979 832 523 441 357 43 640 854 399 480 577 811 601 381 494 895 87 51 448 744 16 108 468 550 738 724 186 892 770 41 840 512 677 283 353 787 181 522 750 605 309 701 850 688 216 43 519 356 368 572 793 294 491 458 637 20 765 678 759 510 946 723 872 520 477 504 12 329 602 177 490 284 62 818 691 295 705 541 725 71 956 237 865 857 498 796 331 112 972 495 402 153 2 688 697 535 350 681 285 684 654 2 110 697 398 549 155 715 569 665 80 126 715 906 608 599 353 299 755 9 358 247 373 195 600 333 388 273 770 489 894 194 976 908 859 226 166 14 111 987 535 254 453 639 893 359 593 435 274 558 449 399 447 535 979 808 339 13 574 465 58 579 165 523 418 638 765 277 25 653 352 919 728 543 338 725 536 694 846 565 782 483 111 303 830 338 289 912 727 880 818 926 605 603 294 765 455 351 724 726 194 731 292 657 313 965 811 559 231 472 771 353 761 830 945 887 663 138 857 222 99 747 841 521 637 403 33 563 884 890 688 388 85 327 556 623 188 182 748 767 675 726 110 839 731 75 529 20 721 733 700 818 106 37 348 535 893 444 497 98 812 561 980 665 140 236 844 263 375 776 388 922 796 694 810 337 597 19 651 254 285 796 413 813 609 970 247 953 300 434 827 176 582 867 774 458 884 937 137 65 237 301 561 639 766 546 45 211 528 536 80 180 527 996 356 458 399 479 515 153 559 533 583 804 54 340 421 559 923 115 692 295 745 914 326 690 612 892 263 40 745 482 943 162 391 707 30 440 248 347 520 576 520 565 824 647 899 152 778 732 514 907 23 131 935 417 395 849 254 786 346 156 809 854 630 244 103 399 336 234 31 903 676 8 881 770 112 229 220 936 925 417 717 560 237 115 291 917 724 875 271 127 676 100 414 521 688 498 209 192 779 929 31 919 447 960 134 320 254 646 879 495 725
348 568 563 156 111 389 490 874 585 507 82 826 837 76 297 761 93 207 862 735 574 301 610 716 470 877 244 335 598 611 961 906 44 907 96 904 699 849 821 556 360 852 601 898 0 579 561 814 665 103 232 343 790 788 654 371 606 344 513 480 386 104 922 452 527 139 187 830 995 542 716 31 759 432 591 597 821 457 620 189 504 483 496 950 175 215 51 83 803 936 789 741 194 735 506 681 695 647 31 533 545 912 837 882 337 395 318 178 394 391 62 618 961 54 503 961 916 365 418 286 103 920 562 235 586 204 39 382 557 987 947 451 661 371 604 976 510 479 709 617 13 734 228 318 693 300 562 387 14 716 946 867 674 939 851 761 573 574 857 41 773 174 139 833 786 790 455 387 116 507 754 977 909 249 37 79 435 895 979 778 465 274 238 780 202 990 561 777 273 504 987 87 977 316 921 180 606 631 20 751 289 969 307 998 900 935 338 210 37 999 928 990 662 478 922 794 657 901 33 51 88 640 429 498 126 933 301 845 643 925 324 351 95 797 510 33 552 856 34 269 115 490 363 338 345 53 258 317 699 517 188 781 406 936 998 475 310 944 937 748 731 614 9 2 172 31 940 564 405 427 642 602 198 56 878 45 567 659 800 157 321 50 334 302 88 349 412 835 857 165 862 174 727 288 312 986 727 311 851 658 814 708 374 391 639 200 188 143 589 151 885 867 401 901 298 531 281 632 331 159 831 915 441 161 367 545 157 122 409 42 504 860 513 350 762 629 875 379 708 97 571 692 83 875 776 170 781 670 536 790 983 90 610 247 995 592 857 458 684 14 321 591 802 7 515 36 237 312 86 148 134 394 220 126 845 34 986 648 838 647 726 157 874 439 137 623 599 739 327 125 841 847 592 378 843 112 276 825 856 861 135 330 205 924 263 141 651 601 536 268 307 874 718 618 145 302 953 606 183 879 350 755 223 665 363 303 124 304 997 304 787 491 506 916 902 464 790 654 231 631 636 730 152 542 67 848 972 179 391 794 314 783 881 258 123 91 451 803 914 797 531 33 356 849 114 997 374 751 890 73 912 824 95 987 922 21 962 416 524 32 994 813 444 274 502 144 629 7 925 435 901 995 430 865 113 767 642 45 464 303
213 672 279 203 178 681 186 620 733 125 827 966 914 315 831 561 191 660 566 634 923 967 58 141 868 68 0 550 830 731 516 489 265 79 973 708 328 670 161 867 787 119 501 124 359 680 332 110 211 577 739 526 137 836 650 141 773 8 173 221 344 347 551 385 197 235 806 607 648 923 997 120 447 406 339 533 872 190 658 425 774 282 518 176 100 744 371 75 7 915 104 971 547 746 817 282 268 424 516 739 929 564 230 71 215 23 265 723 170 660 322 890 273 204 149 16 385 950 425 484 173 277 363 499 816 717 219 357 463 775 1 535 59 89 48 221 879 887 100 547 717 339 317 682 130 884 39 343 824 460 261 761 250 895 43 738 935 131 258 973 52 384 435 633 51 248 872 70 114 102 611 12 977 38 227 129 995 511 985 304 289 592 422 111 172 968 747 205 511 324 800 293 647 865 49 313 621 475 915 191 214 787 382 336 956 701 547 744 200 490 996 824 122 702 379 331 435 13 633 786 856 59 752 102 570 465 327 593 794 200 504 211 897 741 553 456 508 670 493 458 808 564 931 327 40 92 428 622 213 25 846 976 117 93 19 53 942 805 406 160 244 695 833 583 177 320 947 355 490 367 894 669 973 309 869 466 143 228 928 327 411 97 162 97 261 461 982 982 122 651 157 960 518 407 185 928 182 2 989 470 262 260 628 773 723 678 711 67 640 685 528 26 169 190 822 937 507 559 376 58 349 72 332 431 30 971 817 596 957 986 462 671 594 983 356 168 707 638 480 705 998 671 164 119 734 277 20 603 168 110 25 960 668 874 605 821 436 600 334 247 297 557 924 210 233 746 524 130 28 345 163 646 96 303 168 647 756 129 755 899 814 135 434 730 649 227 823 809 813 190 851 64 101 837 419 681 454 229 960 872 541 184 13 458 970 5 288 288 588 336 422 45 872 89 16 258 602 232 751 855 972 586 815 531 755 560 89 89 85 22 550 866 683 223 229 877 593 27 877 467 848 183 817 949 139 490 924 81 171 551 408 991 563 640 406 787 333 390 381 545 584 391 419 367 357 624 845 488 994 17 510 742 171 694 38 634 347 661 51 628 575 93 654 390 779 751 206 754 216 197 789 31 286 166 652 397 698 636 751 500
454 638 848 490 991 469 39 940 141 606 768 185 66 967 510 592 883 964 948 801 481 468 109 680 700 815 787 127 745 139 537 140 42 456 301 164 575 153 166 515 720 846 879 909 844 673 640 117 701 763 42 479 491 243 882 1 952 711 747 151 213 115 71 101 864 779 488 2 847 413 744 354 530 46 7 457 603 389 11 851 56 502 330 179 860 611 700 288 410 534 695 684 892 144 169 26 855 590 265 82 335 310 852 196 520 23 484 519 321 508 262 621 559 159 673 78 199 172 101 840 691 527 934 933 240 441 928 598 874 451 434 306 58 460 766 950 854 637 771 890 397 337 937 980 715 402 890 885 942 512 462 717 447 597 545 207 381 401 526 75 159 829 515 173 858 473 347 205 448 516 218 290 181 693 393 768 672 616 909 3 555 32 161 412 644 58 497 701 344 531 652 542 141 456 392 274 727 351 397 69 780 526 62 922 394 630 316 346 303 181 946 353 313 640 385 573 999 402 9 60 128 491 644 371 925 38 669 182 791 297 225 532 795 584 551 833 43 716 222 846 626 596 731 812 486 816 595 542 651 561 231 896 353 987 61 732 841 510 680 560 776 730 495 756 343 566 484 873 485 508 156 762 228 192 137 897 738 361 952 862 405 702 58 171 407 634 331 357 928 850 657 572 95 401 95 854 288 787 562 897 445 691 788 806 328 758 897 276 876 888 22 84 268 244 748 782 470 992 605 786 651 125 149 514 637 894 677 395 464 948 664 789 553 888 957 360 939 104 712 809 437 598 227 191 152 875 600 349 143 208 883 548 519 37 936 526 323 680 247 360 726 337 367 874 722 330 573 622 527 590 312 743 188 379 734 268 854 307 75 771 758 299 915 46 824 654 978 9 667 123 344 476 311 188 40 69 717 574 881 828 489 637 885 181 435 595 30 392 949 414 261 212 771 192 328 566 954 211 28 979 948 46 511 829 97 718 570 25 889 513 814 661 162 968 423 373 88 136 65 663 160 406 23 673 19 861 257 577 328 558 359 763 233 22 847 499 587 433 144 205 280 412 73 543 927 894 825 327 411 639 573 740 499 817 654 500 988 876 461 299 487 886 639 73 535 329 378 658 308 571 92 359 90 299 174 233 981 944 87 792
323 948 403 809 270 219 462 909 744 975 504 414 427 898 280 384 84 380 562 782 685 305 188 674 232 516 71 467 638 771 950 79 90 74 331 543 600 555 748 302 177 722 84 476 731 696 996 153 901 47 566 163 781 337 736 115 188 304 410 539 192 312 297 0 709 617 950 361 200 74 485 446 343 967 294 210 905 200 24 820 603 240 453 561 981 150 746 258 145 166 535 452 597 138 428 340 786 52 929 357 106 813 766 228 741 718 539 458 202 155 219 58 33 571 824 426 492 215 729 42 419 222 770 909 704 626 726 99 510 719 144 236 807 669 282 223 540 658 491 486 92 284 370 931 646 792 196 811 164 181 177 766 587 968 814 714 378 23 447 488 91 375 984 146 688 914 517 768 184 400 444 663 606 864 215 237 401 515 192 910 510 651 48 321 75 369 771 946 226 365 331 907 29 483 176 873 386 811 116 673 741 468 437 771 807 618 40 883 5 903 436 552 540 540 115 851 712 33 268 7 661 138 659 185 648 831 345 385 792 369 164 675 78 670 819 391 193 929 140 66 645 927 118 937 263 769 436 572 657 493 122 633 446 499 724 117 486 155 88 397 445 567 55 396 515 265 537 710 430 999 739 877 669 582 542 911 263 527 115 205 147 72 646 917 51 770 576 773 934 215 504 714 277 110 732 762 740 186 395 95 618 170 156 702 706 751 271 873 720 933 893 868 377 790 142 714 117 462 354 966 381 730 537 896 867 602 694 213 169 637 706 294 886 511 531 302 783 912 645 941 289 177 873 375 572 427 386 112 481 838 392 518 381 284 290 934 852 978 399 417 616 482 889 558 520 800 298 660 139 713 741 132 25 183 349 80 704 466 217 20 15 374 12 840 686 365 69 770 283 731 160 793 822 500 421 784 509 249 631 49 993 982 204 331 318 546 487 28 344 437 252 132 880 152 482 142 737 489 599 347 381 527 301 952 611 103 729 645 664 754 819 627 346 574 343 691 681 78 898 751 560 782 854 158 62 139 804 602 481 216 872 97 330 84 611 835 711 611 71 924 364 181 207 470 370 9 804 25 601 356 268 997 835 467 956 451 977 34 371 286 84 613 829 60 647 441 816 887 428 399 494 722 997 39 797 327 356 38 334 839
18 457 609 134 599 955 791 387 991 945 531 475 267 242 117 918 848 289 893 924 924 58 216 499 590 943 645 579 660 330 653 143 741 498 781 212 328 757 392 589 216 365 32 432 760 232 833 495 33 925 173 499 369 340 591 184 502 10 215 36 594 590 884 847 709 448 935 150 115 370 726 919 274 789 190 488 45 434 84 20 608 689 374 833 803 511 978 686 12 522 60 838 447 131 45 540 573 80 654 737 221 648 445 987 876 882 455 582 674 275 530 911 627 732 429 206 557 355 742 70 997 21 754 724 664 245 214 416 519 57 897 646 29 762 322 28 353 492 443 891 265 399 20 107 950 555 434 812 832 239 516 436 64 219 953 729 47 561 229 839 722 646 293 814 348 65 493 572 888 826 316 238 146 513 250 321 99 557 795 463 452 209 621 193 309 901 212 225 421 260 847 904 469 613 772 38 532 989 960 464 926 710 964 42 250 573 766 623 604 384 173 457 127 310 49 51 209 652 853 552 313 278 695 226 383 238 513 524 807 252 208 89 607 637 250 582 364 1 69 992 506 711 659 883 996 597 637 454 45 847 585 674 218 485 991 963 439 258 880 10 307 337 718 928 73 715 942 565 21 500 539 14 713 227 948 224 951 915 747 533 51 461 838 8 133 726 661 307 381 178 278 670 42 228 545 380 92 548 548 826 974 570 462 43 67 229 350 633 730 951 437 711 431 814 70 928 334 416 209 776 874 988 944 558 543 548 14 603 134 568 583 161 950 554 423 835 263 27 544 510 605 944 69 138 689 506 17 462 585 932 58 800 476 854 446 957 452 290 801 647 59 41 350 108 310 320 300 477 181 463 681 595 135 87 125 806 165 786 762 74 614 332 803 84 65 492 138 242 388 666 902 112 605 470 419 463 272 411 861 387 768 809 172 111 601 76 280 584 721 719 308 712 37 487 977 423 528 657 599 895 983 981 195 496 752 623 132 52 113 521 865 724 812 278 353 300 450 976 938 330 820 892 249 403 355 243 864 574 916 308 403 99 532 82 772 520 451 165 700 752 340 871 532 413 775 260 329 976 462 682 546 756 738 621 300 682 883 470 881 320 28 83 649 5 489 233 345 273 692 300 864 223 246 790 484 930 154 830 468 485
977 430 528 558 314 495 262 246 419 467 137 581 87 877 311 92 821 326 497 603 53 442 14 95 158 300 161 102 109 550 954 557 337 783 245 720 888 270 793 825 884 654 511 540 519 989 525 513 79 998 894 859 42 173 148 311 852 63 218 983 894 151 756 114 112 438 901 578 661 424 303 708 55 991 429 744 195 726 506 794 5 104 254 663 352 844 515 785 778 462 309 79 633 669 136 8 713 712 868 72 467 820 345 126 860 162 836 121 399 742 851 924 361 713 73 897 59 636 447 604 824 338 548 344 544 828 802 590 933 297 771 735 205 62 589 74 845 841 566 426 538 781 893 740 583 36 818 717 7 1 774 308 29 37 697 635 838 71 842 47 25 895 527 529 843 176 676 62 546 190 882 224 393 419 368 145 482 678 83 84 413 212 562 161 341 377 807 661 224 879 798 887 512 229 744 148 547 681 809 93 93 144 444 202 273 954 270 778 853 931 68 47 138 334 447 761 653 403 792 159 598 128 759 432 645 755 876 942 536 469 564 590 147 859 687 120 20 745 62 245 686 185 426 571 893 524 292 598 572 889 251 430 954 703 379 532 36 45 256 866 196 478 840 554 889 422 794 557 734 154 988 992 727 406 750 83 947 733 73 135 219 274 768 540 176 617 820 61 383 884 833 251 881 756 258 81 236 550 129 320 229 88 31 62 200 886 440 132 639 895 11 605 444 946 559 695 484 511 852 697 966 485 151 990 87 447 583 934 102 494 616 253 30 6 549 707 224 583 705 946 440 672 521 484 325 964 669 783 664 613 237 836 625 438 236 100 878 609 657 525 496 258 874 732 457 99 0 573 727 495 822 311 346 823 615 537 399 5 91 753 952 978 398 756 119 748 824 247 623 970 989 922 208 925 817 165 732 745 916 298 134 381 63 765 436 929 444 67 530 81 590 698 178 77 282 504 270 100 29 184 339 903 364 516 976 11 705 387 279 304 585 416 847 661 426 745 573 141 614 207 457 680 940 539 694 206 668 946 632 177 218 243 34 895 534 177 492 549 219 650 174 963 272 349 986 303 62 81 4 595 583 111 687 135 933 905 776 469 173 456 898 300 982 80 966 324 979 327 25 729 940 62 537 920 117 867 995 572 493 335
927 10 251 372 834 789 897 851 596 354 951 130 895 988 952 141 221 737 230 107 630 33 868 286 327 169 975 766 83 975 288 711 34 967 222 504 887 306 23 361 266 657 603 22 169 64 197 701 349 92 937 189 691 409 541 446 845 939 729 55 566 301 501 500 473 247 439 342 707 940 185 152 851 868 342 886 943 194 810 428 803 683 482 867 311 77 948 435 924 926 141 476 945 332 796 214 618 57 334 618 718 367 47 20 943 511 706 45 762 52 49 465 474 610 430 100 333 787 560 626 423 765 437 692 709 312 160 460 948 732 330 581 466 632 924 319 27 799 404 586 476 247 764 315 320 171 624 726 486 551 628 710 922 745 942 611 935 404 237 342 145 695 928 283 981 226 104 795 42 291 128 468 568 305 707 476 260 36 870 914 936 160 988 195 152 358 915 757 807 603 981 83 812 811 525 940 877 789 479 846 730 717 712 785 246 910 841 163 223 980 657 650 77 519 471 747 711 274 370 305 773 831 775 534 773 857 639 710 174 59 650 651 751 641 293 903 194 569 883 417 681 915 525 336 233 37 682 446 350 372 343 14 608 958 661 131 480 100 535 677 157 601 879 428 842 176 744 547 641 937 211 325 380 509 31 187 791 678 318 853 644 961 839 274 296 712 9 644 290 122 26 822 992 607 806 874 928 571 98 345 587 732 883 349 217 568 402 59 449 264 943 742 258 116 861 169 4 631 537 699 705 286 802 513 962 345 337 557 903 477 827 593 165 706 66 810 797 769 970 372 66 946 771 592 554 441 201 169 260 790 657 661 161 923 878 565 251 136 227 601 94 521 485 537 566 250 389 468 176 942 995 711 505 394 681 380 875 615 41 983 118 262 668 709 674 753 800 695 474 22 479 530 911 250 48 930 780 664 729 703 705 616 14 165 382 709 29 956 436 712 479 472 323 844 212 231 240 304 214 859 504 951 681 415 759 346 608 782 579 392 664 707 101 385 157 864 399 184 547 109 922 492 493 178 761 697 226 864 879 133 265 622 123 134 656 9 835 332 604 632 708 539 17 362 594 802 982 356 83 813 316 394 248 376 394 63 669 829 347 198 518 875 783 811 391 997 923 975 773 68 238 93 883 454 989 563 197 30 598 543
70 202 34 855 280 685 861 334 385 474 299 991 996 312 492 749 358 732 927 103 402 264 557 830 161 857 49 835 698 3 252 225 449 715 411 732 260 720 745 676 578 687 737 772 911 858 355 912 190 729 287 800 96 801 0 2 732 449 836 61 791 380 329 126 89 957 194 555 649 956 586 369 192 689 987 171 388 401 317 595 482 995 7 353 24 827 116 601 954 275 217 709 804 16 406 423 549 173 831 453 547 56 637 665 646 387 83 3 27 333 308 641 836 150 924 739 60 131 583 287 451 380 668 787 967 323 794 550 252 937 521 122 750 384 74 725 30 196 612 470 205 619 433 189 113 284 712 294 993 589 390 405 833 328 104 604 468 386 683 996 207 596 109 408 549 653 231 703 893 803 72 927 941 36 289 704 16 451 86 589 842 930 70 335 960 103 232 628 418 773 973 103 128 534 156 704 217 338 564 391 684 446 666 362 267 439 609 470 350 58 603 639 670 218 790 823 458 796 976 308 204 892 141 220 386 245 921 549 30 666 534 571 337 934 318 600 132 834 119 151 366 40 333 831 36 715 734 833 413 146 785 180 227 202 742 845 343 968 764 611 141 23 241 689 317 462 996 287 325 963 997 503 493 650 865 929 545 741 144 666 279 205 587 670 511 683 878 889 991 786 387 814 397 440 211 552 131 961 263 947 933 503 103 272 927 892 416 415 528 38 765 723 808 506 927 951 549 78 690 877 399 309 324 352 40 462 769 736 548 258 653 184 498 872 371 639 80 4 815 329 681 336 925 325 107 444 75 331 154 402 369 795 408 564 190 970 949 223 20 369 445 579 700 541 542 222 416 264 119 892 861 61 621 764 908 412 688 706 282 777 563 528 937 960 109 129 299 915 271 153 201 49 458 481 227 104 304 767 765 822 951 553 992 21 559 291 732 451 923 373 151 590 879 470 561 694 351 27 298 386 750 78 611 1 901 333 597 267 203 112 976 384 992 364 468 361 9 331 707 406 281 723 849 0 428 605 276 221 530 283 388 767 135 708 406 495 57 372 674 46 351 560 610 301 429 276 746 855 436 121 838 876 421 165 414 344 33 603 861 933 212 176 677 518 380 651 266 929 476 532 660 150 470 472 353 612 457 786 684 148
653 961 87 51 35 933 958 353 865 67 393 143 530 617 35 501 453 693 428 651 55 485 54 102 227 514 340 183 546 16 699 388 59 112 19 682 199 239 753 712 170 637 258 430 48 404 202 111 390 494 534 71 596 526 294 685 586 470 804 62 232 29 329 310 214 920 354 543 47 530 170 956 459 93 52 117 645 765 212 196 425 33 385 368 654 267 723 571 150 460 409 297 959 547 310 964 86 248 639 972 516 208 745 279 657 399 597 837 250 46 631 526 2 176 984 574 875 854 961 393 192 544 683 513 798 345 876 657 808 797 382 714 24 389 986 649 371 706 522 554 638 971 433 388 559 93 341 807 468 168 240 110 160 615 599 835 794 68 48 343 98 903 626 353 251 210 726 586 491 102 520 180 804 183 504 78 620 453 336 104 658 820 98 368 868 936 985 883 730 658 55 232 660 783 522 433 65 2 780 312 3 524 183 257 564 498 814 800 603 209 846 335 183 656 611 989 85 712 22 46 664 794 341 690 962 379 576 562 902 243 125 987 436 929 454 92 249 42 604 971 213 433 456 727 429 843 618 999 164 866 385 566 604 650 445 595 222 997 113 975 892 646 730 740 8 854 814 293 395 242 18 777 414 810 427 604 827 379 295 359 252 508 463 461 311 447 949 788 366 965 711 340 383 860 882 626 212 337 132 84 275 720 857 949 849 694 405 647 845 734 35 779 672 981 981 232 461 920 28 403 708 203 78 574 68 816 679 613 106 176 884 963 942 441 668 412 814 267 449 582 558 38 341 572 883 945 335 494 299 858 698 492 798 288 871 88 396 574 712 800 543 262 768 706 201 773 976 619 545 455 40 494 787 165 475 68 317 881 931 238 921 975 368 830 933 50 618 547 281 740 852 829 575 556 419 683 498 15 497 546 813 410 960 65 654 725 120 536 257 271 973 108 388 344 124 283 820 466 366 767 48 754 970 573 844 656 863 894 711 801 815 964 913 372 148 183 127 627 141 42 22 394 929 25 991 305 326 91 386 482 416 235 363 783 49 51 126 906 19 541 91 110 85 766 741 961 669 866 802 995 971 628 141 779 952 144 105 119 738 140 157 333 715 483 181 734 800 276 19 562 592 733 621 305 796 239 633 250 819 404
114 506 147 801 614 743 85 885 509 862 606 479 908 485 103 508 29 717 831 420 610 428 623 53 236 498 513 403 573 228 676 342 606 640 973 955 720 755 940 989 768 91 485 577 655 842 688 78 55 797 768 629 673 566 872 192 564 780 28 464 358 406 999 495 419 630 742 30 767 332 318 820 580 461 23 809 256 103 260 135 884 503 56 774 890 572 188 698 922 881 13 555 469 956 956 302 141 931 949 49 593 138 857 999 52 206 727 150 406 5 195 559 624 162 453 912 824 701 775 401 980 264 746 719 307 622 497 318 144 398 170 560 821 50 565 168 752 866 514 387 371 659 175 704 614 93 748 51 180 159 471 89 821 99 498 758 986 975 814 698 994 993 208 47 537 553 149 643 311 857 770 771 116 670 281 940 574 30 431 369 764 901 256 324 96 810 694 951 608 415 148 886 65 755 180 353 632 148 403 685 465 327 624 841 129 275 822 758 439 48 547 304 707 804 623 684 372 30 247 672 79 406 729 815 425 868 479 44 618 395 10 733 753 289 631 609 684 390 486 261 778 539 688 223 770 747 146 94 153 626 162 608 196 964 328 129 312 796 597 71 512 540 435 87 77 352 807 324 868 810 999 459 220 20 77 634 542 104 49 191 969 206 950 632 249 605 658 929 198 889 349 377 957 412 564 657 727 598 668 762 38 458 273 605 413 287 922 224 496 144 607 807 625 798 375 406 175 269 846 869 551 882 975 405 68 14 945 378 671 226 269 160 31 582 695 665 775 744 274 235 455 541 800 445 939 972 895 565 764 396 810 559 967 669 498 591 193 487 382 929 93 619 515 497 655 159 133 689 261 716 217 646 994 124 866 317 107 117 668 728 782 663 721 847 429 592 512 200 919 641 266 556 864 256 176 756 322 743 956 525 827 567 531 196 360 396 536 392 484 575 685 884 841 248 899 107 346 501 350 759 747 434 706 517 495 569 869 228 618 957 781 13 902 896 684 432 901 907 96 39 333 246 969 255 472 884 744 904 114 563 109 655 867 188 692 480 908 922 244 900 327 656 291 300 106 232 255 2 258 131 396 188 932 707 762 162 836 282 688 879 823 466 207 574 528 271 29 713 180 818 283 947 288 178 72 139 414 700 992 293
759 780 186 570 506 733 585 534 652 153 658 587 810 565 898 857 499 455 184 301 171 196 496 751 149 474 766 487 234 71 211 364 612 69 886 28 971 120 203 556 702 738 627 101 547 969 905 664 564 228 118 159 964 467 446 864 248 171 838 790 72 983 916 395 765 716 322 127 219 969 243 536 218 987 677 51 699 122 487 5 157 655 402 526 839 192 770 595 820 123 722 267 501 913 139 972 312 39 644 696 213 485 654 1 936 431 905 770 923 446 350 692 969 55 208 325 961 436 747 739 184 366 574 598 826 547 638 447 300 127 259 84 276 829 391 721 93 660 820 47 111 325 681 500 517 412 858 600 754 777 378 874 975 24 31 419 486 120 737 610 689 864 601 811 184 638 471 515 882 802 423 311 711 575 651 988 468 734 39 582 882 530 454 233 563 719 239 725 203 412 895 366 69 736 851 623 450 810 715 556 332 774 974 478 320 320 630 74 727 691 726 320 540 576 268 360 823 817 633 886 302 570 843 902 850 555 932 951 694 31 419 894 432 946 412 991 439 147 97 451 840 921 164 608 95 686 933 405 577 502 304 525 778 605 998 808 532 210 47 413 662 949 340 556 848 941 231 740 204 765 802 300 30 653 227 110 166 737 44 121 80 810 857 663 327 925 795 873 279 501 93 649 217 130 992 158 207 81 715 621 739 282 684 355 44 391 810 347 765 855 692 135 431 133 237 99 510 279 255 150 541 409 916 500 995 485 839 334 626 200 730 264 326 842 804 813 967 422 469 648 568 455 773 637 149 793 217 65 733 506 334 224 857 946 413 483 49 680 486 715 406 795 862 36 342 490 639 644 918 365 197 308 619 153 656 451 999 905 598 570 720 463 538 994 586 17 57 466 176 657 835 289 238 727 308 324 972 359 104 27 779 139 431 409 988 13 535 39 451 357 322 969 634 845 136 350 837 951 517 676 931 442 913 94 233 38 464 359 339 154 645 750 204 208 119 396 776 57 957 760 304 677 40 190 357 633 899 845 218 597 842 709 224 332 15 675 309 807 358 360 570 233 412 257 561 787 431 298 15 263 766 60 604 593 954 279 926 843 78 532 301 413 145 386 867 178 603 37 135 657 185 975 244 438 372 109 608 299 11 653
906 394 122 321 797 385 480 721 774 598 810 815 64 227 854 641 327 162 4 930 353 65 140 229 400 9 633 144 610 624 952 299 745 338 128 898 829 505 219 254 298 630 163 985 825 983 283 368 856 34 171 361 1 184 479 880 71 137 100 856 803 785 700 652 317 849 319 675 25 782 379 670 552 695 219 769 774 411 37 326 775 0 295 344 741 254 92 824 247 44 746 206 36 386 571 422 44 783 863 732 855 674 702 847 728 818 687 57 835 193 386 389 200 111 626 580 44 973 429 695 791 343 119 468 806 725 832 867 130 893 692 362 812 155 735 607 626 93 342 233 157 8 276 512 737 805 674 881 31 654 919 473 738 776 481 930 672 329 926 181 674 972 230 499 423 527 296 873 317 337 458 993 47 195 786 790 450 22 651 357 491 437 208 686 275 810 658 706 993 611 697 685 269 877 441 78 281 595 85 167 115 705 114 811 57 761 465 777 647 444 861 761 653 583 804 55 83 449 691 567 90 528 491 317 495 487 268 125 951 515 49 767 211 38 918 91 779 862 122 997 833 874 13 389 257 614 144 867 313 389 709 777 873 817 916 556 507 448 299 999 949 6 270 190 506 294 768 566 222 95 677 311 747 181 434 18 647 407 100 380 963 346 702 516 676 802 685 817 473 185 103 224 679 965 127 834 347 581 807 876 269 593 984 231 314 460 454 449 540 374 388 217 835 739 113 519 910 623 337 828 446 840 172 280 137 823 532 981 267 875 549 557 283 46 433 645 185 847 703 510 758 506 972 891 569 348 391 841 258 72 549 593 871 238 727 608 599 943 400 405 700 706 380 834 960 325 751 600 667 640 376 870 676 537 181 501 726 211 52 959 650 427 320 129 997 883 925 513 67 105 161 91 646 368 731 673 405 424 487 901 743 669 86 327 847 916 384 497 803 545 685 298 151 207 780 452 223 460 450 734 389 958 749 94 292 486 61 105 598 264 34 25 978 899 350 21 721 302 755 924 541 166 512 52 484 769 814 93 498 325 283 260 742 687 310 480 932 708 93 829 404 367 789 446 961 52 211 27 956 257 617 67 482 613 507 262 706 586 457 753 115 56 883 841 763 233 375 494 877 303 493 25 89 58 799 990 846 9 886 896
564 259 472 814 524 101 788 837 886 838 358 812 385 699 697 578 480 983 322 498 472 858 545 54 644 912 413 738 56 459 936 372 65 22 270 354 119 903 777 779 231 239 561 286 126 639 546 108 24 549 391 828 90 96 727 440 422 888 77 972 75 878 735 453 152 534 507 544 170 911 865 612 456 172 901 150 515 764 960 962 408 304 14 959 795 458 432 212 248 153 563 130 778 177 442 871 785 283 221 845 159 370 482 101 437 189 172 644 26 402 661 457 966 823 885 256 78 597 363 696 777 398 626 613 109 140 612 156 485 296 146 149 734 480 593 408 836 995 132 809 840 235 746 137 127 984 832 422 749 614 35 302 380 747 83 58 86 105 53 277 314 979 968 321 465 22 82 811 543 496 575 982 695 683 583 753 112 890 645 933 307 199 928 789 310 900 60 92 373 774 337 74 564 685 998 696 60 890 639 364 778 884 774 874 746 994 790 95 197 827 514 137 214 415 834 297 890 50 531 236 783 632 59 368 154 813 453 714 586 346 143 48 389 180 214 169 649 938 129 537 132 925 62 709 272 457 754 223 989 981 566 983 383 458 801 392 396 947 549 627 377 377 556 504 234 386 771 223 494 817 157 897 863 687 290 944 895 446 878 11 980 853 717 747 157 201 567 48 313 834 621 944 318 311 503 884 545 651 68 430 190 904 876 834 169 253 217 120 59 32 53 911 758 345 212 966 921 310 551 776 1 732 879 882 312 38 246 161 722 361 183 501 689 837 41 798 212 108 302 98 159 161 126 314 320 362 172 458 164 122 364 648 764 392 410 799 672 105 86 272 229 151 829 458 569 928 719 781 825 925 251 874 149 30 951 919 217 125 452 24 703 360 939 778 16 982 314 360 236 995 416 824 369 270 190 913 658 260 141 995 85 876 719 507 53 634 474 186 51 145 241 190 113 144 992 15 161 152 856 66 967 525 227 985 892 126 887 560 620 477 822 138 628 440 131 623 453 900 495 981 654 621 959 855 459 858 687 908 535 679 485 763 647 9 182 91 192 125 365 603 16 840 456 260 529 979 270 678 583 487 399 985 988 560 148 968 522 900 678 478 949 98 159 514 855 880 332 818 13 935 900 570 308 744 700 893 407 320 441 322
349 441 65 672 537 562 755 756 75 910 378 870 690 355 79 275 684 783 550 23 150 27 684 837 412 17 955 762 439 447 903 794 625 160 577 477 48 395 86 262 478 415 53 616 798 917 892 128 781 472 177 879 315 867 75 486 474 975 801 198 323 537 909 389 137 312 216 328 911 383 186 122 388 113 754 307 508 857 503 0 719 836 159 589 249 160 154 565 630 874 550 578 723 918 575 114 25 811 574 357 850 315 770 984 81 967 796 628 562 154 403 768 876 291 183 17 198 463 87 887 789 865 961 64 514 328 792 388 538 266 502 481 893 706 614 622 996 817 505 682 702 314 481 463 87 265 961 973 693 940 38 929 880 632 487 950 963 902 130 42 810 713 509 404 4 343 384 542 68 604 402 655 853 92 361 793 974 51 441 469 931 637 911 128 648 208 644 207 718 673 735 135 209 557 376 841 247 427 994 151 603 813 441 605 996 522 317 170 354 111 459 59 867 167 58 19 990 680 946 732 459 566 463 275 171 955 8 412 747 106 991 453 390 683 208 648 829 910 183 978 536 938 457 482 906 523 112 313 919 754 390 262 690 170 431 99 359 197 252 22 460 952 117 763 884 255 10 639 480 851 513 564 881 351 582 512 606 832 797 553 8 166 123 26 273 192 411 16 792 909 449 637 780 835 738 913 910 145 878 531 709 196 45 270 582 580 78 592 125 785 500 574 396 714 596 261 894 409 1 42 155 366 863 61 543 729 266 396 587 421 856 767 808 194 186 378 428 62 297 52 932 396 378 627 554 445 708 376 969 469 918 723 316 573 661 131 76 899 312 193 51 575 693 402 214 650 349 851 635 439 725 680 279 540 149 929 992 133 486 539 120 823 995 327 724 543 780 581 510 767 198 611 945 704 978 995 442 253 797 448 995 424 61 621 102 807 442 741 488 431 422 534 33 918 731 609 575 360 277 476 800 573 897 612 106 212 456 844 62 35 510 983 427 873 803 792 355 139 397 890 161 867 381 799 479 191 504 673 513 172 227 554 685 449 684 777 802 61 786 164 720 867 943 850 690 352 507 54 828 689 733 638 164 310 940 223 539 506 410 550 485 695 472 989 874 792 445 674 548 573 785 440 321 194 114 358 910 823 546 70
805 494 54 510 723 792 982 282 871 415 267 464 658 828 357 816 516 799 800 856 616 468 539 597 682 76 277 815 691 33 44 563 202 923 113 211 565 389 601 338 610 269 506 937 683 772 332 661 949 382 520 436 451 992 736 525 310 443 93 365 328 397 196 49 391 248 314 714 392 386 163 952 30 865 917 735 481 905 420 667 738 48 287 644 735 329 612 713 983 796 989 615 959 969 939 32 578 780 463 469 230 316 694 609 401 834 763 989 408 515 802 984 144 984 657 928 982 260 605 580 689 466 766 38 118 895 408 721 524 662 279 525 231 428 894 645 38 664 861 179 853 736 869 515 689 588 740 846 291 99 501 352 933 792 109 814 890 399 459 437 79 432 256 710 73 425 467 989 324 242 301 768 536 875 100 667 267 483 594 457 868 346 753 358 406 33 478 733 683 309 46 600 965 93 934 927 272 36 923 466 849 837 189 445 854 968 47 187 79 475 290 416 106 53 188 201 417 692 46 646 834 329 979 718 233 153 322 14 47 94 137 487 522 965 665 94 656 288 332 182 831 227 495 395 342 297 908 454 451 555 947 509 364 155 555 339 891 852 985 289 685 29 749 392 720 65 221 21 749 14 923 817 491 220 672 491 402 998 58 432 665 596 949 671 392 966 108 899 124 330 432 728 677 496 383 155 643 674 201 160 254 908 208 945 562 915 929 259 445 327 342 570 594 282 391 508 367 772 200 853 867 5 716 799 206 119 319 13 536 139 150 150 734 641 593 635 598 83 738 431 828 466 909 513 129 275 485 669 544 668 903 413 257 191 759 385 820 837 201 382 52 909 120 885 991 632 523 311 828 533 155 179 869 608 918 931 358 277 604 134 817 569 437 304 700 804 658 207 79 958 874 642 580 290 907 371 546 564 576 79 857 988 881 112 660 944 881 453 732 859 331 769 1 827 276 827 618 318 891 355 303 114 596 388 129 702 539 807 451 377 51 126 284 833 777 291 617 434 789 233 267 794 468 511 817 586 159 717 669 383 866 370 96 136 719 545 457 175 386 766 942 71 442 426 675 595 428 417 761 151 828 914 445 721 928 543 180 561 176 831 139 240 689 814 916 724 457 506 765 903 135 323 728 431 474 554 725 878 427 668
998 254 629 688 584 222 322 224 90 35 694 511 992 299 663 998 608 902 148 101 912 781 630 890 187 648 664 548 857 245 657 921 420 698 505 576 716 175 628 131 841 130 863 396 867 617 620 231 347 909 954 998 220 264 790 890 103 59 162 798 603 976 815 957 433 433 910 297 530 735 593 151 43 929 641 544 143 179 389 569 4 729 880 829 956 85 384 123 928 945 797 2 254 730 220 523 664 746 95 568 25 864 131 986 855 962 987 116 109 493 8 253 10 355 945 845 309 21 958 973 272 969 808 274 658 773 905 66 177 364 60 489 880 116 950 151 897 567 559 628 566 272 800 891 808 262 213 617 287 58 908 822 581 445 516 711 774 423 712 401 123 653 478 98 106 170 126 935 298 696 613 139 677 61 351 140 846 881 331 268 157 7 80 367 275 159 22 470 361 39 654 869 730 509 280 548 925 713 963 941 375 876 44 367 864 497 963 726 460 590 404 235 574 146 664 831 531 521 828 646 582 422 670 881 954 462 467 670 459 341 855 904 747 79 947 130 150 462 233 133 61 526 571 992 451 28 954 137 585 735 338 988 67 283 729 294 75 821 835 440 490 757 9 473 530 189 897 208 779 24 465 978 771 981 823 209 596 692 855 259 96 971 458 757 415 213 193 262 842 725 715 457 778 960 468 2 795 189 408 123 758 248 813 226 115 805 904 770 537 9 883 81 175 140 176 255 91 97 99 213 641 769 913 64 23 221 88 839 100 943 774 123 534 478 666 624 304 260 362 829 511 53 306 591 443 28 399 730 442 474 969 743 780 785 45 163 150 842 6 428 810 741 973 304 14 988 168 279 45 484 796 787 258 154 35 168 566 951 73 777 514 749 614 177 469 112 722 758 639 549 956 979 882 242 467 374 183 272 278 99 262 909 135 510 734 547 182 924 44 97 435 849 811 323 353 2 878 762 946 385 773 518 720 786 24 180 573 63 413 577 356 182 309 41 897 666 400 870 553 29 905 43 859 664 213 310 26 982 788 877 229 128 868 139 353 917 721 173 226 1 110 333 937 805 402 714 721 460 61 961 130 659 822 282 939 888 815 43 798 251 962 131 812 877 188 393 698 952 88 234 141 490 436 907 834 661 415 800 29 128
514 339 633 178 372 879 816 327 168 612 968 634 630 286 684 129 886 750 886 755 442 294 591 708 520 599 629 905 102 601 518 368 255 943 527 852 352 822 39 176 892 369 549 273 48 123 195 768 607 388 279 300 335 256 817 412 231 807 221 868 458 49 501 460 85 441 130 575 721 572 371 858 742 388 409 196 287 196 559 35 33 520 393 443 937 318 402 530 313 750 218 868 468 317 701 27 220 372 81 86 127 787 966 90 197 499 889 640 65 10 680 223 371 728 118 463 609 240 646 564 397 273 653 370 96 299 563 163 828 415 930 890 270 727 994 415 438 892 109 184 98 628 600 766 763 258 885 829 76 891 227 243 794 775 868 792 824 124 272 487 992 691 591 89 398 752 16 795 593 773 105 582 940 651 155 698 425 185 128 737 391 491 158 37 990 534 914 61 226 149 620 181 463 763 820 798 220 636 758 798 935 747 546 937 381 737 334 303 723 664 379 985 159 782 416 543 652 281 539 490 8 119 192 564 672 691 981 21 114 74 568 936 932 277 290 312 658 806 384 490 718 765 412 89 523 34 413 361 369 429 875 915 90 752 425 508 130 78 711 882 639 599 477 2 66 808 650 830 803 206 290 918 298 654 236 794 256 140 875 956 542 319 755 912 662 335 841 830 539 339 768 228 581 588 388 541 69 959 656 596 90 773 892 720 947 71 669 556 248 843 862 496 24 921 260 282 687 830 144 87 110 51 196 27 340 886 229 966 354 626 45 409 900 467 611 918 693 383 701 652 76 690 258 390 275 568 304 995 648 999 171 71 229 650 133 909 141 340 117 140 551 557 840 135 522 58 874 181 284 34 755 586 511 159 628 171 182 889 886 719 768 168 468 402 822 235 302 748 812 944 558 913 641 610 442 939 726 66 615 124 333 439 120 214 811 259 619 234 923 980 373 250 744 824 274 639 955 399 156 385 502 226 387 364 959 592 849 70 571 143 246 492 290 840 931 811 38 278 361 175 978 308 166 992 5 56 990 158 50 648 16 745 456 241 52 762 116 385 578 830 89 365 553 418 620 459 490 376 564 97 164 717 482 271 483 877 984 890 925 317 332 322 70 161 468 977 91 44 617 213 525 486 780 474 559 358 585 413 356 934
566 912 246 104 772 689 198 532 472 57 279 779 152 788 520 387 977 335 778 313 307 84 288 587 774 980 892 566 199 735 112 303 160 753 235 16 217 455 793 51 32 835 944 783 428 37 893 211 185 229 159 648 42 959 429 973 310 290 987 538 459 523 949 555 955 491 116 6 969 112 965 965 345 593 855 14 250 653 877 417 233 684 599 616 506 991 475 815 576 10 789 134 834 730 10 380 262 94 879 197 654 390 79 506 912 830 789 307 299 597 692 713 816 822 471 695 289 722 888 772 294 312 951 278 361 655 171 534 86 933 4 432 56 646 938 235 151 118 463 784 57 697 629 501 493 911 680 199 112 535 801 726 385 563 67 712 460 720 540 832 629 58 264 758 350 282 150 62 339 931 830 497 128 604 650 792 124 78 639 422 51 857 38 467 87 797 874 538 53 729 639 46 651 325 381 776 869 787 691 524 595 47 667 266 725 467 791 383 198 18 466 870 847 988 665 203 145 7 515 235 285 858 704 415 64 488 721 542 922 218 586 976 162 261 816 10 960 72 349 725 291 976 273 851 390 473 57 243 799 769 878 191 363 457 267 398 536 975 552 268 186 949 948 816 179 757 544 899 18 790 908 878 24 330 84 625 325 684 664 754 538 384 809 677 863 719 204 565 255 875 744 849 554 723 271 72 951 513 449 594 160 122 927 302 297 373 923 758 467 382 292 283 821 951 894 953 241 112 307 205 194 280 824 922 355 627 754 647 580 236 958 11 929 85 500 673 667 893 944 811 515 9 716 122 369 951 629 979 298 309 854 884 674 266 762 281 62 403 523 630 259 246 418 717 753 822 333 134 658 640 202 526 842 376 117 438 153 862 730 724 657 837 94 557 568 702 307 65 810 798 569 314 611 456 27 869 439 35 288 816 845 400 47 412 70 955 85 794 804 693 231 716 921 499 217 418 990 168 545 985 818 689 180 672 481 711 215 302 180 542 846 736 546 817 141 721 545 387 878 791 449 111 846 479 644 816 279 927 676 764 625 877 720 201 216 496 307 784 786 780 905 232 312 627 425 606 948 996 621 575 380 407 901 245 760 68 819 993 135 115 454 215 599 77 13 618 847 880 595 644 584 446 104 377 439 860 796 735 501 327
458 327 52 105 516 125 513 812 282 353 422 907 503 85 14 263 21 576 842 120 493 58 75 286 654 736 572 646 560 791 530 744 384 785 966 967 318 29 900 474 444 271 324 962 412 546 106 598 196 573 555 138 611 429 682 462 742 570 276 336 755 720 385 184 355 138 824 834 0 348 568 909 220 359 56 134 174 466 658 848 146 116 340 271 866 308 784 562 133 97 199 888 618 487 478 558 998 221 287 957 943 273 661 168 195 357 365 174 518 307 138 619 588 661 88 437 445 339 912 263 414 64 748 338 5 495 614 869 309 45 542 3 755 20 409 27 342 921 42 791 180 208 461 261 198 428 279 251 816 772 617 447 760 292 501 618 303 940 666 565 565 760 488 931 86 100 183 693 713 1 965 285 808 820 601 118 83 741 991 985 901 339 713 405 302 22 346 883 679 903 148 677 381 551 473 202 349 500 68 618 219 53 226 995 80 88 650 671 965 796 564 418 270 660 931 165 643 247 63 739 771 920 167 221 74 708 132 244 341 288 148 383 83 312 658 649 707 288 931 605 687 296 800 742 131 64 340 52 600 116 843 32 533 188 417 448 446 504 27 130 894 252 142 416 20 960 141 280 455 425 94 684 573 836 173 239 864 778 803 521 856 924 482 382 767 383 899 413 902 987 421 109 557 592 164 558 289 773 359 704 871 571 676 983 283 617 500 930 964 123 341 732 11 581 775 840 930 112 239 751 836 901 19 211 569 795 321 291 158 508 903 50 325 441 202 803 988 648 417 128 526 244 587 386 369 455 988 892 288 617 33 453 361 465 383 859 176 944 938 953 315 283 98 736 394 291 798 256 288 93 871 807 150 108 415 491 528 446 998 592 193 548 942 532 117 447 394 546 829 632 589 634 824 453 959 204 470 241 199 48 139 520 102 379 669 757 767 588 41 966 304 33 802 823 119 817 701 751 687 35 178 221 747 477 606 35 331 431 76 880 952 934 590 453 639 126 780 939 515 303 347 880 680 671 184 357 933 958 909 107 762 992 141 322 943 877 495 902 987 665 687 2 82 2 514 66 744 335 965 798 983 437 125 462 173 248 472 838 482 547 595 533 821 666 573 62 676 540 313 403 441 604 715 975 668 578 873 325 108 665
409 23 181 869 810 32 344 103 526 219 941 407 184 357 932 608 811 297 152 274 301 756 846 748 378 166 738 865 2 456 832 569 383 223 318 348 333 725 522 757 221 322 99 443 228 847 841 733 759 901 538 41 529 876 785 539 933 853 561 858 679 516 905 633 23 920 475 732 425 228 705 700 532 273 829 911 716 983 293 201 417 317 722 493 510 128 873 533 430 558 95 264 926 525 552 523 708 3 887 312 946 846 312 504 351 46 851 836 766 29 186 548 74 824 224 824 346 318 970 516 177 807 387 90 390 589 955 933 314 923 951 247 74 29 7 326 709 617 534 725 893 314 748 673 669 477 749 741 771 547 952 783 810 306 913 986 36 817 76 220 707 600 113 583 138 817 526 603 556 36 510 999 549 260 282 481 617 264 682 407 537 607 657 857 846 101 182 953 400 115 965 377 693 63 147 769 722 530 166 952 863 484 48 406 659 490 765 517 174 192 316 972 872 577 206 525 989 979 286 534 897 273 914 58 723 941 333 247 819 212 959 154 490 974 558 800 505 932 95 247 243 136 828 616 470 927 496 802 455 555 766 801 908 998 409 606 693 208 100 715 553 270 754 218 546 335 531 589 223 249 807 104 868 22 950 757 404 902 89 522 99 310 982 827 622 749 558 588 322 100 65 341 499 101 453 310 618 823 266 498 89 849 111 133 501 836 997 33 601 860 636 525 813 399 974 709 102 148 223 149 636 587 589 890 660 96 481 376 332 162 128 973 403 554 432 580 102 254 291 303 96 206 668 313 252 696 50 263 538 339 755 767 497 52 649 346 875 332 201 657 409 246 544 742 757 757 252 17 832 298 68 188 709 913 827 522 452 68 668 377 564 838 683 248 763 808 321 538 313 851 613 971 298 248 28 736 156 657 920 742 776 215 116 267 972 887 347 706 776 357 78 816 203 93 754 702 192 484 554 649 442 789 97 758 641 309 318 707 514 583 788 301 377 987 385 788 705 284 74 821 237 283 318 992 1 981 865 942 285 889 758 725 146 894 175 790 646 920 827 443 100 140 897 461 95 941 227 539 928 460 726 680 48 499 441 960 496 172 316 944 487 73 667 935 442 198 115 624 5 882 781 475 250 13 481 631 303 652 352 825
98 305 519 111 721 438 402 178 289 680 501 353 678 486 246 537 906 865 661 858 633 978 101 413 437 891 112 337 816 967 978 759 145 372 811 644 503 712 256 952 168 772 976 328 159 429 719 751 971 402 775 385 878 362 25 941 875 225 152 684 401 719 258 997 60 916 656 269 803 537 804 28 639 496 34 484 460 589 112 420 54 527 102 125 414 914 7 135 249 59 666 419 549 531 702 323 113 826 140 319 206 357 141 154 564 127 99 406 142 174 85 209 47 8 345 2 11 170 531 470 73 22 845 827 134 101 95 820 546 342 107 691 293 485 858 681 217 187 411 200 352 519 606 53 508 587 431 61 815 944 634 538 747 727 510 60 525 42 513 691 562 77 895 495 675 329 787 939 748 81 589 913 994 449 79 450 478 364 459 985 470 185 772 576 172 508 849 514 229 834 673 806 88 990 394 637 387 732 593 299 417 787 899 481 142 151 456 639 262 863 81 573 449 220 588 630 37 613 316 53 301 632 616 760 967 636 101 804 992 135 849 645 36 372 254 984 9 118 655 966 379 621 665 645 187 726 688 893 492 205 231 487 12 60 735 408 322 745 784 821 401 531 298 312 868 938 972 336 781 908 34 883 84 822 858 525 659 347 48 98 330 629 516 57 834 845 834 930 881 940 247 94 986 281 858 193 810 226 981 57 278 104 236 461 242 192 731 976 235 405 721 629 758 574 888 298 528 5 133 874 154 625 472 294 104 730 149 495 438 584 53 686 238 763 325 79 604 904 107 998 496 634 994 577 480 596 684 672 654 966 447 978 150 670 876 519 778 319 763 989 431 586 590 698 692 222 654 610 19 508 119 526 922 100 695 14 374 545 614 647 741 155 511 929 260 644 186 578 70 651 541 678 256 19 6 550 340 92 884 941 815 278 465 780 376 38 922 744 998 318 357 195 410 781 199 832 137 228 455 252 792 629 839 11 104 395 822 508 370 213 542 160 824 359 192 85 815 180 789 497 179 194 808 622 652 520 810 289 646 15 842 411 389 247 624 598 926 981 258 930 35 282 244 669 112 476 850 447 931 151 297 979 917 711 83 687 962 125 226 554 326 360 249 919 276 112 764 857 321 817 590 872 704 249 261 872 261 496 846 971
609 60 50 557 569 220 84 19 312 104 273 224 126 842 681 349 817 496 913 513 965 932 202 702 880 667 172 11 828 719 394 649 939 28 773 531 19 468 889 347 150 354 257 287 318 696 102 470 143 867 411 147 155 815 940 65 117 38 780 753 272 895 849 616 889 988 968 467 279 926 54 260 626 25 673 488 748 639 265 966 51 551 728 64 879 970 884 544 604 227 275 936 518 959 245 147 738 538 807 822 523 2 925 584 757 286 968 890 490 897 406 941 330 171 220 871 578 648 795 515 623 834 398 317 458 828 418 508 492 881 275 305 273 25 454 785 834 760 334 804 964 557 485 368 279 969 172 490 712 17 809 15 142 546 864 688 703 804 47 105 697 73 356 130 907 147 521 163 260 303 456 423 367 165 548 187 276 764 794 609 704 7 694 703 496 750 602 426 452 775 461 396 874 865 591 357 530 546 625 651 353 264 886 20 40 421 865 611 445 378 607 527 991 180 808 307 987 671 567 317 871 925 133 768 529 416 249 472 924 174 369 765 887 543 681 934 8 896 430 691 229 708 677 596 224 597 432 541 839 602 976 375 929 797 815 365 177 404 486 789 513 87 549 178 490 841 610 553 918 270 757 209 538 566 253 200 317 539 342 946 569 13 368 912 779 189 424 620 591 19 409 432 226 867 58 555 190 164 258 442 497 654 473 326 113 472 449 588 299 575 66 644 75 157 30 19 232 479 390 88 408 796 150 400 457 602 523 227 550 622 777 318 603 330 572 80 31 969 308 807 874 708 794 445 496 618 99 360 77 189 746 751 558 49 331 848 427 329 605 720 833 657 142 191 382 473 707 519 490 536 415 510 722 780 972 905 519 403 327 457 26 38 21 478 77 998 5 609 565 141 133 616 646 144 975 382 804 698 330 199 716 228 613 309 205 829 638 962 458 320 860 185 540 434 758 659 792 227 841 92 505 989 374 351 781 637 543 447 152 579 827 151 466 429 235 514 876 585 805 683 512 232 621 321 136 810 271 827 596 867 643 521 813 980 104 125 690 142 579 89 621 767 321 563 818 581 518 499 23 438 39 447 731 83 836 222 835 828 8 54 321 101 492 274 778 772 264 271 360 912 847 37 637 599 720 281 778 164 341 996
35 119 661 784 985 438 505 379 716 430 27 888 845 221 745 460 184 509 345 293 456 50 708 304 793 592 332 257 399 547 156 821 572 949 366 881 517 971 647 447 104 758 132 770 755 293 691 466 109 270 193 933 280 741 970 320 459 522 784 553 226 58 494 81 79 82 367 575 977 742 403 467 47 758 383 247 372 750 808 717 305 282 517 59 803 997 260 860 413 886 438 21 431 643 706 365 71 157 326 166 597 56 341 165 108 848 532 635 465 368 688 329 439 291 961 364 824 342 302 188 351 202 867 830 669 189 515 528 951 491 115 261 562 137 216 3 170 133 507 586 967 518 237 191 862 649 324 947 137 728 816 470 116 777 601 222 530 733 763 582 814 169 846 618 46 467 986 388 827 729 755 175 913 642 274 349 379 289 167 358 372 811 483 986 826 250 736 160 183 413 545 568 499 139 654 214 843 105 609 113 274 19 647 231 13 178 384 81 115 623 667 788 301 587 214 234 563 299 909 787 164 639 196 280 721 115 862 921 491 906 9 445 480 756 983 455 969 676 964 809 483 601 316 326 996 87 251 867 443 952 527 607 592 833 464 956 499 367 383 635 28 829 882 300 822 60 522 765 957 825 508 545 726 800 922 321 998 511 333 568 936 192 151 324 849 796 271 9 1 408 895 200 862 240 539 785 955 894 761 889 412 608 44 340 335 699 235 837 398 175 877 141 543 40 135 47 847 25 701 16 583 668 329 858 465 308 201 938 147 719 149 211 33 815 916 115 698 701 432 91 269 20 499 393 83 936 772 341 756 458 472 813 193 411 221 886 146 38 869 329 601 376 155 794 7 716 20 311 932 57 345 823 586 934 588 427 48 830 655 920 30 128 128 462 22 823 691 515 629 915 659 551 146 456 167 983 424 538 758 552 388 217 156 399 31 810 919 40 320 352 76 610 513 628 977 207 718 633 886 609 866 412 273 995 506 496 938 487 27 258 363 697 125 770 670 446 739 182 163 984 75 589 429 695 783 861 432 467 424 679 624 992 719 273 52 205 250 389 748 558 902 884 97 366 243 724 239 561 667 780 656 554 188 368 837 292 931 870 417 75 786 283 501 283 438 298 133 75 843 105 781 734 849 435 998 252 625 482 917 227
117 20 79 677 761 676 563 948 336 24 35 234 221 661 571 92 693 31 326 183 98 358 133 316 800 374 708 335 224 703 68 139 485 997 775 620 778 576 671 577 966 43 122 589 954 67 771 204 390 590 441 713 102 898 676 810 980 114 983 517 151 368 713 737 258 772 850 218 9 638 511 179 256 855 733 483 304 712 746 391 559 291 269 508 797 200 619 925 659 294 107 877 78 876 892 279 950 611 613 241 795 835 924 523 477 131 328 486 497 988 132 374 259 997 700 256 323 695 432 166 630 988 323 938 225 812 211 308 194 308 660 663 322 281 540 694 803 486 675 875 250 853 518 33 925 570 483 720 881 933 615 626 4 853 790 738 776 388 514 560 537 648 292 664 167 608 436 842 265 337 721 428 566 683 257 506 638 921 624 12 979 547 542 32 930 652 13 562 535 221 252 577 132 78 93 266 452 742 914 153 815 334 511 425 462 476 212 168 626 775 218 729 887 942 881 107 158 672 403 996 331 790 58 503 720 815 932 2 308 347 660 255 56 635 618 96 800 690 177 32 886 766 241 658 484 193 175 70 613 928 177 843 422 586 465 13 456 1 372 970 67 541 207 953 624 614 756 636 428 819 339 65 606 968 297 646 927 250 407 561 319 406 415 727 845 681 74 818 335 384 70 815 859 723 837 494 723 242 552 721 352 955 380 632 476 480 224 932 838 642 61 806 924 199 569 327 854 650 193 154 551 802 851 633 414 169 614 154 175 459 319 521 831 236 350 229 826 489 674 334 875 610 485 615 282 476 388 843 154 130 918 680 743 299 467 91 510 531 801 782 804 442 60 90 994 748 18 351 845 894 501 509 471 978 162 639 85 27 495 836 507 861 516 927 458 528 975 133 246 510 44 308 428 720 817 409 442 293 621 510 384 619 15 954 42 706 866 645 256 704 821 457 842 151 898 914 869 991 181 989 77 639 598 942 571 0 489 530 581 541 518 181 178 51 550 991 175 274 501 330 362 606 330 166 126 646 90 177 731 893 294 936 310 536 351 388 203 239 723 691 698 662 716 76 784 202 954 942 454 9 881 523 813 530 74 233 550 871 871 546 439 437 108 814 661 330 14 543 556 309 354 45 928 11 247 632 554 714 642 154
56 495 274 9 565 945 709 715 992 391 22 546 188 392 611 59 611 264 853 231 822 83 298 789 431 462 26 505 791 869 732 278 194 971 644 438 517 887 931 186 575 654 188 579 992 309 802 521 891 473 718 835 637 182 560 148 661 845 141 42 466 626 668 320 242 743 147 244 711 588 338 166 1 312 535 17 268 124 395 910 80 17 84 210 34 777 754 723 676 415 161 162 272 334 796 859 719 897 68 699 673 168 236 146 310 908 346 473 95 255 587 866 11 284 222 455 516 349 858 600 574 888 673 901 761 808 885 568 294 605 348 223 84 719 909 126 278 883 756 286 164 368 412 964 511 766 92 944 158 569 868 454 318 896 295 784 13 64 72 135 106 447 49 227 852 961 783 600 365 421 830 698 207 277 963 312 642 715 619 325 545 302 658 986 525 754 799 126 408 807 599 477 537 319 613 684 605 42 158 790 388 516 625 710 707 83 447 833 558 800 918 680 385 991 247 926 975 38 659 510 382 24 179 646 592 923 202 138 543 708 456 144 284 49 766 110 865 693 5 713 135 126 550 627 185 976 427 493 137 108 398 377 220 218 792 411 483 340 967 883 584 439 256 343 517 862 938 840 776 480 325 444 715 332 544 120 489 551 540 483 473 642 950 185 51 597 987 606 905 145 646 944 611 782 363 230 974 824 172 772 260 535 803 531 684 747 677 697 63 45 260 655 722 342 538 832 262 132 554 492 31 143 390 597 455 442 76 994 141 736 867 466 308 552 38 196 356 995 587 991 399 614 551 124 45 138 932 748 878 457 971 654 569 264 268 231 648 923 919 221 670 902 985 283 914 500 345 132 312 442 348 228 899 11 657 509 895 328 487 310 791 639 954 224 497 441 407 702 499 897 259 540 865 402 375 663 648 247 263 9 718 45 377 175 177 823 846 585 171 789 380 65 934 126 659 616 571 655 703 584 507 905 819 349 624 55 314 842 691 195 270 967 791 575 550 605 681 777 540 932 872 6 861 228 48 192 212 682 625 31 677 791 588 706 850 657 425 49 466 987 676 811 79 347 871 218 544 796 205 629 250 80 421 672 207 370 899 874 0 274 122 552 609 491 563 491 284 292 608 397 687 384 990 64 391 14 282 783 864 158
158 54 527 885 341 636 403 76 579 761 276 227 116 632 976 818 533 397 221 516 44 639 839 457 270 514 517 644 572 564 916 849 264 239 842 126 793 641 576 419 34 977 910 691 483 456 291 393 561 632 160 305 456 586 960 485 401 373 861 596 83 187 717 289 109 382 976 146 957 507 184 901 176 875 477 683 223 603 731 938 657 636 665 737 145 9 998 461 156 127 864 663 443 284 157 353 921 847 415 941 757 94 183 11 684 240 211 157 6 84 605 78 619 310 164 862 81 50 790 229 562 910 393 220 999 465 73 998 544 63 727 869 3 217 240 962 9 985 338 618 607 870 227 552 649 787 197 573 953 451 195 965 481 241 168 850 627 778 179 744 867 125 477 15 710 716 251 283 316 76 653 281 877 458 888 75 743 628 121 589 963 439 478 944 864 934 532 601 941 197 422 775 968 717 691 265 637 102 712 177 163 856 341 530 962 621 558 153 53 761 752 586 469 819 151 428 66 663 834 859 267 242 720 670 8 233 59 992 254 322 399 111 41 203 770 38 174 499 570 670 140 376 723 849 834 465 857 347 442 327 418 978 341 440 498 637 732 288 364 158 442 730 506 78 92 329 757 64 586 842 213 424 834 253 857 276 911 747 311 924 532 651 989 795 747 677 115 560 618 807 140 889 637 316 157 488 953 168 695 170 645 35 766 516 604 53 893 750 909 822 540 774 628 902 632 910 432 331 92 706 727 949 779 501 1 152 177 876 423 591 806 142 525 778 225 799 675 133 293 499 410 667 834 945 332 86 530 172 6 531 482 16 181 944 948 230 756 696 532 995 184 689 212 988 371 480 973 302 633 214 157 569 192 573 704 692 644 814 501 912 219 735 191 535 949 151 476 795 537 231 904 729 128 894 524 796 162 339 851 885 750 923 344 816 110 503 318 963 66 111 658 272 676 577 463 407 824 916 925 570 128 27 966 772 131 446 999 52 912 111 283 63 339 453 517 269 530 322 848 675 681 907 175 911 565 462 141 469 247 347 778 782 223 485 582 436 98 331 816 177 9 580 20 929 591 442 560 815 804 39 342 98 276 348 999 190 217 715 763 126 366 151 79 192 482 975 417 799 458 683 947 604 744 773 834 870 959 473 689 774
947 138 184 933 655 128 918 94 38 492 987 752 376 533 250 479 973 333 341 617 555 126 525 707 371 266 805 703 560 150 553 844 441 234 268 199 299 899 951 605 731 756 644 264 276 556 420 196 254 607 689 501 627 482 171 112 251 592 47 158 75 95 193 841 445 776 375 218 399 635 377 736 643 679 870 6 645 518 430 333 207 837 285 214 205 888 926 726 858 190 33 101 862 697 690 990 20 357 804 576 799 978 172 304 429 715 321 155 66 914 9 273 798 43 757 168 55 163 242 871 512 821 582 398 794 953 380 542 566 804 864 363 874 845 982 409 691 56 92 908 65 781 450 407 622 947 359 538 757 121 774 188 993 437 843 833 475 896 833 562 278 124 551 484 741 849 582 860 810 568 116 766 298 307 113 53 306 472 752 200 693 987 975 378 355 771 646 779 383 716 721 760 881 773 353 387 614 438 158 952 776 911 457 565 844 207 720 198 387 280 510 235 521 669 812 160 428 333 432 155 679 361 933 442 280 524 417 591 457 468 937 596 927 512 601 686 140 189 689 373 838 508 708 875 949 985 187 637 438 673 100 283 683 188 177 268 959 776 711 463 172 564 915 624 454 186 558 272 622 922 879 459 943 641 61 707 376 887 65 717 332 81 474 567 261 471 524 36 74 887 787 739 686 76 284 197 833 705 365 531 914 413 732 185 850 512 815 38 435 13 714 952 844 318 45 562 644 81 655 399 877 23 442 149 787 122 672 807 863 679 307 169 511 869 414 776 307 140 79 379 54 95 171 875 325 691 214 209 479 21 201 10 850 383 64 551 617 187 978 732 779 402 835 257 697 182 152 606 419 246 136 897 208 941 329 756 907 721 752 187 895 374 895 515 21 53 787 794 14 520 289 745 898 519 879 712 324 885 745 747 567 382 458 722 742 393 293 930 672 574 556 610 35 352 640 247 705 16 556 218 460 978 950 875 384 936 131 893 628 651 172 430 674 97 612 934 807 36 823 539 869 548 242 383 113 12 143 749 453 828 941 781 90 474 673 819 519 713 277 22 292 754 266 104 312 51 246 534 842 7 284 350 917 688 231 398 451 206 720 435 951 191 494 280 83 667 427 929 517 509 533 922 679 542 391 838 861 729 962 316
464 576 139 334 293 132 721 656 238 419 446 265 322 448 734 941 673 96 115 34 949 452 665 99 424 905 0 953 967 112 882 292 4 326 159 909 584 78 104 109 464 432 656 427 798 390 229 528 871 487 903 297 302 413 570 243 806 186 6 177 85 479 902 704 422 353 131 743 85 821 649 349 777 881 223 33 515 92 146 488 940 259 27 985 30 622 93 571 216 569 389 40 996 575 277 407 659 981 337 526 855 556 561 71 735 543 405 557 92 943 513 346 334 791 352 173 526 949 512 672 969 657 970 546 633 803 711 770 618 40 969 899 647 206 136 843 976 838 641 382 490 928 166 848 688 689 878 477 582 626 550 558 877 410 266 810 748 820 320 619 540 586 649 412 290 780 398 276 218 171 58 133 349 758 915 688 810 784 117 331 656 482 371 11 683 269 461 584 688 888 448 682 908 993 189 12 142 50 69 664 758 142 521 506 882 916 373 584 248 9 498 960 598 774 135 628 659 640 716 469 464 547 456 155 876 980 157 400 21 674 946 618 782 158 224 593 299 933 546 393 665 851 581 198 704 0 148 61 953 192 848 873 80 700 893 99 381 855 154 731 736 938 892 84 837 297 609 84 89 266 48 695 979 310 739 640 521 799 102 99 920 460 701 621 147 987 255 620 506 463 865 954 844 196 97 505 550 110 385 448 41 914 123 10 21 108 73 227 935 14 416 191 510 127 83 384 986 63 316 534 305 637 388 926 775 921 417 516 483 603 502 672 490 557 786 977 585 479 482 853 193 417 586 122 120 200 403 623 879 458 892 635 477 689 758 524 948 82 43 374 529 788 809 53 392 600 563 638 239 71 31 24 883 79 166 309 99 348 305 277 585 871 406 331 24 479 340 881 741 870 338 412 680 508 188 535 809 8 710 374 376 659 345 932 810 445 740 332 143 166 147 221 344 59 974 641 958 187 703 29 205 581 270 134 496 903 103 692 261 564 847 118 160 224 111 443 578 21 93 957 393 582 396 870 817 495 524 276 45 662 308 600 312 152 727 316 366 589 571 66 645 620 625 879 949 618 669 699 518 914 238 8 456 733 247 313 260 46 769 882 451 728 985 204 507 366 732 569 620 809 211 996 821 728 921 388 749 28 525 248
730 983 967 533 416 89 202 558 474 348 392 142 930 343 767 787 502 969 856 297 417 729 749 467 115 975 694 471 725 905 975 289 683 875 618 983 468 297 872 268 326 189 558 772 239 157 518 836 615 422 893 330 909 832 640 584 456 425 304 662 243 25 777 161 536 34 104 198 192 119 471 870 78 39 441 496 134 759 907 786 28 714 494 178 287 280 194 317 39 124 221 632 588 561 518 291 374 351 446 816 836 130 644 502 407 805 755 290 559 178 888 990 979 881 709 280 7 898 456 612 861 229 25 836 402 194 573 524 258 282 803 181 562 164 152 397 169 878 851 832 733 724 454 360 552 356 437 129 542 107 400 207 999 344 762 359 567 86 392 236 484 530 895 330 560 48 589 799 584 456 404 302 992 547 368 807 508 399 838 235 890 281 184 90 278 774 392 541 583 962 723 585 869 231 132 234 173 678 517 842 570 517 527 631 515 410 973 642 741 950 238 441 458 83 910 203 696 601 359 483 368 254 555 845 654 269 567 362 475 118 487 977 108 733 433 615 472 236 449 831 26 135 373 620 907 905 919 211 6 842 484 964 770 531 737 391 988 89 896 343 892 923 664 781 36 756 289 885 849 891 905 154 728 467 538 915 390 167 466 50 97 323 939 946 457 46 699 617 105 416 196 312 551 367 253 416 428 361 611 598 185 543 507 272 362 89 305 511 557 950 122 520 598 134 630 242 10 261 225 284 737 556 599 364 613 280 194 692 207 327 282 787 266 96 829 568 724 108 654 251 749 713 614 530 679 951 389 304 545 945 593 587 825 859 41 792 263 823 425 846 550 718 781 379 658 672 958 899 58 810 50 499 290 953 415 284 553 806 502 420 904 306 327 564 771 554 256 840 3 405 704 368 351 734 276 374 794 602 859 7 638 194 96 935 94 823 88 27 831 615 571 677 166 978 132 128 315 305 510 125 982 468 689 345 70 633 186 50 265 248 819 516 113 820 986 43 705 470 521 706 68 291 203 94 351 704 414 220 780 190 861 996 839 369 473 386 489 938 368 122 323 231 618 762 816 279 178 907 25 630 696 667 554 238 951 199 525 457 946 765 27 466 157 895 192 834 596 697 551 59 626 527 878 0 944 32 982 25 848 375
546 222 122 417 500 464 378 852 539 281 921 959 484 208 515 928 219 720 774 622 344 436 637 214 392 817 327 691 547 474 649 63 303 442 867 397 884 416 689 495 479 304 594 456 731 790 69 15 595 476 552 845 966 438 996 146 766 428 91 468 364 465 745 525 697 698 947 503 120 882 726 152 510 704 141 336 63 972 67 390 853 596 606 623 894 548 447 535 263 868 151 669 772 298 279 679 424 183 477 747 49 151 144 884 182 433 76 596 374 918 872 1 572 740 263 346 111 429 114 292 346 284 727 884 941 746 118 675 150 671 545 720 370 541 980 421 761 487 78 830 998 364 452 469 796 645 752 109 785 608 812 315 787 655 489 105 894 825 964 611 638 151 627 872 489 829 292 272 489 828 199 954 405 714 971 481 784 67 83 434 578 273 570 482 143 565 707 903 889 568 436 60 426 45 505 606 400 78 333 21 329 358 516 812 933 356 338 274 806 995 150 814 169 371 948 407 292 245 508 45 326 190 506 891 35 113 307 349 516 937 612 859 283 951 182 508 598 709 41 127 287 276 901 978 170 969 807 760 709 641 212 162 627 847 7 340 880 527 606 163 825 997 156 436 215 156 732 657 182 264 27 60 960 706 627 27 420 755 754 289 199 91 536 104 255 209 547 144 519 567 623 535 328 147 733 787 137 8 445 689 16 325 580 981 580 96 548 261 155 520 690 581 576 757 116 344 64 690 235 331 150 220 902 90 404 96 990 104 912 980 255 309 780 38 267 371 257 649 799 640 739 283 697 631 423 909 306 712 109 808 487 856 331 436 135 736 554 855 938 993 219 997 454 548 907 503 426 527 717 602 391 356 239 707 976 513 296 774 667 444 549 606 343 833 495 692 294 413 639 194 886 376 772 625 741 396 535 406 366 437 262 19 548 56 953 107 976 530 577 315 129 816 706 157 709 83 509 584 210 932 179 237 704 346 391 445 28 320 547 5 261 304 844 36 770 742 333 149 227 687 383 363 468 323 809 678 737 463 201 819 188 565 541 411 521 850 126 77 84 936 598 231 854 888 825 452 837 647 907 167 690 417 448 94 346 521 65 708 477 471 778 508 362 988 318 433 795 301 720 600 971 158 290 629 6 569 478 686 225 166
321 721 18 66 106 643 682 662 879 262 608 169 75 809 205 562 83 763 516 703 5 611 959 332 455 913 689 361 43 236 240 495 627 292 716 894 677 952 812 757 51 140 246 257 801 333 137 707 353 622 250 767 673 10 665 103 376 447 953 306 750 520 349 543 313 656 971 575 490 391 597 512 695 947 131 757 262 282 852 351 146 559 354 217 762 915 250 501 291 1 686 543 245 449 333 580 436 852 558 759 497 146 534 776 641 588 141 773 897 458 868 337 709 243 93 618 424 896 495 92 535 890 253 545 200 163 737 401 673 596 220 727 320 962 607 502 777 191 201 628 415 120 582 432 716 752 419 226 410 957 110 308 147 150 871 987 694 992 581 854 266 881 541 490 189 134 673 826 544 520 52 776 286 324 88 859 368 611 916 681 522 428 640 686 374 174 523 520 154 666 24 814 352 306 512 5 943 580 964 691 137 297 316 863 859 456 116 132 772 701 830 948 555 16 347 502 870 159 634 641 950 4 512 147 831 168 39 325 448 481 549 245 664 522 248 983 157 748 765 660 392 1 534 737 309 135 397 3 454 803 884 370 415 179 726 955 961 207 300 585 807 81 31 701 997 37 76 487 487 771 976 350 193 539 455 356 862 771 645 466 835 105 323 844 992 573 282 763 739 777 856 166 548 690 557 315 951 823 769 890 580 915 244 269 819 201 7 803 358 445 883 276 325 364 146 906 172 706 185 668 97 429 836 941 842 635 222 261 293 587 47 252 536 186 942 110 204 684 836 647 780 737 559 272 694 870 344 47 840 352 941 287 578 252 62 571 359 333 71 295 8 314 261 237 65 0 20 338 535 288 756 192 212 276 636 142 22 676 189 391 113 464 919 403 37 565 781 262 888 603 518 58 759 551 736 223 564 319 283 429 161 538 705 285 352 785 623 876 992 648 383 621 743 392 724 837 229 891 385 905 537 960 679 158 873 369 170 939 412 237 373 131 651 465 194 674 686 439 431 519 641 342 344 872 162 399 213 285 117 706 383 682 948 253 878 185 787 1 277 396 611 87 60 757 119 38 479 153 963 229 543 610 134 122 945 443 125 326 635 476 293 503 227 243 398 656 240 910 559 993 731 217 589 684 923 716 248 462 238 191
951 419 829 288 564 25 620 719 510 250 436 447 282 257 964 772 334 85 919 469 191 771 465 209 468 651 164 324 668 466 470 899 297 240 192 328 367 619 448 377 167 157 144 45 570 222 275 812 920 296 482 389 752 492 807 32 22 476 598 344 173 622 768 598 765 559 892 734 143 728 574 523 587 282 662 55 398 431 310 400 351 471 487 962 303 922 550 195 979 956 384 81 864 295 10 53 291 652 214 652 168 812 471 834 906 256 273 65 497 331 292 143 476 906 421 719 73 630 199 255 472 234 333 930 203 60 888 634 846 450 255 505 538 491 932 232 580 342 260 183 289 48 293 841 495 971 480 453 740 339 349 28 753 994 850 102 318 220 929 711 247 40 961 687 249 182 118 326 747 190 39 225 541 318 715 304 69 652 242 975 689 621 911 271 418 189 144 135 581 968 236 240 85 194 498 308 758 416 709 634 258 638 795 696 266 309 58 778 266 665 97 717 979 953 656 11 621 952 675 644 835 871 630 246 774 63 649 620 640 804 332 420 3 235 771 709 348 886 540 448 403 435 370 739 712 365 300 250 397 901 800 564 32 558 498 71 772 193 276 933 466 987 268 630 495 373 145 697 961 617 44 831 668 908 375 176 100 482 102 477 18 271 743 474 495 594 680 589 313 374 995 885 138 86 162 846 579 488 265 956 22 952 251 122 840 484 899 390 224 888 153 86 541 353 620 178 53 867 801 946 451 308 838 254 951 180 646 775 67 300 501 421 826 432 879 541 554 891 922 787 519 872 875 503 872 66 619 874 237 172 458 223 363 44 828 87 344 586 170 478 319 792 823 96 796 525 981 391 580 564 59 668 629 776 971 843 560 399 793 346 808 373 934 799 641 144 462 114 546 378 667 265 372 543 53 482 533 204 99 323 952 935 358 568 215 170 486 475 279 216 231 854 175 203 749 823 172 656 78 128 715 70 860 993 564 86 862 929 42 956 215 174 716 618 795 994 683 836 802 29 290 530 94 209 327 538 81 548 392 559 162 583 915 353 30 120 105 630 560 657 826 335 665 349 660 199 276 516 615 369 762 479 706 824 162 723 974 562 175 724 676 607 535 386 192 628 808 662 698 461 711 331 672 409 63 449 352 558 931 787
961 29 823 804 664 932 289 416 855 440 562 99 331 82 520 971 782 95 187 352 266 141 618 189 612 226 948 810 488 542 873 817 593 931 512 461 869 816 483 61 912 234 324 788 170 344 900 967 766 86 24 37 618 302 217 366 9 149 633 775 355 543 154 438 315 76 727 188 700 755 193 744 78 883 422 169 414 361 317 385 636 29 313 998 286 688 430 880 899 530 727 23 804 852 117 461 212 957 855 664 822 322 692 412 98 565 718 265 273 633 558 861 166 474 825 854 562 987 112 868 829 24 541 920 425 449 165 560 784 41 338 422 669 470 932 643 680 390 33 6 137 604 408 834 883 268 285 779 223 941 665 432 934 23 534 525 900 301 453 48 248 737 625 944 747 66 606 678 907 174 95 249 224 626 220 611 897 119 231 207 835 137 825 764 616 374 701 636 594 737 789 267 386 129 192 80 875 359 936 903 36 799 77 205 354 685 55 427 500 669 28 539 786 255 118 588 231 594 799 383 528 256 636 666 244 780 907 884 686 291 753 517 282 37 9 400 425 233 2 775 51 393 362 479 854 331 173 423 456 844 700 386 247 24 767 129 624 608 574 537 288 7 164 792 843 0 352 397 943 707 632 130 386 563 733 862 184 805 24 977 667 241 288 348 49 180 2 528 729 530 550 481 19 11 392 830 977 240 523 675 486 9 367 434 44 577 705 937 60 987 324 371 757 78 143 628 181 430 493 495 227 111 595 150 680 829 483 678 950 255 207 226 662 339 680 816 401 531 104 183 458 457 194 304 808 971 82 503 95 305 470 526 277 389 45 484 559 776 218 689 198 359 622 368 35 837 721 310 523 567 420 478 526 795 372 377 188 163 767 101 184 941 453 276 703 176 379 113 66 858 478 279 703 774 972 111 498 582 545 629 648 587 480 325 775 410 81 754 765 487 144 946 507 771 274 908 286 83 766 239 580 259 399 660 830 280 359 618 249 398 63 996 736 250 403 92 851 168 134 336 21 694 655 683 906 229 209 636 549 999 629 164 263 862 718 464 640 989 444 116 712 234 293 61 864 622 446 218 538 250 740 735 130 15 742 548 671 766 249 111 445 10 449 378 492 459 320 265 57 657 345 844 996 356 662 841 323 101 824 160
790 322 75 847 302 575 490 778 539 532 220 578 853 283 319 351 134 281 74 533 720 185 281 129 375 121 87 960 204 833 371 881 695 753 594 788 659 676 375 748 277 231 272 664 608 11 260 879 447 549 778 724 432 382 581 174 676 100 938 436 80 540 723 229 535 300 900 813 882 836 530 605 791 387 93 732 363 587 890 307 969 507 600 507 328 773 93 359 538 160 834 621 961 411 709 98 341 327 797 130 575 304 217 440 485 243 323 34 988 520 924 216 146 685 163 688 874 587 132 289 31 948 596 121 227 865 351 563 673 390 231 750 192 645 64 587 118 262 897 463 282 372 417 84 393 21 719 580 222 524 773 669 641 7 920 396 581 304 110 476 986 72 163 589 396 617 79 817 209 26 907 518 494 578 765 78 80 952 524 91 788 279 617 343 138 296 178 344 241 273 14 518 880 204 74 481 579 36 433 244 514 82 608 432 183 775 570 82 499 309 792 6 117 531 239 992 704 454 917 114 592 680 675 14 167 468 103 426 585 543 380 413 351 589 394 119 821 860 925 39 138 279 986 316 552 40 632 758 379 937 54 64 163 772 549 26 739 937 514 160 214 800 894 913 105 809 394 21 531 91 693 233 854 799 317 695 70 181 787 578 525 782 793 401 884 908 28 115 464 773 546 129 31 340 699 286 517 611 568 14 117 70 135 845 599 908 991 275 337 903 899 321 615 303 156 262 508 336 830 839 573 43 490 899 99 986 949 483 979 158 133 324 66 976 293 341 402 146 777 358 594 217 932 890 701 764 733 361 754 831 78 547 769 968 677 495 73 553 278 176 875 588 685 263 876 497 862 381 255 926 633 451 599 678 518 396 620 794 223 438 588 418 392 356 670 558 16 530 680 443 883 925 870 430 438 966 607 281 912 69 379 796 591 483 682 971 641 563 591 451 124 956 212 123 505 250 791 225 749 367 861 513 516 243 247 759 129 540 795 845 946 138 102 170 996 195 191 227 649 523 426 889 585 629 504 663 778 245 332 581 717 222 123 989 637 568 209 64 639 910 650 633 738 630 121 541 400 333 442 274 859 899 300 260 592 784 786 611 644 25 831 50 877 806 952 753 269 879 573 951 581 243 918 231 751 229 378 586 199 109
235 209 475 316 408 900 680 966 278 160 690 629 404 6 971 453 873 788 62 595 142 799 360 478 791 839 629 205 919 879 49 271 21 683 936 115 994 580 217 320 56 758 383 636 922 206 406 563 155 639 270 274 479 646 255 803 334 864 978 621 221 431 127 415 116 952 360 98 320 975 70 857 983 726 792 413 610 580 366 373 38 559 558 535 92 821 388 624 787 545 210 866 916 393 129 252 482 102 10 313 870 368 685 473 772 724 65 881 175 108 717 532 91 897 538 965 463 495 319 559 555 747 722 935 20 204 832 372 799 544 171 616 893 403 35 440 220 223 144 122 417 262 5 335 347 240 7 151 891 843 635 967 336 530 623 81 864 500 447 403 734 851 159 808 530 977 183 976 753 560 119 680 698 670 834 958 555 674 677 817 543 285 633 519 954 252 273 84 607 862 810 660 107 443 836 483 474 292 288 98 446 662 935 647 16 717 741 832 300 822 644 393 910 794 635 565 936 37 401 993 593 902 181 982 755 582 117 624 998 804 852 599 981 542 629 347 418 567 705 836 812 38 787 631 160 100 820 14 58 384 571 643 674 196 537 259 386 163 886 585 390 351 9 42 292 64 918 680 738 587 846 458 95 938 217 499 728 45 319 881 601 823 968 943 808 199 482 17 481 994 526 69 51 768 617 783 360 928 491 78 713 63 185 672 864 535 832 535 438 642 644 335 912 258 186 759 456 482 630 789 105 826 315 341 690 513 817 100 415 119 118 208 866 355 753 981 533 836 437 773 595 970 434 34 557 785 428 362 447 743 195 466 454 485 224 592 421 651 53 726 502 878 281 296 656 833 208 808 862 34 834 188 562 378 651 194 184 661 910 610 203 934 925 841 694 206 186 544 392 925 197 288 409 223 500 447 567 442 601 977 155 801 409 187 645 369 513 424 153 552 298 0 865 687 966 486 426 667 554 693 549 800 96 480 289 408 360 412 418 515 404 713 404 343 889 702 980 118 76 933 542 205 729 682 554 537 233 977 854 218 583 661 46 670 725 370 99 920 786 664 632 118 213 817 872 935 906 609 746 375 360 159 639 364 923 600 598 725 710 375 838 327 237 133 750 705 310 668 260 38 123 389 134 853 365 841 476 19 723 187
374 611 932 109 253 301 673 234 987 186 883 33 1 972 877 885 181 60 400 626 668 383 718 596 866 479 214 466 71 607 287 456 68 816 246 958 882 751 849 476 217 238 873 921 237 731 339 475 761 502 936 447 67 523 216 813 647 672 489 975 667 110 737 845 422 272 293 980 134 48 491 94 325 456 202 578 996 333 584 660 379 831 804 502 347 787 62 875 533 524 279 822 583 548 346 279 409 339 147 336 541 462 384 795 194 180 172 123 619 74 973 309 615 227 187 289 607 128 715 659 32 437 308 851 604 400 416 314 768 35 88 843 287 803 252 142 298 761 351 936 536 854 371 467 331 339 477 825 965 2 983 712 444 530 494 380 912 871 133 910 864 73 291 174 504 892 335 903 867 517 182 339 215 478 491 742 647 922 129 620 52 475 688 95 564 940 843 22 315 326 72 308 158 217 176 165 966 716 469 893 108 304 756 106 353 25 203 873 894 820 567 273 55 359 719 563 793 248 413 226 822 344 495 231 729 514 83 526 739 18 554 4 114 169 469 913 230 653 816 793 173 670 111 713 823 304 712 984 227 478 185 743 570 96 418 580 663 792 237 191 148 270 667 820 690 264 473 331 582 303 759 425 706 866 316 333 918 282 256 918 448 418 17 929 516 612 307 876 819 637 248 528 684 97 217 505 110 117 248 569 574 433 676 488 405 11 467 424 694 207 834 999 292 202 94 41 112 72 333 766 265 782 499 31 577 428 198 99 403 975 507 269 779 499 906 939 658 371 224 71 589 982 696 599 668 972 870 181 485 466 716 88 958 533 876 308 30 616 37 160 918 871 18 321 653 566 825 121 670 702 35 800 922 850 678 169 409 729 902 639 230 544 51 611 509 764 452 753 463 109 592 86 499 650 308 363 281 44 730 684 868 904 605 883 642 163 996 621 945 550 354 918 885 141 713 156 186 993 333 247 390 853 777 250 779 447 779 537 176 194 235 622 532 863 837 454 719 230 700 643 969 717 861 78 65 44 36 494 580 832 164 398 806 515 758 277 629 425 688 562 273 99 334 679 178 189 741 930 716 714 589 796 759 525 912 402 611 198 774 862 20 95 719 550 235 316 989 818 726 190 681 656 26 943 272 786 773 430 817 478
164 901 424 948 653 333 212 801 461 921 63 717 583 922 172 94 181 963 460 760 793 986 300 170 753 276 853 17 94 904 436 255 115 167 898 47 85 377 445 215 190 19 320 50 927 845 387 936 276 639 867 668 796 327 425 386 740 410 144 710 794 627 728 920 808 298 898 747 751 126 941 356 191 857 977 167 883 428 497 897 686 254 546 706 430 132 131 374 807 887 405 219 500 620 266 950 60 3 828 193 592 340 71 794 147 612 591 11 426 369 726 951 633 993 667 152 356 972 911 56 53 876 532 864 981 330 640 600 68 927 169 545 214 904 158 47 63 81 196 724 925 117 44 42 234 217 568 248 489 201 725 209 109 456 343 858 541 578 141 654 445 911 564 310 573 538 763 124 635 911 130 309 24 816 471 244 711 49 480 852 273 417 93 280 258 345 172 951 249 876 644 198 483 112 136 657 848 726 731 516 752 672 432 448 965 872 354 887 744 683 836 288 952 216 657 473 93 625 916 530 610 996 738 347 305 523 218 772 132 372 65 692 201 990 0 892 26 964 204 25 209 293 167 594 336 812 327 352 36 176 692 229 49 136 301 452 21 80 301 249 260 625 452 844 205 501 812 491 319 960 573 416 196 346 726 335 836 828 232 921 584 434 704 237 261 39 592 59 965 447 17 857 996 408 671 746 230 404 246 346 789 43 823 780 691 241 903 482 689 318 927 152 395 63 705 665 941 591 405 769 379 282 416 139 478 448 568 389 207 16 704 836 401 609 685 749 677 61 759 731 819 895 345 604 180 771 218 72 295 900 684 584 146 971 630 788 902 83 473 296 852 113 480 326 481 167 873 385 621 281 421 488 293 197 519 328 297 309 950 608 183 293 11 411 671 939 834 898 80 168 417 192 118 84 615 617 268 907 433 23 389 655 922 463 373 117 165 586 593 455 88 913 569 14 197 53 482 448 112 516 604 608 274 907 528 906 20 709 728 809 782 155 784 848 357 710 653 871 279 56 743 33 322 386 50 652 355 295 197 243 808 751 105 729 767 549 306 231 256 955 540 666 540 569 252 817 981 194 804 395 287 721 593 483 442 956 333 604 240 682 721 105 282 779 884 715 806 954 530 711 635 641 819 345 531 91 24 728 409 659
858 796 673 254 131 813 289 478 338 428 192 885 29 977 46 323 742 25 554 125 716 393 935 236 842 444 928 382 336 836 503 918 777 967 591 695 172 686 113 149 425 777 112 162 118 498 482 447 707 578 900 768 911 737 321 645 897 462 46 638 953 26 852 470 883 604 903 997 185 440 705 74 984 70 640 801 809 346 476 862 272 660 184 169 824 424 639 228 836 141 397 690 607 37 354 942 495 133 550 58 491 406 644 974 594 755 180 943 102 361 117 638 789 850 472 446 617 659 81 439 911 514 19 741 837 610 388 804 299 660 134 250 820 35 376 773 188 453 885 138 778 594 44 437 831 987 201 109 187 342 355 426 633 114 261 928 392 469 87 418 517 908 91 898 779 701 904 853 930 591 960 894 616 130 867 783 606 651 87 745 172 606 889 910 97 724 195 529 106 635 709 822 826 378 460 303 243 584 21 238 282 974 511 835 198 128 383 206 560 257 929 840 626 708 989 449 468 152 587 709 692 564 509 688 560 657 521 660 610 338 610 126 935 611 624 689 318 37 84 24 104 632 110 905 325 841 276 591 359 506 6 294 874 667 7 335 121 519 623 881 408 74 443 527 322 485 965 937 433 461 298 980 290 201 169 401 193 682 866 726 156 817 516 470 558 99 672 720 418 976 811 563 917 589 329 684 829 959 557 694 683 671 66 426 489 579 393 941 191 208 611 893 280 919 231 175 124 386 62 118 478 55 309 372 784 870 264 894 864 28 897 729 432 955 75 79 836 668 589 117 450 985 405 700 667 907 83 361 659 219 626 49 941 896 475 992 706 697 56 774 969 451 919 221 670 246 740 839 847 775 167 533 934 410 458 958 542 702 257 292 134 114 192 796 629 307 162 729 728 720 612 316 564 703 635 130 521 223 475 754 160 134 932 596 806 578 7 867 843 798 581 978 46 179 873 698 987 615 997 607 996 642 231 660 756 160 115 967 400 809 649 156 846 132 504 665 297 36 45 170 226 133 506 409 394 614 321 997 286 266 355 724 395 339 798 332 710 473 506 556 257 670 304 670 476 564 733 296 801 550 407 444 533 164 35 695 279 603 275 995 751 967 234 529 865 689 435 839 116 134 412 992 933 851 357 338 700 434 132 910
759 813 139 557 157 365 15 849 970 901 626 788 657 729 107 621 174 350 761 402 690 873 571 448 507 592 253 759 355 421 265 382 992 278 604 485 692 165 56 780 72 127 40 51 462 971 54 835 666 695 416 96 724 76 858 60 523 313 731 63 880 345 479 763 234 43 477 473 301 404 409 771 741 700 613 65 188 256 909 263 402 921 533 676 385 757 823 348 550 343 831 999 640 933 224 664 122 60 4 453 253 139 847 699 102 667 760 321 347 175 768 645 4 73 301 861 615 973 836 907 866 567 180 588 91 626 305 659 370 306 280 766 12 364 372 719 394 638 354 650 119 540 346 574 229 510 306 379 361 556 80 489 899 220 455 862 573 440 823 44 894 472 738 766 44 657 343 54 974 903 331 183 234 957 73 727 257 952 506 439 390 504 197 857 136 610 531 445 640 727 49 852 18 398 197 652 165 886 64 194 631 222 630 867 320 811 181 734 143 430 187 129 78 233 564 881 129 58 189 361 731 893 910 621 914 327 335 516 449 505 626 909 153 621 371 9 324 536 223 908 564 871 166 671 826 326 970 401 179 509 627 697 839 352 993 423 344 179 27 275 87 373 288 57 610 844 557 745 739 865 346 19 716 595 367 180 684 720 1 678 174 595 460 650 254 970 644 492 205 178 459 602 160 663 200 544 255 549 979 383 922 856 671 337 864 102 406 163 415 780 362 78 397 761 604 475 553 295 251 906 633 94 283 294 841 543 519 332 601 361 158 633 230 169 126 618 613 930 507 598 505 274 353 518 792 60 279 547 5 217 148 670 311 691 678 49 484 844 599 304 614 364 602 540 886 183 911 833 10 269 991 513 164 345 720 0 41 59 874 418 200 989 770 245 67 894 696 940 141 894 264 947 482 195 891 883 167 414 703 457 242 809 563 37 893 865 625 896 393 302 138 507 456 361 178 485 450 790 4 151 45 71 995 67 435 744 272 923 694 5 140 610 663 924 389 383 666 958 632 159 406 378 985 72 319 469 356 705 373 993 656 434 745 708 92 408 929 736 439 699 512 333 325 278 903 168 611 850 235 649 501 369 383 127 683 779 346 481 436 549 95 78 927 316 783 541 487 761 290 625 951 238 328 138 627 378 561 107 539 873
202 161 736 689 752 101 941 903 289 282 609 770 95 692 477 201 730 372 299 654 783 439 832 582 612 193 651 945 492 70 873 494 786 633 45 163 175 592 402 566 994 488 586 9 632 11 520 143 800 172 623 127 990 876 903 167 70 813 813 593 976 809 222 111 306 715 74 842 88 183 225 80 650 182 952 25 175 59 925 409 392 263 735 947 447 220 175 813 119 898 60 914 397 13 70 578 625 502 882 41 876 348 502 955 536 125 52 87 222 918 11 555 583 178 226 623 262 326 297 466 611 639 433 42 254 427 349 921 126 804 382 959 368 160 877 392 267 863 424 497 666 340 90 871 324 522 785 171 398 856 706 417 182 451 699 31 759 881 55 7 350 956 221 828 2 813 684 901 540 594 133 653 621 726 789 996 554 663 160 537 343 904 340 286 452 695 838 612 322 237 622 917 247 302 21 846 361 820 930 674 877 609 943 365 4 955 893 719 325 911 172 785 402 549 925 609 304 793 552 971 880 878 329 62 627 779 245 337 733 991 75 380 74 45 414 573 922 713 423 44 146 357 237 389 587 622 476 575 435 266 926 33 235 772 812 819 345 703 185 15 539 109 676 290 142 553 860 570 607 960 879 917 403 752 974 570 2 242 220 734 726 706 86 906 221 773 192 556 138 212 596 128 321 693 75 578 524 987 902 699 238 346 848 723 643 684 523 80 312 177 670 523 73 106 102 279 740 47 924 878 675 13 716 751 727 197 52 427 185 330 807 9 153 205 810 165 519 558 16 477 145 80 578 67 666 649 593 263 22 231 379 330 291 582 422 687 430 965 862 805 305 932 79 559 341 885 769 677 385 788 32 995 690 657 731 44 547 67 222 377 0 173 22 733 206 454 741 609 642 461 731 499 467 739 692 911 949 462 774 435 530 60 591 343 537 355 127 179 137 181 273 830 895 659 426 189 121 687 875 659 678 893 42 895 150 458 246 203 482 2 588 747 87 455 568 595 278 958 431 675 379 644 572 3 311 426 168 427 911 744 568 670 42 756 527 355 964 135 32 793 672 805 745 162 986 61 601 792 41 352 252 788 890 41 973 990 460 564 157 606 337 523 202 487 506 167 380 878 57 553 707 60 159 717 2 601 51 524 973 808
893 249 886 181 516 574 294 46 424 917 587 982 995 187 20 606 84 438 758 671 366 575 587 814 936 20 451 694 518 392 365 973 640 18 777 109 580 60 495 176 15 823 40 307 974 467 966 525 761 940 96 492 68 979 992 286 477 359 126 751 264 473 809 83 114 210 987 293 396 29 791 484 924 25 445 297 613 444 850 912 665 174 332 900 522 911 278 166 421 416 816 709 271 822 179 707 993 160 445 484 520 791 338 800 687 514 760 627 113 95 426 201 964 446 355 102 683 566 322 918 832 492 662 182 306 772 25 471 968 46 861 466 296 834 55 331 44 326 711 196 560 111 282 555 613 873 237 954 910 43 889 91 380 924 455 32 108 511 774 835 259 984 396 854 128 106 199 79 867 679 388 882 785 32 545 592 593 376 369 577 673 978 89 347 838 81 784 644 795 912 677 129 958 324 759 331 528 679 994 35 13 494 872 109 517 382 39 74 331 639 928 919 877 704 650 645 376 567 114 438 494 319 7 560 962 350 576 825 873 124 970 719 500 806 94 886 583 479 172 482 529 281 738 72 464 803 575 34 312 807 220 273 106 829 728 19 910 285 972 941 188 625 609 268 745 247 321 3 271 556 813 295 330 920 734 799 859 750 888 301 806 670 429 675 191 458 21 964 834 880 401 68 880 170 323 614 953 859 615 146 46 842 60 484 300 462 11 148 370 398 115 347 407 589 958 571 190 659 648 923 267 180 910 241 82 116 302 184 437 150 777 549 322 190 765 523 658 206 303 787 918 194 931 626 139 991 987 259 535 939 910 598 726 665 295 232 603 96 529 688 212 392 620 907 431 842 6 854 932 790 401 697 327 131 365 884 662 680 814 865 599 49 261 307 861 882 534 790 967 613 23 775 577 914 592 379 432 341 711 753 753 156 429 886 261 37 453 468 367 396 831 100 414 366 481 616 649 763 45 888 469 410 452 762 861 422 139 732 428 531 901 210 712 113 345 930 873 659 975 491 492 725 56 432 13 420 376 961 531 327 592 785 315 352 903 388 122 935 104 567 131 865 436 199 842 551 675 676 629 550 451 91 145 46 948 794 59 553 334 881 926 70 879 15 338 644 610 684 550 373 340 11 830 398 686 566 487 218 80 573
327 212 451 957 237 258 889 708 873 12 749 470 139 175 913 325 820 489 438 139 722 802 735 278 619 542 343 652 761 782 738 133 828 184 986 64 734 722 415 609 49 567 960 36 287 848 658 274 573 222 128 410 618 422 604 435 387 425 120 853 50 244 354 23 456 465 627 479 81 51 765 262 246 290 286 197 824 640 823 639 612 691 187 443 342 33 212 500 751 484 803 375 30 921 35 889 91 272 50 327 374 551 457 109 638 612 420 241 121 933 62 367 161 912 116 161 368 172 623 396 888 111 545 277 566 190 894 479 23 183 588 808 460 185 664 422 979 201 715 284 958 678 201 956 74 302 702 880 11 989 916 149 309 731 386 447 491 809 881 962 795 926 936 444 644 282 541 461 553 330 937 47 996 292 523 527 203 680 951 82 3 843 655 314 241 394 163 481 880 345 187 645 526 527 308 958 793 522 828 639 287 800 114 440 19 503 374 543 558 271 780 795 292 457 579 304 401 614 89 231 366 848 379 639 87 84 626 156 315 815 121 21 722 614 824 207 864 907 486 590 115 56 564 985 319 507 160 512 721 472 322 958 997 908 326 953 611 322 188 524 906 211 439 191 715 50 231 964 88 857 200 96 667 809 629 371 595 444 312 826 636 438 373 974 159 594 709 810 383 739 209 468 670 460 981 469 708 796 583 815 307 674 116 364 723 868 879 648 253 976 985 3 633 176 390 627 293 493 539 310 475 406 113 396 590 655 440 561 233 187 94 549 801 130 957 686 372 503 219 772 237 14 444 89 39 441 521 731 743 327 430 994 403 609 335 637 884 652 867 521 498 495 203 901 428 289 404 184 123 376 209 491 749 754 984 339 379 246 698 360 328 141 642 918 207 499 822 165 604 304 873 183 863 969 206 254 520 298 478 90 129 458 406 4 620 577 55 34 635 28 226 363 366 87 869 129 378 282 87 561 177 805 886 161 222 955 431 910 183 938 988 893 331 701 644 254 100 564 12 861 650 867 800 342 14 35 522 230 43 418 594 954 62 374 811 742 326 615 651 17 748 244 309 623 844 926 393 283 446 736 814 781 252 911 39 166 466 919 406 981 177 753 402 834 732 18 30 16 965 94 521 706 169 162 868 251 178 2 364 659
493 240 249 621 115 280 914 210 8 400 831 275 827 465 177 188 982 124 181 25 351 578 211 918 863 119 424 209 263 457 129 107 286 43 942 965 193 308 56 650 285 23 221 79 535 883 38 102 7 908 411 991 882 896 631 137 207 655 303 920 268 30 721 702 614 792 24 345 679 23 900 649 35 655 708 480 441 255 935 821 907 669 740 165 657 446 775 939 905 202 636 265 705 831 711 22 919 23 725 821 945 300 234 698 359 291 543 460 910 602 996 580 22 683 270 969 690 982 399 980 491 488 432 102 959 342 97 936 559 503 741 860 79 130 909 919 360 696 309 793 147 665 793 702 53 620 388 379 390 732 359 992 897 843 437 955 120 805 621 188 652 382 454 426 698 859 511 549 300 17 949 774 424 751 821 514 359 67 338 977 452 743 977 112 789 235 121 779 780 813 318 648 41 393 584 383 613 451 765 621 124 966 254 867 175 308 232 744 696 303 586 812 734 683 406 453 957 240 375 727 392 150 561 888 920 161 709 303 27 12 967 110 159 660 451 535 46 942 676 217 766 269 240 491 563 496 33 798 895 215 101 82 77 607 165 522 511 746 936 67 517 347 398 678 36 239 554 696 85 770 434 798 624 145 52 81 499 37 856 248 239 5 624 184 635 749 761 866 570 38 133 236 232 310 490 942 815 727 592 950 732 477 492 99 863 995 99 499 831 315 119 944 207 168 35 60 920 133 195 294 652 37 14 708 978 722 871 488 667 624 213 981 764 733 395 164 752 605 841 811 13 414 198 71 540 239 246 43 325 748 427 926 906 597 38 857 902 466 247 706 271 509 411 873 953 701 861 294 312 128 322 609 426 338 904 410 521 874 277 23 598 580 681 607 334 597 265 915 891 861 816 66 872 840 233 256 170 639 553 303 811 476 140 946 253 715 468 861 254 262 991 551 457 468 254 875 279 521 29 619 5 40 837 291 294 357 245 472 727 690 376 79 313 473 900 684 685 522 246 330 373 67 843 617 459 769 321 286 99 831 862 571 598 918 326 469 445 56 519 125 438 737 986 567 289 8 171 498 852 654 762 832 765 895 205 561 311 348 789 180 686 726 356 782 475 502 638 1 829 522 665 909 171 455 423 865 158 92 490 514
492 88 362 232 758 284 351 816 876 56 766 878 120 463 126 618 550 445 715 442 52 118 460 405 4 142 483 858 78 12 785 596 114 690 490 722 267 678 722 301 484 432 661 16 995 744 879 495 449 560 454 251 897 742 374 972 616 659 385 827 471 591 30 784 892 964 623 378 38 146 190 231 553 767 802 927 182 54 447 328 53 433 644 145 570 802 714 634 166 338 426 549 996 176 604 421 115 150 536 886 588 564 761 528 398 133 605 976 58 550 466 239 251 591 318 127 987 514 106 294 489 921 491 377 371 207 488 23 752 383 37 409 501 28 821 757 261 179 37 389 839 757 760 657 220 985 463 115 972 920 675 468 270 492 367 460 56 961 161 384 786 288 747 734 253 890 938 27 591 654 830 349 718 72 62 518 99 311 713 867 97 611 660 739 243 837 26 35 204 966 203 108 140 25 499 377 363 270 699 157 102 935 786 79 560 103 585 4 330 802 320 583 887 65 321 225 402 914 332 363 737 724 156 94 537 876 321 718 135 838 66 676 723 405 34 260 854 121 34 831 762 778 48 327 641 797 61 313 237 333 801 945 82 168 580 52 20 400 148 1 394 59 879 45 983 152 926 614 285 449 180 575 554 489 357 445 436 110 979 598 756 266 295 880 772 619 60 980 481 506 230 494 90 692 133 470 67 483 952 705 403 594 810 379 809 854 958 974 891 645 290 65 890 594 55 972 926 619 744 560 981 705 142 742 710 746 278 202 847 625 751 650 723 59 953 949 878 405 134 905 165 155 953 847 67 990 215 5 623 571 782 913 179 820 547 882 959 682 278 863 131 249 102 954 999 172 325 748 318 83 21 796 328 895 775 45 935 602 67 37 189 979 960 322 51 941 146 789 685 931 91 131 69 795 259 584 725 941 186 760 422 442 409 224 580 895 29 555 137 942 360 543 331 111 207 787 970 857 950 190 249 878 720 225 999 92 341 68 489 46 110 477 453 858 589 428 236 767 428 157 622 757 183 148 95 236 883 625 535 64 281 836 948 429 804 952 31 694 126 660 737 195 8 372 489 590 289 0 294 454 735 280 36 591 402 186 365 980 97 916 301 429 111 36 378 226 376 376 920 132 921 853 32 420 40 833 257 801 388 372
621 737 698 514 615 938 251 299 126 888 685 347 419 552 19 7 277 335 235 144 210 873 559 154 306 772 904 628 365 259 182 998 273 27 935 594 385 17 772 672 663 417 146 772 545 69 861 664 701 24 91 475 671 226 963 160 972 243 931 698 997 817 444 485 239 17 954 946 20 752 658 203 316 742 530 21 901 99 750 39 618 112 370 787 160 212 220 595 850 459 492 998 650 600 56 135 23 513 265 22 280 944 509 883 976 542 823 248 348 335 388 601 747 939 574 969 710 818 453 981 851 829 835 927 456 911 996 363 39 835 603 682 474 900 709 81 408 918 402 304 312 482 749 125 550 348 21 611 587 375 59 132 669 239 814 392 310 26 548 889 788 295 649 473 460 311 390 117 522 78 431 549 145 888 946 339 569 978 718 733 424 533 251 754 652 446 409 264 724 980 4 295 624 591 94 499 812 527 551 168 525 732 677 887 673 923 827 658 426 966 460 8 404 144 227 842 631 65 481 567 271 311 829 24 619 522 6 529 400 865 586 444 479 516 921 970 744 183 727 292 853 553 417 206 58 920 288 709 607 782 740 476 611 329 124 434 37 545 244 415 532 502 42 984 861 56 949 754 245 911 269 114 375 713 409 386 506 503 500 431 723 917 140 404 281 125 938 108 526 409 640 178 446 259 558 966 868 965 693 612 704 560 867 68 780 721 279 93 806 654 837 666 284 176 352 198 55 29 654 53 609 654 927 190 250 184 331 121 74 207 972 477 464 118 685 399 328 280 291 126 318 671 164 683 792 307 159 474 594 222 347 972 367 30 855 361 838 16 319 924 434 808 48 616 585 383 680 250 599 302 362 984 489 568 137 616 886 511 471 81 265 420 789 944 353 401 253 759 917 927 365 623 475 654 742 838 557 388 690 287 308 982 270 113 424 186 901 654 62 552 913 167 335 908 181 304 736 546 489 945 298 40 297 616 531 604 901 733 376 447 119 12 75 129 849 924 729 348 512 87 509 290 331 7 438 755 785 607 843 563 653 867 711 549 712 885 851 582 455 329 783 269 82 306 152 187 243 995 674 963 991 488 513 499 625 444 861 743 92 871 842 653 429 131 603 143 11 840 68 179 949 517 335 518 500 534 429 67 953 342
252 541 85 660 904 870 964 334 722 169 44 80 24 397 425 443 258 372 429 310 869 596 284 229 519 226 968 137 905 575 938 265 759 877 666 310 525 387 183 136 148 586 635 733 864 144 751 792 64 319 869 61 595 160 997 666 796 850 901 554 54 307 573 115 221 937 304 919 178 391 589 211 216 705 237 234 497 43 238 439 350 973 759 558 672 509 624 335 216 893 410 454 116 968 398 132 905 756 982 832 269 97 117 142 31 773 846 547 583 626 495 835 17 625 622 10 43 66 729 482 296 155 184 681 169 318 3 597 893 992 833 157 325 875 66 847 410 896 595 271 239 71 576 905 638 688 520 408 544 429 667 220 937 927 0 123 780 791 215 622 3 413 614 725 280 856 895 94 30 398 668 880 206 774 124 489 633 356 392 829 367 619 67 358 974 238 581 450 522 511 943 240 464 987 933 967 511 318 785 172 620 215 469 162 279 205 508 795 512 860 765 350 313 216 764 406 819 976 701 466 920 599 70 715 166 267 94 934 112 856 139 590 983 393 377 367 927 142 83 41 722 728 626 988 49 258 689 52 6 335 650 792 955 71 389 54 516 809 968 963 342 815 628 394 697 495 783 866 485 358 466 560 686 793 726 704 995 93 210 295 317 689 927 163 882 132 531 147 724 315 4 738 702 956 282 595 457 204 368 591 32 9 83 136 309 805 401 55 571 445 319 889 147 618 960 181 28 294 970 469 789 148 372 922 191 823 985 524 713 349 177 35 352 612 122 320 647 182 315 363 809 818 310 950 83 39 257 305 54 126 657 288 932 828 265 218 766 976 572 689 965 458 139 916 368 346 171 638 551 427 204 682 317 552 151 286 918 447 269 998 966 400 183 463 309 828 582 396 957 780 131 562 979 385 260 510 595 415 646 213 272 251 302 935 238 211 299 380 397 384 499 119 67 535 448 683 490 139 470 815 173 797 929 601 488 42 789 149 951 436 346 978 316 251 548 266 567 603 997 916 826 688 275 235 975 898 456 640 803 689 685 423 329 36 243 414 237 525 208 848 396 634 196 120 920 771 849 658 126 395 962 501 671 310 956 802 157 837 163 14 425 463 794 262 499 142 947 561 682 815 563 368 225 706 600 596 597 372 41 52
273 813 330 508 278 859 195 370 516 148 699 919 910 244 328 228 230 885 812 992 812 834 611 509 652 40 904 962 709 696 73 204 161 115 284 578 36 624 18 670 921 378 762 768 937 505 86 428 866 583 475 861 467 882 1 427 495 629 565 857 59 681 996 477 65 583 645 492 729 409 226 844 532 871 353 487 404 397 300 996 75 434 452 754 232 119 669 18 86 692 751 167 962 153 149 666 941 426 66 670 833 399 791 860 84 468 813 39 874 720 752 841 277 303 958 880 360 798 535 5 211 913 139 742 308 994 353 965 304 459 41 346 984 145 220 551 616 37 235 789 968 517 96 258 369 432 926 987 854 373 585 564 926 861 28 813 659 691 92 827 373 807 201 59 983 931 97 704 49 813 308 696 982 610 485 476 774 635 263 585 716 379 154 119 869 32 577 658 514 706 919 328 451 120 10 774 77 316 900 618 604 92 755 398 190 229 580 240 103 43 729 1 662 179 825 555 939 723 788 720 672 401 892 530 352 350 606 669 930 96 725 548 192 762 499 129 402 961 337 145 230 608 198 861 642 725 238 762 90 285 2 84 550 554 937 151 436 825 878 907 491 867 35 430 229 303 366 882 431 636 555 156 694 779 185 737 399 496 890 760 444 164 902 778 286 337 306 508 705 488 488 205 672 22 737 627 791 20 551 602 637 853 969 197 792 5 275 930 332 531 430 301 269 15 539 203 994 790 749 419 729 479 299 399 248 281 961 702 516 219 611 271 800 369 932 94 178 829 605 189 915 237 68 567 524 545 616 763 651 469 630 110 698 714 711 56 86 872 712 878 198 454 501 679 58 849 401 635 132 990 227 890 192 777 361 538 415 969 965 751 808 719 331 723 308 87 655 954 553 608 518 725 142 919 592 534 197 15 49 210 250 980 537 990 473 828 591 643 448 555 214 173 612 894 562 698 41 933 960 72 214 678 324 37 144 388 316 337 238 516 819 287 572 123 376 179 294 909 406 712 649 848 363 347 164 291 465 466 776 269 729 575 335 595 790 364 519 840 405 42 563 867 121 27 84 623 208 131 277 983 948 891 576 215 372 745 237 912 718 626 209 970 262 877 895 477 395 134 106 959 164 986 676 593 393 654 534 419 513 357
755 794 700 553 937 125 275 429 245 5 55 422 853 346 435 981 260 483 548 992 959 987 623 556 916 265 290 782 509 239 946 974 672 505 489 126 758 604 536 693 781 585 538 421 441 723 459 132 58 819 661 360 501 817 993 485 907 696 552 812 296 620 405 230 940 648 294 40 194 0 584 532 189 490 6 747 280 260 698 299 978 11 273 1 869 304 774 286 632 754 778 312 687 944 527 146 961 317 925 736 303 166 611 257 158 130 200 383 237 196 588 929 464 894 482 389 298 805 644 125 410 361 772 801 7 143 653 985 666 510 643 817 966 367 171 108 455 876 636 219 617 759 23 374 114 46 788 352 596 826 329 271 20 593 216 33 89 452 644 703 881 313 585 175 11 513 895 73 344 442 413 841 698 403 399 86 395 496 581 568 922 612 463 548 951 625 169 400 727 231 111 541 730 272 408 512 251 454 990 5 945 333 820 899 604 875 67 377 539 943 111 294 603 36 244 169 523 428 424 593 759 490 436 672 89 684 985 894 600 911 906 353 560 196 527 571 39 720 637 101 564 931 140 956 577 248 672 538 299 3 528 788 68 666 526 100 318 938 291 459 487 829 455 806 515 263 249 241 14 537 350 264 616 654 483 986 272 696 655 198 560 808 963 787 360 17 448 799 722 350 205 552 50 164 68 744 208 612 81 954 649 992 777 456 262 306 330 887 383 833 157 240 381 586 710 526 54 349 22 83 363 582 425 540 528 508 535 46 111 867 274 54 740 784 384 485 414 68 939 512 875 580 354 965 192 549 595 919 923 101 55 115 288 237 886 554 219 134 358 646 330 412 567 235 112 172 574 62 901 578 703 978 46 735 888 976 407 283 729 97 254 281 924 467 434 327 959 567 559 672 839 7 302 641 679 157 13 793 522 202 492 15 797 157 620 534 299 560 309 624 380 698 693 502 741 911 594 185 780 372 278 597 746 168 140 199 673 396 23 732 174 800 766 811 230 142 556 691 920 875 428 287 171 60 467 177 439 335 374 590 300 651 158 48 678 964 712 398 715 748 849 789 691 902 357 95 83 391 639 33 324 495 70 270 155 17 703 402 940 643 214 103 356 901 377 986 604 921 554 594 816 363 670 962 90 868 690 493 806 892
60 112 916 302 525 985 936 388 416 311 648 151 191 311 811 176 712 210 787 512 724 534 290 652 648 632 621 301 584 750 125 756 546 838 327 206 670 756 21 141 413 604 639 854 691 313 934 837 816 825 268 711 728 593 256 17 174 265 462 52 118 432 611 766 852 582 211 149 940 211 898 196 348 875 233 50 766 367 657 851 648 106 762 491 286 247 440 474 228 407 681 231 394 589 363 285 789 212 675 704 689 503 209 666 131 265 825 367 174 488 148 22 504 815 977 776 519 122 891 965 665 140 449 70 225 618 951 916 993 840 932 30 892 613 618 342 505 158 717 541 578 392 332 74 654 55 471 685 290 362 385 331 285 166 531 698 414 489 827 285 204 475 323 585 325 957 239 109 204 420 61 775 292 46 4 144 767 841 28 480 743 78 129 34 742 569 124 668 163 481 54 920 526 777 192 650 326 500 641 141 692 44 67 359 391 193 994 924 970 497 950 80 14 925 152 255 153 643 464 82 406 686 124 998 201 293 196 547 632 383 734 391 506 890 754 878 547 394 281 835 433 754 530 15 478 358 952 3 587 809 156 931 700 74 233 965 894 34 704 938 144 34 63 401 581 412 193 404 923 609 344 203 625 434 784 81 695 102 211 718 620 774 249 185 740 185 408 898 891 842 288 96 772 258 549 185 992 240 517 671 789 230 500 230 760 262 550 462 974 763 809 860 428 413 425 413 27 852 85 816 742 1 824 731 811 786 415 153 843 977 246 736 305 740 9 816 976 616 845 596 601 621 659 921 573 849 13 927 338 609 163 75 57 118 723 230 752 375 912 664 450 382 216 712 93 922 82 940 405 380 577 635 139 927 370 193 22 604 564 362 464 718 109 85 462 793 516 362 522 768 340 954 722 18 247 810 778 829 300 967 699 600 993 359 645 671 168 916 477 737 953 883 588 929 713 319 272 798 190 115 321 388 535 356 612 931 873 814 19 352 391 269 480 317 851 693 838 735 668 860 69 939 319 768 909 944 63 839 352 782 279 738 949 318 877 710 296 160 63 843 548 319 424 784 16 770 976 63 857 44 425 293 735 309 356 360 335 177 618 364 258 598 885 166 809 124 606 749 883 939 284 486 117 852 859 994 840 116 353 66
284 433 218 596 392 535 941 333 141 201 288 708 173 284 61 118 982 922 246 574 984 271 79 72 523 894 462 246 534 642 751 796 401 998 125 747 517 74 600 862 562 555 89 515 980 974 528 130 152 863 468 403 675 549 773 965 141 823 182 728 771 724 186 837 737 204 475 597 655 361 566 844 58 856 847 974 198 788 145 939 962 731 532 793 908 541 205 224 454 92 25 52 753 142 49 613 376 871 205 227 360 197 903 338 97 675 260 655 46 244 972 186 961 945 694 656 374 211 985 452 82 83 676 709 783 767 288 582 682 193 353 783 533 679 745 260 431 425 348 494 300 293 145 988 470 760 239 999 266 693 215 273 259 845 135 20 891 282 571 574 417 154 284 152 520 483 113 456 772 930 0 318 580 355 373 352 481 47 579 949 61 824 102 154 682 722 924 256 817 955 919 183 16 826 892 858 112 294 325 304 252 307 643 637 54 140 599 33 196 832 243 735 334 420 112 757 681 96 714 619 873 208 933 377 402 438 749 493 529 500 10 102 118 698 568 833 921 302 582 661 961 569 421 831 35 159 738 933 200 773 921 305 546 470 583 879 701 230 165 993 437 961 782 524 237 970 766 527 704 91 25 373 557 361 482 296 651 431 98 507 739 876 984 614 385 633 956 200 329 593 260 599 605 71 873 473 509 75 384 45 750 604 232 949 470 709 287 498 234 206 183 766 47 557 992 629 481 675 384 997 352 632 128 666 201 806 716 987 511 300 75 692 984 262 743 447 372 161 562 725 793 680 803 940 405 937 846 76 715 401 149 91 836 826 898 183 719 991 73 267 348 53 81 385 270 949 178 594 880 179 289 445 118 377 681 150 317 225 280 967 912 384 553 794 134 855 606 942 907 856 257 353 528 29 231 154 209 983 555 929 395 861 901 346 841 169 502 477 817 812 366 419 366 914 192 591 692 73 235 67 960 551 161 146 815 421 891 244 428 839 692 358 755 697 839 797 636 101 103 995 813 563 640 366 181 1 548 182 833 508 864 828 606 469 321 109 545 475 162 734 5 167 502 904 465 357 194 688 646 453 483 828 391 803 183 240 600 988 704 408 261 867 315 871 528 833 907 519 827 860 849 188 244 474 565 588 622 141 144 30
28 788 845 225 938 467 52 158 648 87 781 433 797 197 123 379 121 655 787 199 341 948 797 88 72 143 230 444 417 973 972 487 831 427 924 974 268 205 345 429 141 528 636 570 755 490 657 933 504 674 474 773 379 806 309 147 997 643 911 101 128 780 556 789 488 385 992 306 266 159 19 720 319 785 824 379 991 495 455 344 176 220 415 280 480 710 474 446 905 643 175 681 892 662 674 576 385 696 577 829 974 881 936 98 267 240 583 359 122 119 407 314 92 965 376 507 724 819 867 128 228 241 727 200 38 907 352 768 75 887 433 674 894 792 325 732 363 432 397 600 893 509 253 951 701 339 742 387 578 582 721 817 493 622 320 389 174 746 801 306 81 701 132 272 94 356 649 185 643 885 546 10 701 826 105 302 76 200 335 367 647 356 796 377 791 404 360 13 430 322 521 773 809 15 454 906 173 669 748 855 174 415 35 556 912 233 171 763 695 344 133 8 691 235 355 597 605 167 633 530 497 951 644 268 554 86 105 950 906 942 357 469 247 29 430 5 584 895 380 943 652 66 518 349 459 630 890 108 761 477 989 106 262 586 987 490 269 205 582 843 531 927 551 174 351 207 147 938 913 449 261 464 861 263 769 291 334 632 164 537 581 196 237 222 309 412 860 783 644 921 11 772 425 27 54 794 60 687 83 971 382 397 800 597 595 590 181 237 215 54 677 150 957 677 509 292 86 497 813 74 200 145 321 870 132 136 61 684 322 712 147 73 680 777 415 887 456 459 118 638 939 445 575 658 341 440 688 828 361 536 282 899 547 871 335 778 80 376 953 531 184 533 319 338 766 127 348 550 522 985 20 281 426 961 847 773 555 701 162 147 875 9 557 851 495 240 586 880 100 116 54 785 602 232 961 354 594 657 381 429 93 339 497 931 723 571 342 979 296 462 287 547 565 753 948 309 678 123 281 742 138 910 85 429 20 528 97 612 818 780 272 209 146 913 469 168 681 389 74 356 190 82 932 314 108 817 395 628 2 705 686 395 814 872 768 604 143 902 867 476 572 112 863 349 787 685 720 903 202 774 34 884 670 243 296 679 862 623 545 397 430 159 460 947 822 37 222 490 581 827 842 116 697 787 763 674 395 795 742 88
976 458 203 138 327 664 99 944 740 17 587 608 154 713 76 323 374 634 618 482 240 368 875 589 899 862 328 587 538 406 539 645 916 811 726 298 356 180 217 501 442 290 478 306 554 833 646 6 458 51 520 164 225 437 915 133 38 184 845 377 787 979 498 310 577 797 817 377 10 551 612 1 145 541 341 909 659 626 724 283 993 740 562 778 885 813 258 973 339 289 785 526 841 244 426 113 477 831 111 793 447 892 936 699 658 133 102 81 363 821 578 805 832 853 13 561 370 209 327 507 891 739 357 16 659 397 328 911 357 334 581 263 908 706 534 198 904 489 713 700 835 921 971 809 746 359 902 520 344 845 451 194 144 24 290 614 442 544 487 625 792 314 978 88 51 525 383 828 153 962 326 472 22 230 216 783 555 339 734 633 770 610 849 392 555 837 44 718 965 530 67 46 795 927 859 523 329 307 496 49 908 804 203 115 815 521 239 265 555 972 98 871 430 822 520 757 993 214 736 543 511 161 321 86 414 883 712 5 287 253 997 637 700 129 592 474 52 946 334 894 269 563 357 624 866 586 480 570 77 164 278 491 531 338 244 557 687 273 267 334 77 381 552 260 546 772 383 723 718 372 269 777 860 446 57 803 882 19 778 278 713 173 362 103 149 771 854 296 958 883 394 578 168 864 254 66 675 852 313 876 25 124 200 493 223 836 4 456 147 803 462 828 860 877 741 914 694 130 54 982 137 848 58 937 625 109 971 586 378 5 551 700 935 533 961 841 688 712 737 73 987 136 352 172 778 447 288 167 462 852 309 720 887 700 42 808 156 410 552 828 400 935 688 111 27 496 615 391 97 554 516 884 969 146 304 808 940 832 979 513 867 713 352 653 39 521 289 915 774 586 737 642 811 849 869 507 793 772 727 181 780 192 675 507 656 492 226 227 190 253 778 355 452 411 64 766 399 183 994 921 373 121 700 512 677 766 934 282 34 27 962 756 612 162 546 606 769 26 743 70 632 985 593 963 76 450 8 617 867 647 315 226 698 155 47 476 905 837 35 814 819 636 876 862 403 995 59 326 790 155 107 159 936 364 558 153 904 901 491 982 631 74 772 88 318 698 715 221 423 24 801 578 88 777 825 148 177 646 47 93
74 110 477 510 519 106 737 770 652 934 659 198 553 564 451 468 844 315 635 587 359 264 678 502 857 979 74 651 78 290 112 231 774 919 581 583 822 952 592 628 592 661 514 208 361 810 721 31 353 798 336 406 864 338 135 816 670 879 506 245 143 981 527 114 878 251 170 660 238 720 716 670 597 148 658 506 351 519 109 226 403 959 684 239 638 112 979 201 446 207 859 366 194 441 418 165 574 142 613 274 738 510 684 383 754 227 834 293 480 536 99 291 434 217 562 23 221 553 831 681 613 973 773 918 446 39 79 9 397 417 102 170 151 242 777 525 36 122 138 903 122 86 868 371 90 584 634 991 167 902 228 836 226 359 735 758 866 313 735 196 689 164 415 494 952 765 217 225 199 692 661 19 921 140 861 611 857 117 40 105 574 332 432 992 841 417 785 494 479 239 477 945 155 90 359 108 22 631 574 521 367 532 331 976 367 240 163 553 620 480 568 794 871 428 791 298 305 748 718 703 967 96 810 793 266 578 734 713 187 598 902 290 759 295 365 504 303 854 329 997 934 216 243 24 894 610 304 143 371 23 881 820 79 635 492 975 178 52 9 380 536 993 93 266 572 147 353 564 320 551 483 691 420 291 440 92 74 277 944 112 881 179 1 896 750 295 372 201 818 705 342 734 889 744 684 338 902 265 830 377 11 665 386 974 400 37 563 502 238 111 562 240 705 729 878 575 276 344 334 632 475 73 791 82 759 201 83 99 805 572 558 451 800 847 988 308 218 6 276 798 358 896 128 375 424 647 259 859 409 423 185 418 830 328 164 762 831 769 345 606 730 925 791 971 331 694 236 57 262 897 978 958 818 725 369 503 95 3 991 988 302 918 542 16 742 288 78 976 450 821 786 722 69 711 893 209 72 75 613 302 838 161 51 736 183 981 316 198 782 414 943 352 559 904 577 428 960 151 472 51 704 828 676 84 889 508 743 738 552 93 175 808 109 447 610 455 395 582 500 595 790 61 322 432 695 396 68 721 712 492 833 574 966 57 961 415 399 761 843 264 117 708 241 452 720 152 936 989 613 480 760 697 312 704 52 994 282 712 324 437 29 779 44 470 132 230 515 821 30 47 985 920 59 496 519 681 128 186 67 413
344 684 328 816 526 471 755 87 470 541 235 599 978 781 797 459 258 989 221 876 171 562 165 261 684 181 11 684 839 31 127 857 501 741 688 433 439 571 213 466 671 836 884 725 766 892 145 622 53 944 586 535 157 608 664 750 731 643 418 782 307 245 884 54 433 595 3 271 324 58 470 332 114 203 205 334 112 937 914 684 73 865 738 970 186 862 609 41 464 505 25 570 408 206 764 277 594 316 36 542 181 962 499 330 854 41 735 711 559 447 371 75 882 9 529 67 997 16 161 900 424 269 432 769 375 943 642 814 25 414 902 340 80 761 348 712 544 31 749 221 738 328 668 84 978 459 145 655 946 23 526 121 479 448 197 211 852 617 218 542 154 10 536 904 729 609 34 635 863 865 86 724 898 178 319 698 745 414 71 310 297 292 437 65 30 718 98 725 743 747 100 549 410 118 97 810 549 498 245 526 813 863 444 139 851 330 900 768 69 714 579 125 327 860 928 142 503 687 242 100 353 708 788 489 937 791 143 744 863 755 625 737 920 281 311 78 470 431 696 812 932 135 103 948 774 829 840 786 107 624 951 207 342 214 340 769 765 52 422 871 748 65 650 317 805 927 395 696 284 20 136 884 602 465 862 335 353 325 956 329 683 998 275 227 305 553 509 187 668 434 536 504 348 836 975 182 788 426 772 641 890 202 306 714 832 808 652 241 376 792 403 977 572 886 488 618 416 831 646 631 212 772 2 574 906 673 344 201 38 964 260 919 427 985 900 651 594 772 421 53 488 134 323 742 747 934 620 898 45 141 389 575 310 947 773 419 861 767 732 91 18 970 396 920 525 881 642 997 67 842 213 593 551 369 641 856 283 403 623 424 552 876 138 249 91 613 90 358 332 487 760 27 607 231 398 60 819 287 232 327 895 280 284 289 313 476 416 872 723 644 731 109 260 594 897 85 664 595 780 188 486 42 54 148 882 136 297 274 579 390 100 729 79 125 206 912 856 547 542 825 205 891 366 120 499 279 217 420 221 670 680 310 671 623 715 917 703 881 351 354 343 283 653 951 479 427 325 868 438 129 868 857 39 108 793 732 170 37 9 113 973 852 559 892 202 839 643 0 156 279 408 252 503 834 304 433 931 199 318 926
296 463 302 114 653 947 879 824 620 497 262 159 411 332 161 724 875 513 568 153 957 84 427 481 971 562 158 890 662 324 227 36 911 901 832 457 851 501 966 956 81 404 134 279 183 281 195 514 417 970 342 446 64 863 181 538 576 84 908 558 547 699 588 753 787 483 560 926 138 617 628 475 241 527 796 288 804 234 104 656 765 65 868 152 467 192 209 198 56 282 579 244 585 754 351 536 48 328 732 65 158 820 733 362 752 852 599 314 820 76 890 309 179 801 507 468 90 898 362 916 753 830 619 724 194 737 773 664 642 252 228 255 270 207 3 368 668 534 743 199 702 709 307 596 65 320 83 250 139 453 941 887 935 926 788 510 654 644 645 238 905 120 946 294 148 260 571 854 117 17 686 124 761 851 882 100 913 36 656 471 349 22 579 564 289 438 916 645 4 617 642 262 344 442 849 25 957 884 998 971 813 261 276 870 678 384 200 634 92 687 381 25 396 271 796 808 455 470 679 929 513 717 417 287 329 325 694 631 302 932 150 312 395 651 518 480 377 765 316 982 612 484 162 437 46 431 288 386 659 647 929 475 647 623 667 693 639 154 691 458 86 744 898 410 349 748 521 592 369 175 413 249 6 259 227 622 154 406 373 585 601 504 294 280 877 588 886 957 424 212 688 258 909 419 441 910 180 435 840 828 194 778 695 554 573 669 856 29 843 576 631 350 448 131 579 388 648 425 725 682 825 268 522 759 206 852 305 297 889 832 758 261 175 391 492 890 654 879 550 766 351 368 808 714 763 951 608 473 700 95 43 175 240 734 558 759 19 150 4 650 60 428 543 432 850 922 190 957 84 535 94 940 5 543 983 796 551 94 664 711 909 971 713 527 932 661 687 354 230 658 448 981 937 318 89 915 475 290 448 839 603 800 139 373 646 596 378 600 14 577 940 455 882 852 400 340 675 945 622 282 766 588 298 780 112 132 201 981 731 887 24 194 930 38 917 940 786 619 102 351 688 471 464 952 199 986 552 718 346 989 208 522 242 903 917 366 915 748 531 443 334 45 86 743 829 453 44 371 814 484 925 575 398 822 886 524 956 516 621 704 168 243 235 611 245 836 306 497 754 920 773 441 546 125 616 893 37 635 813 737
889 760 813 642 309 720 91 165 61 432 371 895 593 222 0 262 342 735 123 423 851 343 539 345 654 437 351 409 957 692 940 857 532 498 980 545 36 640 345 838 163 725 383 675 232 273 997 377 454 862 966 401 130 756 957 903 477 341 104 134 190 122 131 962 631 495 10 345 670 670 24 921 180 489 913 531 336 566 749 212 912 788 780 126 675 127 499 514 714 963 899 286 313 579 196 652 620 128 540 98 515 904 857 821 990 779 224 204 360 597 706 74 148 659 906 867 186 130 141 578 125 868 254 281 623 518 859 257 556 213 227 491 825 4 870 398 311 959 221 703 392 583 993 827 727 394 75 378 160 556 752 878 945 909 351 504 526 363 622 806 13 881 847 223 641 787 497 12 822 817 77 353 178 600 329 639 129 78 827 519 141 807 148 829 687 503 793 610 411 902 291 390 209 781 649 398 126 333 367 552 864 220 164 503 594 232 156 573 525 950 636 664 344 435 231 765 288 740 90 859 336 100 305 332 651 145 261 557 976 983 81 96 840 288 396 826 187 952 415 532 67 705 365 711 192 862 95 237 895 867 604 979 60 390 167 68 872 750 388 135 226 753 112 240 348 80 878 556 601 302 913 797 35 223 885 107 623 481 923 70 322 62 659 567 773 694 900 368 432 463 832 844 766 362 724 830 115 490 535 174 344 276 397 830 993 356 83 531 319 660 544 183 621 246 939 234 726 253 573 42 3 688 983 211 52 84 673 759 942 860 935 137 218 873 295 516 401 120 635 137 534 732 311 365 976 354 656 581 622 825 386 872 152 227 171 189 893 703 471 198 457 557 557 803 873 754 433 199 906 744 869 673 297 600 909 984 171 201 10 712 945 604 61 477 878 875 129 606 883 173 256 353 923 892 186 628 190 125 357 389 320 622 937 112 473 567 303 873 408 368 214 440 681 15 654 405 365 149 23 533 537 221 962 955 434 526 536 382 779 405 298 284 458 271 719 330 590 84 263 763 399 4 777 121 37 235 325 508 255 935 342 296 843 186 536 804 142 129 663 706 338 443 902 750 621 37 137 23 374 488 295 124 643 525 489 706 580 748 345 961 596 148 964 415 211 452 236 463 111 351 249 131 785 416 879 721 180 416 268 14
760 228 759 923 804 135 632 584 577 828 386 810 111 534 896 196 650 248 801 632 982 413 573 911 39 943 885 118 296 866 934 189 996 312 612 192 129 716 885 941 448 453 765 895 420 772 484 233 441 392 488 715 82 611 917 114 188 228 135 253 653 14 434 82 796 120 618 498 676 529 442 419 682 466 348 679 339 488 837 935 686 823 960 75 173 74 314 643 704 997 454 669 244 335 347 993 160 820 194 799 954 800 671 181 406 280 578 802 676 784 904 464 444 969 493 246 979 810 933 842 300 347 473 732 452 928 263 562 856 941 567 669 407 360 853 197 313 364 741 721 953 0 327 736 731 171 806 837 543 797 599 747 21 569 352 508 122 334 991 995 926 212 309 662 910 30 534 678 687 403 526 225 827 96 457 614 799 874 829 304 62 974 874 629 483 785 467 804 222 504 242 85 132 736 895 706 596 106 838 66 399 25 937 35 968 570 349 542 365 294 234 122 725 253 65 951 326 687 4 596 299 658 259 789 638 95 682 405 402 352 829 909 163 789 138 767 463 925 245 766 455 632 890 453 254 573 145 856 930 221 605 425 706 66 795 20 54 928 273 628 317 440 846 302 716 683 110 965 0 891 109 632 908 854 853 738 527 464 129 291 1 629 562 629 375 237 534 247 941 87 281 681 571 99 465 198 106 805 824 98 590 649 812 831 24 240 956 403 168 819 306 798 811 966 507 645 527 830 291 61 129 853 65 395 946 366 889 290 349 449 620 240 772 331 100 649 253 650 451 667 592 47 16 210 534 262 206 736 162 833 157 873 812 54 386 808 716 39 206 28 485 332 411 69 701 315 139 961 243 755 460 895 657 47 746 720 475 472 149 809 609 368 797 384 11 831 614 43 187 444 833 175 704 163 790 55 25 48 865 494 644 731 819 649 549 201 872 458 378 124 843 811 269 196 641 908 465 68 26 538 369 952 728 210 667 403 459 795 677 274 30 823 468 831 284 911 442 966 485 545 788 574 815 240 513 587 420 686 885 5 31 798 89 900 873 566 440 839 928 246 773 764 332 345 551 544 849 288 875 492 880 33 517 423 242 259 640 647 639 534 428 763 657 666 997 198 450 576 526 650 33 573 910 193 247 731 839 511 263 290
343 511 54 297 370 472 667 532 892 790 561 254 649 365 752 721 678 482 804 960 950 359 81 104 467 744 46 60 707 989 309 542 313 533 632 70 793 773 84 444 372 522 45 597 340 671 719 904 41 70 53 206 927 770 514 697 931 816 705 773 988 562 320 801 215 549 577 508 732 778 102 300 597 767 866 51 329 5 606 530 115 504 957 862 886 966 490 538 168 603 817 657 13 24 558 452 756 696 703 203 705 494 46 653 267 658 710 847 627 405 703 194 477 443 891 123 210 769 546 522 536 287 701 548 629 585 795 417 987 419 426 861 677 721 384 172 680 787 388 336 501 617 202 469 175 364 724 327 741 257 430 420 497 412 190 244 504 681 72 668 246 254 250 650 291 515 881 126 174 382 98 177 610 257 60 440 708 650 11 474 106 253 838 101 765 842 143 685 744 917 647 846 105 289 278 220 860 740 279 411 937 547 969 585 856 474 576 235 114 76 150 199 472 698 634 712 833 408 58 40 939 459 721 364 240 719 40 193 274 582 648 772 141 904 556 519 297 169 341 722 721 899 358 867 700 29 944 388 344 839 971 139 978 432 351 892 45 655 862 816 951 181 222 762 188 501 739 187 169 225 563 66 488 779 285 202 350 568 830 996 876 734 241 429 895 589 616 928 496 170 793 929 781 474 794 818 210 278 541 301 24 681 701 509 642 848 751 651 596 618 798 973 174 762 268 83 773 754 457 617 662 708 397 275 866 652 132 44 398 766 159 660 207 16 133 141 407 366 725 307 408 918 542 800 188 926 334 567 171 324 55 577 910 41 655 450 790 346 166 125 242 308 752 387 656 662 86 220 108 925 367 955 152 96 274 451 982 808 768 923 444 955 3 409 360 713 704 379 706 396 527 216 520 199 829 362 418 484 391 869 637 344 625 45 681 408 31 898 768 807 764 775 251 863 679 179 470 464 3 731 816 721 653 502 518 644 302 56 453 199 111 167 172 960 252 78 269 167 904 67 195 634 844 289 156 169 221 917 84 312 698 477 115 437 169 705 195 850 288 810 799 638 596 914 568 805 740 516 966 981 622 148 604 318 344 563 301 386 933 752 219 603 989 211 757 990 36 116 572 636 885 558 624 586 764 480 578 862 117 29
690 390 987 210 220 565 7 272 688 370 833 189 713 628 373 417 143 563 327 745 622 56 901 218 989 976 992 699 20 292 973 711 385 555 205 416 880 305 818 767 477 676 512 474 924 717 182 241 47 439 687 807 76 234 696 643 282 306 189 482 504 894 791 492 481 562 751 680 736 691 596 635 682 592 375 815 80 116 669 233 177 644 569 813 471 558 958 169 638 238 861 351 936 357 899 646 37 526 818 112 761 172 422 955 138 100 447 553 471 322 298 971 561 732 899 589 252 433 233 745 34 858 188 813 671 971 20 848 632 568 376 198 403 232 54 252 516 154 928 219 248 652 619 112 676 271 872 169 135 426 606 689 215 595 990 155 539 35 306 882 245 54 305 625 805 197 452 634 474 415 542 229 685 973 362 202 217 121 34 369 925 253 141 311 542 557 784 930 120 273 121 141 181 973 743 44 882 148 203 270 317 393 83 950 447 155 199 824 446 890 940 896 712 147 769 541 687 395 838 669 173 616 164 941 828 585 156 727 623 577 176 451 719 822 589 122 61 266 105 231 123 398 263 59 57 471 363 682 588 897 487 384 256 662 465 121 677 811 724 541 920 498 967 295 38 983 605 48 451 227 696 111 10 535 265 137 175 309 969 692 443 249 763 528 233 196 244 740 350 374 731 332 525 518 532 331 493 980 895 703 902 420 621 384 227 698 906 141 112 715 562 281 844 271 69 821 14 513 700 731 396 602 718 920 631 501 686 504 492 217 322 982 542 337 282 836 31 274 135 763 934 137 683 922 21 971 963 122 699 183 894 304 575 542 691 847 2 578 386 538 335 1 40 871 663 223 543 875 207 171 133 704 825 795 381 523 634 10 603 114 229 57 732 544 262 900 181 508 368 364 379 317 386 376 52 487 358 34 857 211 756 176 674 181 772 424 429 690 680 141 885 696 784 56 121 37 76 752 785 518 387 461 448 824 75 270 319 48 855 766 425 369 12 476 263 954 82 27 870 267 724 912 188 207 970 438 155 912 764 701 468 325 611 395 927 308 287 142 358 406 386 912 971 80 781 284 386 141 455 240 836 457 633 838 548 875 946 585 417 282 540 801 341 558 40 463 824 95 168 703 189 172 921 592 169 688 923 1 909 463
942 172 51 187 901 303 61 173 453 52 930 542 959 129 903 796 876 161 835 606 399 752 590 735 754 756 88 531 210 143 249 738 965 967 8 214 321 561 831 906 230 523 195 353 805 466 588 8 114 643 503 480 549 462 832 793 721 310 17 201 9 390 979 936 635 447 465 792 58 633 149 291 305 499 545 978 622 66 310 463 504 750 55 899 609 49 855 935 424 528 762 130 823 585 321 762 719 303 735 814 977 517 976 905 930 530 724 277 206 201 99 841 14 293 845 579 924 926 878 890 175 682 760 445 707 389 544 368 920 193 403 358 977 404 284 925 305 667 424 241 50 731 930 546 283 657 66 88 928 755 525 248 257 515 291 923 372 85 401 184 896 784 186 120 925 524 400 32 323 815 791 955 668 431 384 390 116 642 187 262 245 172 87 437 474 513 251 880 819 174 512 755 869 247 213 714 32 575 64 129 80 533 891 988 946 738 753 386 193 306 770 576 231 933 621 15 202 592 118 717 311 249 636 652 243 899 493 936 228 845 888 502 283 531 684 340 252 787 391 599 585 735 235 113 585 89 256 530 61 531 244 475 345 113 257 907 698 936 776 627 348 792 185 172 335 432 87 72 399 46 986 534 185 639 260 888 595 325 497 941 303 418 462 656 118 599 882 903 113 88 819 211 572 71 829 656 503 700 737 565 422 724 162 599 188 368 735 469 83 12 282 391 757 111 453 940 740 820 820 988 582 986 148 794 192 315 367 626 972 471 783 298 269 980 608 681 568 376 753 481 387 607 569 697 429 945 71 982 748 124 315 274 898 639 693 272 894 379 85 545 423 889 301 490 769 596 156 91 93 108 415 804 175 15 783 140 421 246 259 641 615 497 430 370 548 117 345 658 519 560 272 118 86 872 341 632 874 653 572 424 746 366 559 507 621 475 660 362 409 979 357 804 299 559 307 8 280 536 830 189 699 945 362 164 205 127 523 27 77 279 631 564 962 483 546 821 335 316 272 41 651 914 759 627 155 109 55 533 839 43 441 780 751 918 911 831 666 205 285 191 223 842 322 807 326 790 328 898 727 816 363 196 9 504 560 179 453 340 340 468 305 301 517 464 782 619 21 498 685 99 247 172 480 243 706 426 497 38 32 337
19 703 970 27 714 746 725 347 424 807 161 734 703 645 306 238 259 305 711 988 741 260 872 722 702 417 201 839 255 697 499 501 396 542 656 409 915 361 415 811 696 884 3 558 62 370 142 53 524 401 991 467 728 675 489 623 349 712 863 951 72 449 207 211 181 580 126 469 883 175 308 99 819 549 700 475 939 998 597 229 277 244 845 88 9 436 122 328 544 752 704 290 162 633 803 168 699 243 984 28 926 120 954 709 183 748 319 665 91 742 833 661 927 712 377 587 890 664 769 27 651 633 499 44 42 37 406 148 349 781 75 109 773 938 177 625 45 919 884 467 244 809 84 104 429 629 308 511 436 11 468 339 442 759 926 437 790 495 902 396 100 333 714 156 847 744 429 896 547 171 298 509 476 301 274 355 632 462 792 90 15 861 360 748 108 427 418 919 192 494 428 113 870 237 836 344 819 610 193 870 771 17 764 892 606 774 933 279 99 859 916 693 607 674 6 274 124 151 579 315 986 633 884 533 996 811 898 908 724 736 75 269 410 911 40 336 680 712 953 265 266 352 855 14 587 329 192 205 559 868 614 753 614 250 573 327 991 49 708 489 322 226 938 21 765 691 340 334 4 328 541 351 75 277 652 564 789 318 298 733 487 985 225 107 842 510 905 267 570 903 225 96 956 550 761 785 499 374 247 18 326 468 12 674 649 879 426 309 481 628 946 263 260 548 502 624 819 237 246 106 418 270 146 883 950 29 235 878 753 210 888 756 302 487 348 413 530 816 72 803 168 878 481 697 407 915 803 470 90 810 346 918 217 95 831 466 66 572 484 171 279 472 612 653 923 952 244 972 867 392 941 531 593 956 962 145 894 821 284 847 172 615 995 562 897 639 518 492 171 546 787 34 634 391 243 92 478 868 287 618 403 888 226 915 413 308 274 21 241 812 369 839 375 438 410 96 42 645 901 607 802 58 590 866 696 80 293 822 640 478 975 122 924 359 576 849 527 462 362 106 812 785 369 892 894 615 493 292 239 351 408 867 225 281 723 866 814 36 253 782 685 995 316 891 419 349 751 295 638 641 494 185 911 332 860 546 482 297 253 122 986 144 144 95 602 983 306 119 356 585 559 504 431 764 556 765 547 331 554 718
503 202 391 965 344 174 582 529 86 256 417 912 354 351 7 399 727 89 927 580 853 908 526 88 559 180 87 3 649 614 982 274 163 130 290 175 988 288 923 258 547 829 1 332 47 64 874 866 659 876 78 347 255 536 771 16 162 860 151 334 175 239 742 469 754 189 531 79 567 92 288 436 633 322 430 282 458 58 336 86 869 837 40 901 228 183 731 940 641 357 369 954 859 36 109 615 636 981 710 739 526 90 400 511 292 179 976 976 181 187 21 524 437 576 500 950 403 807 979 383 79 488 39 660 383 220 139 464 255 460 760 960 999 476 930 71 380 61 137 773 154 336 983 626 32 920 481 237 627 337 746 627 320 155 118 169 46 584 205 290 395 342 39 594 640 749 707 900 365 727 759 587 826 388 609 284 362 822 361 71 706 436 201 818 797 980 327 648 513 526 540 751 695 69 982 78 936 578 799 863 277 325 758 636 295 454 505 145 518 794 54 98 940 530 322 170 178 675 589 528 119 578 939 806 126 952 221 791 215 622 60 94 19 822 114 29 407 51 835 565 43 491 623 611 631 609 618 630 340 468 763 959 143 545 668 187 91 836 908 196 180 564 375 9 450 584 904 217 759 591 324 241 957 557 941 73 871 607 285 105 995 639 664 176 427 705 996 983 81 438 534 386 992 217 918 816 66 647 499 154 370 556 759 844 697 482 622 943 127 60 240 172 813 24 356 682 721 816 195 46 915 190 872 426 860 668 826 26 766 484 296 378 307 408 994 306 658 497 381 798 110 295 393 146 469 621 649 112 250 999 189 335 518 955 204 637 646 816 268 247 643 533 210 9 816 341 309 320 899 362 976 94 736 763 902 363 804 265 992 606 512 393 655 152 560 715 332 165 679 723 559 378 622 223 330 685 488 33 509 482 835 689 13 259 576 754 224 228 11 287 860 179 223 407 505 888 564 766 962 260 63 884 127 711 432 516 754 459 85 447 19 712 110 121 674 2 985 510 798 551 293 238 724 274 859 921 923 258 480 338 394 144 532 927 30 347 6 4 871 215 10 601 397 734 63 436 317 100 188 489 443 847 828 397 179 605 72 513 816 421 48 81 504 957 919 301 262 144 297 18 191 170 558 296 51 755 741 616 24 255
510 912 393 459 955 439 639 448 94 655 60 13 793 800 120 744 466 438 82 271 196 169 195 137 19 357 482 200 81 733 320 768 458 132 790 997 300 832 396 104 751 860 34 273 459 815 152 636 176 487 532 568 591 308 156 841 538 619 615 854 67 822 559 606 410 665 889 707 510 257 975 111 498 620 696 32 512 162 901 853 361 866 873 670 846 48 735 204 569 904 949 47 130 537 687 836 604 11 180 947 928 972 835 366 583 906 382 696 985 34 894 559 221 189 412 147 92 867 694 904 860 50 363 767 342 874 426 519 488 121 648 636 125 266 686 524 300 978 160 185 191 514 113 826 142 644 870 793 316 75 714 769 635 195 142 628 726 892 802 825 461 602 172 405 605 894 958 697 137 164 52 219 6 616 942 368 227 261 303 622 757 600 216 35 167 68 339 344 301 42 545 798 127 499 145 872 539 221 967 603 205 603 662 523 909 478 619 109 685 570 934 58 200 957 731 869 230 420 203 564 879 158 644 533 289 981 705 818 235 823 144 675 194 68 747 3 755 317 617 392 839 76 102 199 348 639 280 525 577 672 684 49 861 593 583 116 635 575 883 535 744 581 584 883 692 37 457 227 750 113 511 971 861 576 277 862 214 73 106 662 876 218 940 495 448 114 645 103 688 713 834 117 206 569 973 952 696 477 601 657 833 325 63 376 268 727 743 364 428 765 578 933 357 12 914 549 265 879 815 807 169 110 341 996 525 350 194 31 489 976 482 500 756 701 944 578 352 886 421 236 903 940 904 458 110 230 419 537 447 129 820 255 860 889 829 542 115 269 600 290 27 201 21 526 51 938 369 190 69 994 48 301 522 143 684 747 719 509 635 697 767 593 479 797 766 339 56 478 240 207 163 2 877 0 947 174 789 743 63 363 569 692 451 293 300 636 222 394 516 518 320 713 328 240 47 679 760 860 637 110 822 218 129 804 928 335 41 803 50 189 6 625 781 542 283 717 929 336 380 481 654 294 861 34 74 318 562 42 902 568 271 504 864 482 929 63 585 774 255 914 335 32 312 231 367 170 686 216 716 470 646 524 304 15 268 283 619 606 236 489 388 5 376 427 736 419 701 983 152 149 543 890 801 514 312 76 783 160 825 191
469 683 9 175 929 64 311 197 20 625 679 4 908 135 916 900 3 64 123 777 156 112 137 446 189 670 845 634 718 819 37 420 706 353 406 365 355 471 406 695 10 70 947 931 908 586 538 469 654 363 423 414 415 358 873 674 904 30 506 668 794 367 478 652 201 995 226 165 880 390 540 438 507 234 813 741 326 685 254 369 233 941 223 873 995 178 777 286 55 380 846 654 420 990 907 530 997 788 336 351 932 935 68 656 866 425 797 692 938 995 491 461 538 468 789 544 928 241 726 918 929 154 882 974 986 324 313 675 215 382 320 673 873 791 334 634 80 550 351 96 795 583 814 368 644 945 108 16 15 604 346 304 799 481 17 685 963 769 913 323 194 727 901 881 922 876 908 373 793 788 664 210 464 816 46 329 261 161 823 706 973 496 266 112 509 176 284 156 517 176 632 195 456 318 95 501 666 653 614 691 50 695 870 141 792 67 465 521 288 994 494 835 149 253 310 743 571 564 342 134 100 626 34 188 700 585 538 168 943 986 362 822 44 741 650 444 413 28 838 559 172 607 688 369 991 634 260 666 385 400 974 328 679 604 424 262 499 545 283 246 151 43 236 466 81 318 381 481 799 943 645 194 150 473 550 584 827 460 753 205 752 879 36 621 552 609 717 913 325 244 815 574 945 559 473 728 995 240 840 999 409 245 770 82 40 36 811 574 792 239 47 257 855 363 547 665 655 272 403 226 781 887 241 179 953 552 694 974 752 996 364 885 54 5 490 753 290 980 540 689 832 114 765 328 573 918 198 727 223 887 348 558 68 192 205 657 26 73 993 46 28 428 339 627 211 729 616 420 764 66 216 203 218 843 96 366 894 228 99 47 137 243 562 990 302 407 602 699 815 304 124 178 632 14 5 34 297 670 182 219 10 907 295 978 294 812 63 213 650 303 217 469 603 649 868 134 61 875 450 43 15 953 914 148 249 312 409 157 452 741 402 790 786 843 777 133 895 894 490 828 651 597 457 164 830 155 510 982 980 180 69 835 579 238 530 175 976 557 577 645 443 629 547 357 559 954 382 296 606 724 780 907 473 416 93 561 223 333 133 60 190 426 579 644 790 914 714 181 150 570 40 785 351 180 877 76 245 237 186 115
328 826 762 96 772 705 965 592 60 96 48 919 699 744 16 28 136 658 433 930 673 128 555 36 803 970 534 914 444 157 892 287 705 986 824 334 380 141 209 442 753 108 157 482 92 168 596 863 847 568 21 665 490 972 487 961 39 549 490 716 850 136 39 626 826 617 813 972 152 680 865 341 776 534 195 869 535 793 585 416 683 662 710 174 74 42 20 667 414 755 973 595 958 969 142 279 554 471 682 731 666 542 415 66 453 142 308 268 62 874 820 912 271 618 242 501 735 4 260 473 286 583 831 69 500 352 543 535 398 186 437 302 374 478 870 430 245 570 515 808 607 719 970 870 819 402 470 123 111 894 303 693 957 217 916 198 598 112 215 424 38 610 525 540 193 614 427 222 601 336 732 944 546 842 804 134 722 926 698 10 458 273 863 692 228 791 442 521 986 537 397 661 961 453 352 385 561 130 224 713 639 868 56 283 304 414 725 240 491 133 644 496 716 625 788 24 950 731 845 890 718 160 460 461 434 338 560 815 452 746 89 377 486 595 592 44 112 950 169 500 289 956 215 661 498 811 491 425 48 287 197 869 22 595 625 79 816 722 446 559 826 582 877 83 532 205 508 104 655 23 991 751 264 430 527 830 601 280 299 547 846 253 152 941 715 408 510 552 599 863 724 467 119 272 781 41 585 143 302 88 791 40 976 553 443 128 256 317 573 901 57 4 95 935 984 13 682 84 43 147 447 726 869 226 592 89 922 887 605 739 690 693 64 89 856 381 551 652 470 272 776 788 914 64 305 6 537 682 831 98 435 793 861 562 190 296 649 976 407 92 631 328 167 606 798 830 749 723 393 3 385 136 2 337 279 256 385 399 373 199 958 235 867 156 140 13 118 787 43 58 694 686 507 641 221 30 258 322 548 238 386 982 979 494 625 459 888 824 545 665 300 36 651 184 593 594 189 217 269 557 372 37 320 237 254 600 506 266 634 484 22 566 432 144 625 781 255 759 169 978 624 645 745 716 727 181 846 985 346 859 687 605 369 616 792 194 221 811 501 355 234 321 866 210 974 599 179 799 927 787 758 687 54 549 339 180 421 632 431 702 850 434 792 757 146 686 464 845 217 633 233 518 263 245 561 824 611 660 131 264
350 302 548 699 550 223 651 41 915 402 398 517 533 347 869 808 487 357 4 646 863 104 746 830 856 905 784 611 811 290 161 435 120 298 261 347 881 572 917 630 572 740 892 286 129 936 937 458 214 683 39 919 626 137 184 78 470 271 89 996 215 279 806 130 184 778 584 629 353 278 954 183 60 503 359 236 816 850 991 211 346 382 781 163 242 591 637 828 554 887 162 823 562 682 554 696 444 290 524 984 902 821 744 872 593 550 555 6 560 318 245 127 424 15 574 575 365 817 626 160 342 349 460 718 610 626 910 250 142 370 570 103 411 882 393 310 556 827 188 879 688 821 291 717 142 956 177 237 154 222 407 142 306 310 445 545 847 193 953 952 183 923 915 759 599 969 907 276 874 536 962 540 772 915 13 317 849 432 42 254 93 637 126 793 646 367 897 229 704 486 24 206 394 150 981 627 92 985 40 723 886 634 861 387 803 586 722 859 141 275 506 338 757 117 428 905 414 319 928 46 263 45 177 978 977 94 694 94 865 348 335 335 582 923 206 200 81 106 754 998 732 628 460 742 254 540 1 449 971 576 147 119 177 442 239 671 732 417 582 214 154 978 33 283 255 977 248 788 795 640 260 192 766 87 6 633 989 47 635 0 841 286 495 694 279 192 193 510 449 486 332 117 596 275 698 615 610 855 133 153 570 851 420 811 295 18 443 926 487 411 833 163 972 500 823 457 727 518 498 788 654 306 81 422 361 640 31 769 86 578 486 933 72 484 784 633 352 795 400 421 865 318 229 785 906 988 453 314 193 452 528 537 874 386 298 663 673 253 726 193 209 775 114 334 325 353 767 751 739 237 382 75 688 328 224 49 554 747 750 277 95 721 90 695 993 870 112 514 790 356 49 246 250 801 160 220 723 220 241 64 589 55 717 712 679 402 696 155 722 308 632 471 740 659 728 46 845 77 4 458 705 108 710 723 761 705 22 888 689 545 325 715 181 26 877 485 121 664 10 646 871 807 624 447 274 64 84 624 534 133 671 649 202 175 326 812 227 6 475 581 5 996 853 505 774 839 342 127 777 805 213 310 701 20 17 330 348 729 73 727 968 164 689 22 937 433 989 838 867 865 127 494 806 991 190 373 507 168 999 660
90 338 876 330 687 972 581 688 143 329 649 178 747 646 32 748 449 50 888 297 368 209 906 957 136 12 89 734 14 778 433 126 922 611 660 883 692 836 311 622 915 334 209 527 408 528 691 640 26 706 681 925 453 890 694 306 372 970 251 177 84 364 468 827 76 420 444 180 62 109 64 229 917 88 232 396 960 635 533 659 228 16 747 295 235 117 817 311 228 856 240 110 635 930 735 878 17 177 36 804 417 809 475 889 183 607 888 269 417 298 861 335 500 264 152 127 629 885 239 570 238 291 362 852 889 909 345 104 49 155 515 405 792 682 948 61 627 922 710 77 242 891 714 912 346 961 5 874 858 275 484 539 475 551 272 718 42 806 545 683 493 437 123 978 818 414 280 527 121 399 556 314 35 603 294 624 546 682 205 631 793 37 745 721 921 549 496 749 325 582 178 192 983 606 295 785 381 716 480 878 186 338 679 712 204 106 15 228 409 7 228 284 250 105 328 308 291 5 898 754 567 967 735 277 701 161 794 507 134 670 776 129 712 329 651 55 379 221 513 127 677 54 258 979 179 384 958 501 810 768 757 833 48 478 528 728 764 99 238 187 487 603 257 324 247 598 386 626 492 453 780 388 551 674 623 887 812 582 991 794 175 997 640 502 333 545 502 866 344 112 743 968 512 89 219 370 684 586 787 900 27 127 478 474 579 135 563 123 139 526 816 28 986 899 137 911 118 894 636 412 13 778 184 720 32 446 813 177 909 9 194 433 462 507 749 528 726 727 135 14 305 690 935 464 0 133 187 843 152 509 528 353 1 545 245 845 738 40 625 587 767 614 257 311 500 432 303 951 352 348 833 616 516 342 227 441 49 447 839 327 897 205 973 119 927 27 466 286 729 733 673 330 159 515 9 995 235 339 909 620 289 212 775 253 82 192 231 520 917 28 664 652 730 988 156 3 358 398 679 402 945 800 819 355 927 175 722 924 669 597 605 657 883 664 495 21 877 906 843 628 149 880 790 405 335 267 589 375 600 320 709 484 642 602 785 629 138 799 80 64 650 748 345 433 88 147 714 519 590 17 912 173 19 370 11 926 582 206 827 525 276 618 309 648 887 588 540 390 820 482 581 619 605 425 644 282 891 680 368 50
782 648 333 367 914 172 166 816 28 408 478 176 253 72 149 67 262 181 472 399 549 307 863 740 780 613 652 886 405 517 503 138 21 820 343 795 870 284 28 255 845 466 876 490 869 549 157 309 384 410 500 85 314 662 282 93 729 871 116 724 976 619 157 605 644 731 578 604 135 206 264 966 426 75 187 177 486 24 845 779 719 613 431 99 955 36 56 111 50 762 400 195 726 636 768 644 854 124 472 732 200 890 22 699 959 605 238 45 500 815 810 669 935 255 621 714 926 246 562 702 473 804 162 453 40 398 934 262 862 213 770 55 829 861 318 541 715 686 587 149 848 873 97 418 901 661 478 986 875 802 4 676 70 429 691 436 204 193 640 758 158 871 12 147 497 835 456 292 566 709 785 171 994 791 942 122 645 480 718 534 475 705 117 841 276 80 471 564 54 242 810 192 785 95 226 19 610 771 88 986 170 917 438 7 239 963 244 19 73 566 336 837 677 902 128 193 620 188 430 369 384 400 116 233 560 735 494 746 60 726 116 963 427 236 600 440 88 429 292 31 54 808 126 209 270 384 503 120 367 177 433 125 137 212 625 581 227 134 967 775 901 727 451 445 919 364 611 211 108 176 586 837 242 649 464 267 564 374 388 402 252 345 601 506 982 115 801 813 68 808 50 347 196 427 782 98 202 82 597 577 949 68 766 444 180 104 184 8 997 134 385 855 153 691 311 746 426 727 145 69 709 367 540 237 324 322 250 108 124 256 898 750 655 333 656 848 425 692 570 803 98 962 279 828 478 10 149 967 673 256 297 148 368 684 443 88 158 378 228 223 850 235 87 244 440 41 738 147 669 622 215 471 179 133 67 750 846 364 819 220 662 272 305 462 42 210 582 780 20 891 326 173 122 219 696 51 137 196 492 893 520 886 4 145 964 833 163 502 317 649 323 203 650 44 95 167 224 616 125 159 913 434 147 116 487 166 442 375 166 484 427 60 240 300 630 150 991 709 95 772 746 340 164 739 574 192 103 144 80 692 139 807 388 866 346 63 232 414 997 594 882 416 26 826 276 704 639 685 567 287 126 542 587 770 799 839 963 967 688 636 928 660 96 762 235 76 919 800 905 165 945 294 330 943 241 268 417 664 692 920
18 214 339 516 633 290 96 69 658 769 868 149 567 947 860 730 116 174 24 46 928 826 64 344 117 841 810 514 435 114 850 915 912 779 932 936 286 841 740 296 614 562 74 690 911 610 885 94 567 537 828 78 465 134 595 10 226 138 140 163 990 344 692 892 100 533 146 857 789 49 479 572 973 276 684 875 109 939 597 491 334 782 680 684 241 986 300 956 442 578 892 272 526 365 151 937 180 13 724 884 798 64 293 162 906 475 543 489 664 571 499 16 541 648 321 70 504 403 666 254 549 422 999 72 240 769 631 399 678 592 565 345 43 33 749 134 595 172 752 715 725 856 469 168 116 348 636 654 910 276 67 449 412 233 133 17 309 108 383 944 85 761 740 433 436 639 780 978 107 947 988 61 301 265 480 349 766 851 801 831 870 967 54 635 697 695 131 442 783 235 184 696 894 635 871 697 361 816 560 660 870 869 260 638 256 383 398 273 556 736 595 968 208 90 21 596 148 836 172 809 686 305 311 925 388 683 300 982 3 840 893 805 316 192 820 810 642 213 207 655 600 427 96 884 122 684 273 231 860 241 401 437 735 422 947 779 677 339 650 121 78 954 614 436 169 538 964 249 229 290 768 579 110 790 411 201 414 543 742 650 72 286 733 432 666 684 873 501 963 413 166 489 163 628 83 805 137 615 261 613 658 788 477 675 567 96 113 134 744 506 951 825 963 989 34 832 164 81 443 282 657 443 245 482 541 156 1 918 205 233 481 735 643 622 167 929 813 353 512 585 912 10 243 555 601 697 58 130 57 878 59 836 845 276 284 358 572 14 774 963 533 688 607 923 317 902 996 307 369 370 237 323 279 308 510 904 552 725 516 985 434 40 621 57 921 36 505 333 827 890 502 540 284 805 569 634 287 656 734 979 853 92 882 626 97 396 537 839 225 776 304 102 977 996 78 728 210 207 920 410 516 753 412 4 249 443 495 76 689 462 182 360 883 307 186 870 791 624 11 256 634 973 405 586 845 686 976 448 38 336 652 232 663 596 415 226 354 512 43 510 517 206 269 189 998 351 970 467 361 817 777 930 216 534 326 873 575 767 300 699 534 746 485 382 126 964 705 330 805 112 304 410 154 97 292 161 391 696 964 114
713 431 502 334 347 182 69 846 559 191 3 47 84 822 230 734 789 887 12 816 691 578 928 224 392 291 614 751 731 501 979 98 527 207 187 524 969 990 368 52 352 270 537 177 945 502 744 546 876 733 832 594 994 813 859 17 379 661 18 456 803 424 566 837 539 252 158 11 139 331 169 987 151 217 129 151 205 873 369 332 938 907 654 409 641 476 44 961 350 613 356 794 127 586 688 537 384 128 85 308 926 205 564 976 730 68 391 667 11 647 740 130 188 612 432 103 939 186 708 483 346 577 598 29 382 168 301 665 308 645 626 660 25 191 973 244 685 372 796 525 573 27 660 870 544 943 381 793 910 591 975 678 633 764 972 540 498 370 997 239 559 24 526 189 472 643 148 466 905 520 30 795 333 639 714 766 573 419 508 946 556 103 776 105 442 104 331 210 466 290 605 805 924 718 124 822 411 277 664 652 385 875 876 212 464 82 702 720 539 834 858 647 346 610 483 123 454 836 674 485 204 288 538 596 583 660 830 628 341 418 643 870 440 853 845 167 46 303 49 792 639 795 955 111 978 533 606 218 279 873 303 865 870 183 427 760 700 409 600 426 906 223 175 491 769 647 199 945 383 311 341 219 837 371 934 678 277 294 875 201 976 630 263 21 342 32 297 99 351 679 246 853 83 355 843 303 927 772 119 883 995 497 81 644 433 95 382 41 292 207 639 506 373 578 265 518 622 472 559 331 727 16 960 788 523 584 622 366 839 88 466 891 142 267 211 295 377 526 317 899 269 812 171 919 352 406 559 49 870 305 510 351 83 438 66 264 646 109 947 783 433 999 122 590 746 541 604 381 605 862 260 629 50 846 334 972 87 890 981 623 410 261 698 238 371 392 328 968 366 106 875 873 150 828 984 702 219 611 792 989 33 792 835 474 646 408 321 102 537 565 684 17 607 705 74 598 714 388 391 526 156 710 763 972 261 657 381 76 761 612 355 703 38 490 78 695 657 520 439 925 127 904 593 4 357 107 157 355 652 299 777 520 172 645 900 270 571 161 21 133 335 397 928 253 742 902 950 39 459 680 523 468 269 706 836 485 393 397 751 928 978 710 810 182 95 350 784 258 431 716 483 61 815 114 975 814 62 541 493 123
606 280 77 974 30 482 941 353 26 96 428 446 945 16 492 631 71 696 535 942 541 36 479 14 373 411 681 114 977 668 70 687 57 526 79 439 781 928 449 424 107 297 770 126 295 359 601 944 426 946 310 88 826 163 717 430 307 688 245 28 737 61 308 178 822 511 125 122 120 695 549 507 404 910 561 197 261 658 612 609 712 490 847 857 667 789 69 692 712 230 389 338 22 669 356 70 451 542 692 781 512 556 805 220 426 647 742 312 358 705 0 792 190 852 142 269 612 873 629 310 484 803 636 124 301 6 309 432 864 592 765 396 673 670 145 500 194 682 499 672 38 391 227 952 624 410 874 628 176 222 422 139 632 337 691 52 372 99 530 558 555 447 105 829 744 990 373 401 153 97 451 398 43 678 509 867 576 832 435 398 423 880 240 800 486 387 943 483 32 993 619 104 140 722 237 321 409 694 497 417 35 46 773 137 53 774 223 200 574 386 415 369 764 100 560 248 185 637 231 306 57 265 75 30 813 769 615 901 253 396 113 37 823 533 401 348 791 980 459 756 270 385 887 756 352 628 697 406 587 400 886 398 111 211 802 820 884 370 491 96 257 774 951 637 97 778 67 665 807 779 371 720 595 95 312 504 638 414 799 772 434 80 825 969 131 835 123 107 664 129 643 650 423 372 142 655 149 612 119 250 252 36 631 518 825 509 765 440 609 861 971 182 386 253 330 963 871 34 454 71 687 414 821 538 447 312 438 500 574 318 582 190 191 746 564 551 997 206 651 149 386 833 117 294 851 277 52 483 397 897 31 904 773 634 435 39 618 774 392 405 288 914 726 898 705 521 898 139 14 841 976 695 603 390 318 399 763 270 755 602 513 301 145 181 522 568 794 198 285 320 30 772 339 142 425 648 769 650 144 828 115 313 433 360 958 234 813 576 361 575 240 419 474 221 151 63 33 845 191 788 836 620 203 615 809 301 837 982 180 242 429 757 779 597 658 480 397 316 491 247 6 935 849 669 275 112 733 624 510 487 975 289 19 345 285 30 502 380 970 457 522 47 550 803 119 17 561 667 679 162 759 168 655 857 878 599 526 298 415 52 770 419 657 820 507 645 551 702 656 907 97 171 58 251 777 206 168 137 686 344
14 620 589 662 205 998 177 229 296 398 916 309 874 735 847 891 619 527 728 160 442 514 414 156 754 774 424 605 769 223 307 691 253 953 689 919 111 849 194 338 682 104 94 196 911 967 210 111 104 311 3 187 879 146 165 175 622 436 499 664 409 326 514 543 376 199 269 506 228 508 845 391 866 997 930 124 946 286 504 414 800 746 174 117 868 440 915 496 15 539 422 600 785 376 384 245 931 184 768 104 246 337 343 195 429 981 54 990 786 786 756 646 28 46 485 799 888 735 98 136 755 731 545 763 392 572 858 570 518 284 160 253 117 931 970 167 786 342 532 140 32 586 309 753 905 490 363 112 915 929 559 710 775 320 447 957 80 83 259 447 958 264 406 647 967 559 577 477 159 65 714 863 209 299 903 910 625 526 339 675 975 414 510 976 932 370 49 841 156 128 131 641 864 983 300 301 777 19 486 970 540 924 762 200 134 458 246 902 116 397 870 941 672 56 285 548 799 361 64 808 337 722 59 556 823 860 336 488 313 683 256 152 856 264 731 642 934 490 279 612 391 542 780 483 368 477 255 159 131 698 466 250 120 513 346 95 793 168 915 70 53 44 369 71 777 651 846 832 59 50 95 591 344 277 327 443 834 634 50 546 494 402 10 732 187 993 668 854 23 781 175 779 957 608 764 909 808 895 70 429 779 86 863 93 550 375 217 912 37 669 760 463 695 791 634 460 415 284 738 764 944 256 172 913 879 699 824 716 654 101 720 633 148 346 572 364 0 23 649 874 410 183 146 624 698 2 270 967 877 914 374 779 304 639 567 385 262 691 376 505 434 936 60 922 846 646 598 94 516 750 698 327 44 364 592 537 681 389 883 728 124 95 148 59 390 438 653 869 189 267 629 891 252 159 98 620 985 970 702 319 789 758 615 578 540 907 957 236 217 313 464 443 261 78 827 218 944 742 384 809 297 991 723 698 555 569 344 632 50 976 421 219 140 805 783 194 375 20 938 580 962 161 338 865 205 327 855 247 724 154 713 325 993 171 467 28 473 500 980 266 26 998 563 313 49 310 106 196 254 563 16 444 696 152 245 222 218 429 33 66 701 468 535 591 999 753 11 854 328 740 494 601 582 717 230 382 382 774 260 370
101 551 962 595 293 162 971 903 694 278 583 413 302 145 599 527 274 178 922 260 451 845 553 24 510 758 989 125 416 838 998 916 949 967 74 858 518 794 108 620 570 602 964 765 993 24 115 399 169 512 757 176 390 329 42 778 27 296 840 257 764 988 649 775 701 431 454 528 748 639 329 267 848 879 610 129 275 450 928 470 802 162 155 418 638 41 880 501 514 97 45 386 885 629 103 441 926 893 333 578 547 147 71 167 945 755 834 388 844 658 575 992 172 750 523 709 875 489 877 251 102 715 895 869 751 222 462 123 116 744 109 538 42 970 953 254 427 893 336 500 570 499 419 145 377 107 383 933 942 125 459 758 333 530 35 852 274 500 242 827 88 633 831 547 321 71 895 26 895 144 117 903 988 908 0 209 640 237 510 159 991 592 466 637 849 373 125 707 683 667 215 828 922 160 883 94 839 572 240 418 836 457 764 324 219 542 668 897 97 733 163 725 359 959 966 69 787 433 760 644 889 926 137 714 149 365 155 847 3 620 366 802 832 938 559 592 851 242 587 618 159 127 850 732 295 861 851 634 599 716 297 456 663 188 971 657 274 303 394 487 274 705 266 743 706 915 596 643 720 17 799 616 221 888 317 445 242 287 70 542 624 95 94 778 523 882 303 745 845 624 551 935 900 12 814 737 92 984 44 561 410 991 506 395 242 848 484 188 827 645 252 803 99 427 776 141 168 647 32 762 728 558 262 663 212 150 561 993 433 19 515 229 626 72 832 647 567 747 805 152 131 820 862 102 202 113 735 779 181 184 494 713 904 700 572 775 589 61 80 718 683 414 312 55 788 168 461 319 802 484 839 787 656 762 985 241 969 387 832 521 892 668 623 147 651 803 690 361 543 825 47 832 701 844 625 39 635 731 983 719 299 827 347 658 99 640 243 802 518 675 145 589 463 725 370 900 932 404 215 489 874 470 904 739 119 115 741 916 443 913 201 284 874 366 453 176 50 943 746 274 717 758 629 445 899 462 348 447 524 698 467 266 512 484 503 836 563 700 93 562 893 158 268 136 785 73 240 637 221 281 558 369 923 268 192 215 741 264 259 214 55 772 488 233 995 225 570 147 694 765 824 33 975 664 600 127 340 872 843 396
882 516 960 633 547 672 24 915 224 247 105 118 304 445 688 73 51 441 934 818 386 482 830 144 766 977 681 649 12 802 738 895 900 2 445 874 309 43 175 475 542 808 268 905 296 473 495 355 25 269 471 556 510 661 250 533 890 462 815 326 288 627 653 803 931 417 264 196 65 269 719 344 481 1 445 904 838 939 941 607 288 580 371 383 169 977 803 233 77 865 712 426 609 394 738 351 79 460 692 292 798 944 940 762 360 686 592 875 951 861 535 725 200 3 815 342 346 517 182 685 738 220 694 367 906 599 307 964 222 169 799 753 763 981 662 693 159 95 876 403 763 949 349 642 188 274 13 889 579 271 493 957 0 899 846 430 559 143 636 98 48 528 983 685 999 793 611 949 69 429 201 482 62 82 116 938 393 824 121 83 450 741 149 41 896 709 209 665 220 497 678 421 555 902 637 31 700 796 143 533 187 661 909 501 597 494 716 372 819 496 2 634 175 481 603 793 227 881 985 543 156 556 875 680 525 467 728 423 750 208 248 299 413 86 756 161 363 43 13 313 788 89 97 147 77 583 171 243 522 806 372 870 239 604 739 881 683 593 796 674 970 225 856 655 890 160 877 358 429 274 66 119 393 24 163 665 85 788 46 468 694 451 622 338 882 970 25 705 220 972 415 116 476 108 141 84 291 434 566 896 141 29 545 649 585 42 910 834 794 834 238 867 983 727 500 73 572 639 380 333 628 664 365 336 94 772 815 317 150 531 427 964 104 32 400 737 626 561 632 774 166 227 684 653 139 686 239 492 436 320 23 504 171 534 932 46 589 439 734 88 736 911 403 287 250 174 711 573 134 516 735 745 861 566 752 698 800 755 371 637 868 976 444 156 354 910 667 68 494 246 737 592 497 538 429 565 431 471 238 295 49 206 802 980 564 819 667 929 899 470 715 225 767 508 546 293 55 251 740 865 405 625 480 906 323 827 71 600 296 172 243 244 382 910 713 895 725 273 16 816 846 812 211 978 206 143 394 567 64 838 528 413 285 157 393 836 799 180 999 646 806 759 49 266 192 202 118 950 113 676 466 362 542 182 951 560 179 645 423 813 353 888 810 611 652 715 854 821 919 289 384 472 136 895 923 590 240 351 765 524
469 317 889 393 897 103 82 290 20 256 53 495 298 620 288 830 384 180 861 531 367 125 331 939 358 780 282 418 744 801 548 385 719 86 538 901 403 104 583 276 498 864 295 507 723 169 467 236 909 296 41 278 854 123 835 3 913 461 455 519 321 815 514 512 258 2 43 815 858 456 416 850 246 121 336 819 476 408 249 436 690 784 754 386 199 516 189 814 168 253 602 446 605 926 188 909 196 49 349 169 82 42 91 642 330 154 782 867 936 249 637 704 724 368 317 776 170 289 851 595 160 449 448 693 300 59 878 175 703 449 738 803 863 881 20 182 897 137 870 407 911 355 450 526 357 573 977 273 714 363 254 399 621 525 678 742 997 202 130 272 547 675 950 555 544 947 915 516 652 502 860 691 432 46 375 505 236 673 411 125 283 41 873 59 305 417 713 452 835 802 442 680 235 455 102 840 171 333 234 528 909 712 521 491 156 316 580 553 300 422 73 991 202 326 987 448 324 863 424 268 369 223 534 481 352 372 713 39 541 965 943 184 916 319 36 516 579 752 625 559 797 961 472 356 467 723 896 795 238 228 504 410 484 508 179 872 394 632 556 319 214 16 876 777 103 581 754 785 215 733 113 442 17 210 895 777 272 482 186 939 80 191 266 552 16 507 130 55 466 236 13 496 295 82 133 587 835 602 937 558 731 445 551 335 448 820 309 984 350 979 94 240 955 118 145 127 134 12 575 597 423 404 81 278 667 812 371 68 815 78 724 491 965 983 700 215 148 52 763 417 282 31 153 808 393 838 579 651 222 569 882 617 243 926 141 112 335 655 924 272 402 617 682 784 431 329 15 873 83 673 630 505 101 923 608 827 147 866 37 731 766 857 654 598 42 580 490 883 736 113 615 570 267 833 715 255 609 758 134 343 656 92 693 333 405 322 299 217 522 663 556 816 631 42 447 574 847 987 513 732 734 401 389 980 599 994 262 89 713 416 198 704 710 280 221 776 945 852 777 460 647 817 51 536 456 963 555 71 761 388 841 212 101 696 223 533 117 595 5 45 398 564 951 439 626 300 321 779 941 131 960 385 871 279 50 984 211 709 367 474 248 178 974 246 327 309 866 589 40 32 83 380 526 420 168 582 10 587 65 377
736 405 592 854 416 913 753 994 910 462 760 546 83 901 380 170 371 918 597 416 142 498 717 383 756 397 985 940 950 600 775 806 335 333 753 51 559 72 316 199 703 379 696 661 37 934 680 623 34 290 199 623 588 651 590 789 444 541 649 902 712 625 95 471 436 997 343 382 975 571 630 216 180 150 742 82 291 219 964 470 666 531 747 799 13 72 26 881 377 47 742 35 919 160 48 180 810 839 655 731 820 232 276 348 702 331 301 829 245 92 791 40 90 105 192 487 831 829 315 730 325 371 520 438 339 42 199 630 108 886 628 702 103 189 790 134 908 452 631 844 662 577 317 795 86 923 204 45 423 669 909 531 584 941 244 50 853 468 667 56 354 712 728 396 34 576 726 188 272 962 975 451 505 473 264 944 229 847 431 761 893 575 819 308 434 949 905 44 394 840 443 58 370 742 351 547 83 759 805 21 784 43 185 985 305 982 417 355 611 990 141 688 67 69 369 462 795 29 423 580 582 908 486 326 643 519 40 673 412 247 888 475 567 880 987 618 988 801 814 401 96 336 856 258 134 995 368 633 443 323 2 592 758 999 237 818 419 197 722 58 212 673 970 785 936 314 818 200 704 532 747 561 653 555 145 443 875 402 806 600 874 597 79 262 779 926 406 901 788 719 789 837 249 768 820 371 539 433 473 829 157 851 91 989 705 931 497 889 613 616 132 308 248 951 162 907 961 341 302 439 667 743 582 926 590 316 909 97 24 346 651 65 350 37 125 91 277 567 964 475 935 893 833 470 49 476 907 148 487 0 697 407 451 254 401 742 244 505 996 413 541 614 507 598 107 769 930 100 605 206 157 689 285 886 893 678 774 376 257 558 199 602 837 8 566 321 458 528 692 858 813 901 9 973 183 524 278 357 354 44 333 316 972 680 480 669 420 100 246 555 581 856 80 248 648 664 1 686 25 650 323 417 636 44 795 603 238 702 800 951 476 201 646 219 376 334 980 266 163 787 565 93 192 413 915 328 363 34 763 325 419 481 447 871 896 316 823 53 878 326 812 468 522 599 448 778 851 742 131 216 358 122 693 496 371 785 172 356 122 172 876 616 545 60 542 81 589 410 190 336 614 939 422 759 933 848 243 661 133 944
194 657 622 180 459 931 52 216 439 505 376 271 888 886 145 949 90 294 434 737 317 688 200 328 567 372 830 611 499 25 458 73 571 330 316 391 27 710 31 420 618 433 729 926 916 479 351 644 611 64 686 567 617 906 891 876 266 876 601 680 875 25 131 503 256 248 285 974 474 794 482 668 575 864 246 954 728 163 292 302 61 834 178 122 137 318 759 283 253 781 787 767 420 706 608 811 251 365 69 434 245 102 833 610 435 132 773 247 904 816 187 477 604 67 477 603 375 994 103 195 954 607 960 707 612 421 863 960 856 545 314 279 48 728 871 882 471 885 904 351 797 702 318 978 145 565 507 313 341 728 53 239 414 882 657 730 389 900 442 501 992 246 192 929 725 918 667 995 475 669 202 538 426 542 140 999 50 446 710 366 85 172 439 916 420 844 841 673 113 526 776 600 962 134 878 324 559 534 638 82 486 91 199 738 978 525 823 498 572 427 720 397 939 173 137 388 309 729 239 888 907 299 316 875 140 749 413 141 369 168 688 721 325 831 578 672 474 242 860 485 168 995 245 103 760 641 14 567 492 828 891 171 898 877 108 780 797 131 890 452 548 262 432 687 691 588 684 57 52 443 868 570 345 387 654 555 502 27 318 478 777 235 333 755 921 651 348 395 748 612 396 822 313 514 930 161 861 57 390 482 228 686 423 936 295 545 610 502 701 346 400 604 274 76 715 56 777 553 520 494 135 359 680 342 469 533 166 229 50 28 348 126 242 91 694 375 624 870 619 397 106 999 605 656 789 164 103 487 901 584 101 102 886 979 922 656 478 730 923 272 414 617 183 439 504 96 31 184 994 799 687 122 166 186 992 164 916 850 107 338 518 208 378 827 317 145 176 956 375 874 618 874 721 380 600 700 717 970 859 229 978 773 835 666 899 460 264 920 431 349 527 509 345 333 501 72 332 946 80 894 3 501 566 626 382 41 3 269 731 550 353 439 693 327 688 830 175 449 539 845 782 315 857 376 52 668 65 929 370 38 509 574 76 236 713 452 585 987 105 542 750 153 531 181 81 429 205 709 103 620 986 1 108 952 945 452 849 863 537 47 985 845 269 182 927 502 28 320 123 225 18 845 917 362 118 796 25 5 571 384
815 830 973 100 595 936 595 163 453 829 255 457 228 23 457 864 199 988 457 5 402 800 551 868 957 594 459 224 695 739 123 678 727 828 990 170 985 617 236 145 238 956 636 258 251 366 670 793 802 834 897 924 597 175 600 697 911 562 89 900 466 969 457 830 807 844 28 817 956 478 501 461 113 141 280 442 279 811 70 350 107 888 655 465 320 285 222 965 753 975 26 698 680 832 327 699 792 709 37 533 111 112 634 210 46 339 141 360 30 891 121 619 38 969 890 721 978 856 389 636 165 490 523 658 836 490 564 117 519 507 40 46 511 47 297 769 893 459 266 368 826 209 253 775 353 610 93 108 48 419 60 900 545 771 582 325 179 641 281 660 498 207 362 183 798 818 412 866 884 182 218 43 801 734 238 987 770 668 386 665 72 428 47 681 66 151 821 173 396 491 833 39 648 651 890 84 359 844 508 52 655 874 863 901 710 373 882 375 884 383 480 590 537 668 333 137 963 632 910 778 594 91 881 986 793 148 238 995 743 890 162 239 464 455 934 314 17 868 908 52 572 692 443 172 190 589 317 306 275 349 969 105 176 908 427 492 218 276 532 533 674 948 274 0 199 425 279 606 414 37 925 417 19 182 518 628 2 667 141 432 741 482 229 299 614 874 104 137 183 141 825 680 434 340 552 337 561 803 15 940 797 372 396 299 711 684 910 846 389 103 683 752 885 741 319 197 21 515 139 996 91 727 868 674 149 61 33 702 121 209 323 996 24 912 447 335 613 645 48 572 460 958 980 313 974 445 991 630 37 891 744 468 513 725 411 501 921 273 115 401 339 784 389 828 826 934 242 388 639 707 990 137 662 777 620 775 971 160 156 338 117 686 890 751 612 18 418 619 303 363 530 182 801 948 802 269 348 650 777 52 222 254 941 268 101 867 864 101 260 442 177 199 517 737 346 154 817 550 54 647 35 292 611 93 895 211 626 124 155 900 412 197 920 310 47 168 206 477 417 746 437 751 34 296 284 48 342 735 926 650 41 135 51 140 161 541 902 385 196 692 167 377 11 616 176 983 64 538 509 454 72 168 886 930 515 100 492 981 370 646 102 350 763 807 342 31 404 950 434 88 926 692 641 952 179 284 260 898 202 380
250 204 331 260 711 867 145 542 606 734 217 237 346 663 167 491 528 706 994 381 836 338 773 445 649 704 714 639 555 785 71 996 426 895 888 502 310 711 863 598 389 853 658 81 602 651 561 438 149 417 747 262 789 441 884 905 226 740 585 180 890 185 674 625 874 886 813 189 534 124 380 708 584 449 341 735 69 352 333 803 954 163 848 673 449 632 421 604 555 178 630 522 791 766 91 822 211 117 122 891 35 54 520 210 905 200 1 130 607 745 958 631 315 876 588 15 916 111 181 512 481 209 635 715 758 123 121 404 981 968 275 636 96 930 17 140 428 752 7 472 926 701 317 977 826 585 115 821 233 646 636 798 957 477 164 60 704 524 39 707 988 868 606 45 131 913 297 146 901 281 606 216 328 798 605 444 943 636 659 771 214 756 149 632 940 449 428 330 14 576 797 431 568 596 504 346 635 473 142 910 472 862 881 832 174 548 279 131 987 817 284 555 920 452 776 884 36 129 40 287 238 638 321 517 801 146 722 589 844 380 14 569 865 32 102 666 842 476 438 170 546 592 182 650 158 657 44 876 990 264 877 781 669 358 722 704 678 216 486 624 162 115 529 747 187 259 201 136 334 533 284 975 725 19 554 51 367 985 644 683 616 872 212 897 612 227 180 880 936 302 472 337 298 615 634 33 430 763 537 593 310 498 679 136 474 926 407 918 308 153 2 63 288 513 770 440 787 84 401 258 664 339 794 942 449 154 271 711 488 242 542 385 212 539 157 974 487 132 429 307 72 425 76 151 80 336 193 280 857 51 331 100 190 858 48 122 777 128 365 319 140 796 85 313 132 491 12 739 343 659 74 619 682 886 609 977 51 347 234 317 630 375 83 612 252 95 214 779 693 770 552 20 977 731 145 265 657 291 810 864 161 553 470 421 282 686 396 427 809 986 425 677 491 892 899 417 559 50 693 701 456 357 961 753 752 985 639 561 351 925 976 150 499 2 737 742 603 589 425 405 92 881 517 924 918 128 177 997 535 404 327 105 923 405 55 786 393 417 505 363 746 38 366 248 372 245 472 434 316 472 217 999 594 829 132 193 262 577 939 455 385 672 970 148 409 595 673 912 488 388 506 573 43 883 872 174 849 368 869 190
501 894 902 888 667 199 580 242 223 469 681 560 948 712 576 708 676 403 958 49 20 92 718 966 523 16 593 499 443 867 259 661 323 369 66 341 225 510 882 540 278 667 368 953 617 920 753 610 918 991 914 431 556 742 823 306 136 584 282 490 967 310 274 741 870 723 335 276 487 854 444 246 600 74 718 667 597 434 759 171 47 174 134 486 480 914 708 507 420 682 884 940 185 390 50 408 30 885 548 726 641 618 483 460 397 455 391 843 573 996 60 183 862 686 13 53 106 751 155 852 988 346 672 678 593 591 936 856 409 730 222 289 371 732 244 250 34 585 631 786 814 549 370 858 364 492 910 837 536 173 528 713 155 211 16 76 991 619 707 460 849 264 118 637 384 338 187 769 57 843 317 327 593 642 547 660 726 587 229 703 888 259 229 16 360 967 83 150 195 952 945 362 525 828 513 26 727 385 578 485 515 754 631 448 728 775 536 818 355 929 16 372 429 878 969 926 512 605 652 270 119 997 500 879 423 348 809 252 439 730 554 62 954 335 674 372 932 899 501 248 754 192 829 820 256 414 752 84 19 832 405 767 18 644 353 391 601 959 811 204 503 398 398 24 73 180 515 18 59 377 922 763 441 759 667 862 144 567 794 285 33 482 18 703 763 107 311 432 346 647 710 790 976 484 256 616 843 870 87 417 792 980 692 754 394 667 875 152 906 494 359 174 345 579 456 786 677 949 853 438 322 566 189 700 254 997 152 953 360 411 422 798 624 968 316 244 136 300 472 446 713 647 395 565 126 935 964 95 905 739 100 181 190 773 887 664 496 356 705 221 473 884 827 807 441 245 724 749 582 506 205 438 594 971 39 965 443 175 349 982 104 848 231 274 674 282 168 629 858 101 415 173 779 224 598 661 231 694 789 295 593 191 774 580 791 809 164 978 785 107 874 121 139 403 554 42 28 823 296 291 9 170 613 86 921 258 710 206 746 474 298 119 621 490 645 445 959 907 442 474 221 887 900 197 370 502 203 25 599 487 86 747 588 537 573 46 91 2 162 715 444 43 957 514 555 894 299 183 674 156 835 277 840 555 135 101 456 280 506 142 731 399 926 644 313 373 333 588 271 618 677 474 996 709 814 396 489 714 970 798
243 861 906 268 978 360 909 324 495 984 180 495 557 120 389 729 424 975 341 403 30 680 464 477 422 984 477 327 314 824 825 842 422 27 43 295 145 314 71 856 591 795 303 368 682 287 409 819 964 241 567 118 189 240 350 386 867 408 659 913 372 935 38 515 749 472 59 163 427 413 744 412 467 408 424 666 640 812 412 576 252 597 858 772 487 183 893 869 651 879 803 735 670 305 354 52 668 352 482 968 408 763 182 432 629 300 371 611 215 461 810 903 687 485 974 799 945 498 577 562 648 614 388 624 829 252 869 313 666 887 509 8 509 554 897 704 609 426 330 902 721 283 267 139 200 560 173 334 146 711 492 166 696 763 531 780 428 657 198 63 630 914 468 438 609 186 323 382 972 728 104 172 8 902 948 438 611 614 273 894 488 465 955 943 591 374 470 490 557 449 480 299 960 811 361 260 248 319 473 490 169 962 119 748 214 660 744 999 872 198 854 756 408 544 619 486 730 424 113 112 86 708 228 304 613 962 125 502 764 210 375 403 642 398 250 922 905 119 92 439 364 494 556 310 13 929 333 328 963 982 725 134 170 429 19 399 78 686 483 568 233 159 887 952 939 507 563 90 997 102 187 827 64 20 21 640 836 680 86 733 293 60 455 253 666 777 23 153 130 401 749 353 987 822 599 959 377 883 136 753 551 889 434 793 118 534 942 273 700 706 900 610 37 492 277 546 852 652 572 505 343 421 795 565 724 532 389 404 863 571 125 861 73 887 945 145 548 77 450 829 286 378 587 802 102 392 332 28 391 919 507 492 59 120 845 674 659 868 375 510 699 825 813 52 254 567 318 118 550 467 414 944 469 209 385 598 148 138 184 827 210 753 284 623 864 232 867 4 299 144 360 460 827 536 825 290 357 809 115 955 7 712 871 610 580 24 238 803 266 60 467 800 575 111 550 761 301 185 381 582 132 681 102 929 910 864 764 387 510 761 989 816 778 376 837 298 746 653 344 14 245 825 374 591 729 652 564 814 848 851 368 328 808 940 191 239 687 995 849 742 804 719 255 24 813 592 695 476 354 479 655 505 854 718 126 332 757 908 922 647 956 132 570 144 422 199 960 257 770 421 738 374 687 13 512 265 600 639 50 751
720 737 886 800 939 504 140 210 618 91 583 374 5 306 90 930 207 12 386 486 662 500 182 533 59 872 170 722 646 942 541 788 30 109 986 737 801 352 244 202 973 173 260 352 407 495 854 164 969 32 771 717 635 4 423 218 417 849 791 862 417 275 578 988 565 567 686 197 177 797 221 488 591 180 645 352 409 512 170 426 236 903 935 33 511 41 134 294 752 518 556 573 390 368 506 453 638 418 323 995 329 35 321 865 421 536 683 590 659 442 910 29 248 425 907 869 859 187 124 315 541 428 499 191 580 548 909 740 240 956 802 730 984 519 154 529 36 116 633 899 818 837 117 740 376 882 35 38 744 109 887 172 577 372 67 721 153 921 394 338 404 959 530 947 930 616 718 820 131 947 392 121 866 128 28 95 314 874 857 769 754 153 178 869 570 527 415 970 169 444 291 542 86 18 617 490 733 916 427 740 384 174 449 33 3 608 46 547 578 404 971 444 529 964 361 744 580 500 166 727 79 843 282 412 915 254 162 132 951 345 608 122 992 991 427 668 432 687 447 879 456 947 254 382 969 595 337 989 587 685 868 756 768 103 374 580 223 378 759 214 800 688 181 51 532 838 546 237 354 234 850 38 12 521 879 94 797 374 611 317 49 321 922 112 728 397 232 179 991 790 554 969 18 915 221 125 211 288 704 875 985 751 275 870 444 95 145 852 360 363 975 573 517 586 765 958 964 291 359 596 391 353 653 229 230 528 563 667 399 609 884 792 670 902 786 654 957 69 877 709 970 324 783 819 875 411 925 794 967 303 337 432 293 971 770 144 875 988 801 995 219 515 260 78 36 824 343 158 833 180 791 120 193 845 126 138 64 50 410 830 424 85 352 118 784 172 944 317 393 692 393 652 773 375 248 771 607 378 715 129 67 358 350 595 64 438 447 467 884 517 21 162 160 422 581 622 323 987 522 698 704 953 143 958 918 532 614 290 673 274 961 49 387 4 916 835 371 691 648 430 321 277 410 735 528 550 896 519 901 320 435 141 840 416 679 325 275 389 281 940 190 414 245 148 543 562 574 77 330 384 254 435 86 261 46 161 932 309 853 933 402 854 308 999 514 171 972 961 317 182 711 343 731 313 40 739 922 79 663 24
806 122 99 336 527 402 791 233 561 592 413 551 733 227 372 461 229 513 432 731 857 798 531 139 972 771 295 963 419 834 627 344 958 672 740 331 769 447 769 88 647 731 421 675 681 653 328 554 135 372 250 114 531 80 293 23 152 581 965 902 729 304 254 790 319 802 626 436 931 526 551 185 407 370 338 568 503 338 218 287 829 910 520 559 121 218 384 945 625 719 940 446 619 592 912 742 88 412 585 622 9 801 637 428 741 962 11 490 27 44 624 717 208 889 368 412 698 602 533 847 332 902 257 313 72 154 61 287 142 832 604 360 734 802 273 409 141 945 367 522 824 924 495 837 278 386 370 826 37 55 612 967 479 653 390 983 451 390 135 974 415 639 353 656 31 171 821 27 213 698 696 419 345 544 446 6 973 813 277 479 467 476 313 758 631 728 332 480 257 103 406 234 222 311 412 311 630 871 165 532 789 313 56 491 605 318 343 349 129 358 248 667 609 283 987 886 129 115 705 527 854 805 740 87 348 761 242 6 302 334 494 32 167 997 184 892 993 499 344 727 587 657 771 517 709 12 353 830 404 520 638 127 927 625 169 3 745 178 417 216 408 520 841 671 484 909 735 202 118 933 297 699 301 156 691 26 398 309 65 760 614 971 283 229 613 288 554 109 521 718 73 8 636 982 434 580 720 963 997 52 71 725 49 245 202 505 80 358 945 176 892 345 992 764 503 579 783 938 619 397 720 893 531 910 383 158 93 727 276 379 826 619 994 625 610 187 654 658 669 135 98 657 635 992 820 504 687 850 684 870 746 33 742 743 494 391 251 628 370 246 572 776 543 472 270 210 900 193 321 200 447 806 191 783 568 4 931 694 22 903 738 187 626 89 854 217 246 28 756 33 384 380 233 302 816 260 585 413 516 742 63 989 111 321 443 245 915 713 382 647 31 134 739 454 112 217 261 0 915 552 845 233 119 287 710 343 103 500 142 146 473 595 439 454 18 855 394 225 307 592 626 955 800 737 189 261 81 292 469 299 495 494 957 514 298 690 918 415 792 950 14 97 410 560 260 576 488 104 780 452 543 429 867 348 329 340 100 301 661 978 235 568 127 19 803 533 373 371 416 544 631 624 899 243 63 865 927 195 954 459
764 711 635 71 392 396 436 422 451 918 407 536 837 955 720 775 514 28 558 815 954 536 443 29 990 147 265 452 700 360 875 972 145 801 360 329 872 957 784 275 126 514 937 637 506 37 777 689 779 122 675 355 114 738 15 53 330 175 984 286 156 873 608 505 591 836 571 334 359 800 56 391 866 778 325 991 563 645 727 483 759 755 911 749 685 557 80 526 978 19 340 395 707 327 771 174 231 215 86 862 478 752 82 83 394 31 771 283 343 548 944 376 388 147 419 917 156 754 366 733 427 930 286 717 426 194 440 618 26 436 649 56 595 388 627 584 177 813 5 988 447 769 204 723 505 478 804 119 812 750 746 139 688 943 530 384 238 13 4 138 190 290 668 16 180 888 661 81 472 192 889 661 741 751 109 674 476 437 530 781 361 465 148 168 19 755 406 899 5 624 198 446 894 707 760 855 74 236 259 947 231 696 614 267 847 58 126 539 911 841 913 261 493 515 158 747 714 940 235 142 529 498 320 131 533 882 875 580 953 88 227 199 319 661 290 863 967 792 491 874 740 908 320 683 752 691 974 480 20 893 724 837 662 501 28 237 266 598 222 992 81 162 202 309 338 410 81 822 73 840 995 570 786 659 386 941 899 114 462 774 263 927 198 653 272 976 361 722 849 799 648 381 898 552 700 962 397 922 599 585 992 723 301 141 930 524 188 676 782 483 807 712 1 619 48 891 624 207 340 207 356 707 454 653 370 400 19 976 988 713 660 547 346 886 716 892 107 511 708 87 890 671 203 489 668 705 260 221 174 516 577 823 940 211 947 555 877 570 490 273 340 66 119 712 717 64 257 858 791 404 50 305 394 27 406 436 75 636 107 475 418 708 927 917 442 873 189 698 654 128 576 566 364 889 49 660 19 319 312 284 233 334 72 54 419 610 135 230 632 208 181 197 871 973 465 690 631 896 484 557 633 627 466 422 531 967 3 234 752 554 698 586 504 222 936 108 749 178 484 304 299 426 86 684 706 280 919 1 636 655 701 880 236 640 936 901 53 18 672 694 51 740 81 552 392 520 367 503 131 896 760 291 579 115 918 693 256 367 323 818 41 496 803 62 864 326 227 93 779 711 489 615 13 916 727 788 729 39 470 172
64 759 503 283 405 45 35 295 707 537 799 622 996 306 467 275 779 836 277 383 955 590 942 709 514 800 822 773 244 582 599 568 298 470 474 724 733 549 423 744 94 980 54 299 745 530 920 51 414 446 925 968 70 872 284 133 855 764 37 266 419 882 866 122 81 198 467 258 117 155 655 743 416 494 797 663 862 966 415 456 284 776 877 145 204 290 599 293 708 595 26 133 209 429 903 841 170 365 842 236 227 356 552 956 679 771 976 425 392 440 96 826 545 497 950 129 699 490 24 430 683 482 192 147 629 895 591 665 757 660 253 262 312 172 498 897 180 153 995 541 25 219 313 726 575 953 837 642 202 850 801 900 867 304 500 362 883 608 263 49 276 783 800 300 878 612 43 996 760 351 324 409 82 473 283 471 169 369 5 780 839 458 674 374 608 377 282 389 274 925 194 321 43 560 580 367 264 782 741 635 143 256 532 776 93 579 874 753 64 548 306 663 443 95 740 799 525 404 603 621 338 757 949 32 399 374 805 51 756 405 637 628 320 505 641 276 673 76 661 163 184 381 771 802 156 830 948 872 153 148 64 799 693 559 103 211 136 62 647 496 892 162 275 428 590 708 884 402 724 516 449 826 309 21 118 35 152 621 326 571 998 776 521 560 461 834 449 768 106 225 871 300 424 860 26 519 114 388 672 402 409 801 230 782 364 680 430 563 99 525 946 680 822 869 225 831 554 63 671 708 423 397 399 464 381 714 706 209 383 222 60 352 273 860 493 687 226 529 418 760 461 554 186 484 611 726 237 774 397 998 933 543 317 707 662 345 210 963 213 767 851 374 540 390 788 361 569 667 895 287 936 417 954 974 965 851 466 336 363 9 609 882 858 307 844 629 168 970 501 480 243 474 69 294 756 608 238 582 757 429 272 341 587 720 132 625 108 924 477 596 94 886 144 249 590 255 927 544 883 502 215 835 775 101 752 384 2 292 297 346 820 214 283 539 580 904 983 926 858 262 139 91 40 240 314 255 408 794 328 742 355 98 216 620 778 198 217 402 944 6 21 415 562 898 133 718 29 980 878 888 178 709 94 718 288 918 747 166 952 414 11 559 372 547 365 399 33 436 168 532 924 693 807 596 530 242 388 956 603 161
938 583 7 298 144 239 414 73 477 673 527 674 914 896 654 854 741 909 286 983 24 339 216 726 432 587 652 144 983 114 906 984 139 491 708 274 530 298 968 38 45 382 429 911 104 245 240 412 711 646 965 935 789 273 262 347 500 435 893 161 602 987 8 744 146 89 206 206 9 560 521 748 22 473 489 42 759 732 860 352 493 957 454 967 354 23 878 514 149 880 192 686 372 616 156 354 176 726 460 503 17 362 931 829 700 184 214 819 395 183 695 180 916 890 162 929 771 283 622 559 64 603 332 281 964 112 669 290 319 760 130 535 986 806 506 993 918 531 207 832 10 749 862 125 251 311 566 874 688 355 575 468 381 822 774 340 385 466 453 169 328 121 20 427 722 598 983 456 230 945 75 992 785 503 226 860 791 73 547 384 633 362 323 962 749 315 901 711 222 820 304 692 716 174 440 748 752 978 362 389 890 717 128 576 857 874 711 794 527 27 521 261 304 833 915 42 347 956 37 219 417 230 346 821 834 850 104 200 826 553 816 182 995 76 141 824 8 65 233 898 353 55 395 123 0 660 146 140 995 810 406 293 671 460 891 721 461 24 587 443 139 735 120 827 362 545 759 888 367 702 683 699 176 994 694 241 132 36 828 257 29 346 2 336 863 303 907 585 582 922 754 583 34 820 590 687 859 664 214 847 394 818 604 154 208 478 679 114 776 804 671 893 439 229 486 525 727 295 975 241 152 902 257 426 51 954 172 682 223 282 311 189 608 798 142 196 886 634 945 704 936 248 807 511 324 840 220 541 164 769 989 149 242 263 109 813 478 772 506 889 224 233 47 860 224 798 343 119 249 155 3 80 669 209 238 616 79 172 417 360 762 243 643 163 306 258 854 357 106 189 100 246 280 191 341 54 862 215 405 791 943 933 138 441 318 532 662 683 834 207 209 86 649 243 130 507 1 912 18 707 487 880 802 631 465 699 672 462 559 941 624 735 915 670 647 986 949 969 43 793 431 658 341 311 750 117 286 276 22 562 557 561 588 785 144 439 212 521 380 132 354 637 292 503 363 291 910 392 493 724 678 331 453 537 519 388 566 535 860 767 124 170 501 323 894 101 355 447 467 620 133 518 902 986 639 536 507 948 762 182
522 148 80 738 410 983 541 261 776 206 121 316 36 252 663 517 70 517 772 875 718 239 381 531 551 637 735 430 440 518 596 301 334 912 143 143 550 186 267 19 289 211 22 941 2 509 795 474 297 811 440 879 640 776 86 452 993 722 992 654 830 990 394 487 429 893 366 377 82 873 459 34 848 822 155 167 658 462 5 372 212 990 268 123 433 998 748 238 4 165 802 254 297 659 497 226 204 694 6 777 693 362 4 842 865 254 596 199 394 101 27 194 421 280 402 91 141 913 273 648 942 179 103 878 57 20 380 213 312 587 4 503 480 170 238 602 175 333 812 981 300 515 396 845 957 496 256 900 427 565 685 920 998 914 378 541 875 921 493 813 216 314 931 11 234 570 213 755 462 299 561 692 695 869 571 468 8 839 94 984 4 419 461 203 177 320 926 825 151 993 215 819 330 128 813 612 295 412 466 363 762 11 152 391 793 991 959 508 859 45 846 722 426 121 125 725 860 386 789 44 127 499 146 454 847 352 359 660 590 867 696 747 121 110 700 179 451 1 437 379 327 421 762 269 104 429 735 444 706 932 5 600 933 855 605 162 781 397 349 264 139 34 604 190 215 944 639 566 698 443 335 643 182 610 527 211 458 28 362 227 396 571 423 30 108 245 749 101 109 267 589 722 350 63 855 414 894 427 309 285 699 448 924 862 262 522 425 96 707 921 519 100 377 838 25 500 163 967 19 566 271 250 964 317 277 873 600 688 268 771 659 65 418 863 425 791 354 809 157 219 661 717 671 108 629 601 479 262 15 389 339 220 915 594 806 666 337 805 990 10 955 48 96 775 271 592 570 593 767 342 609 39 793 658 743 313 337 841 462 565 398 410 833 776 854 677 856 442 300 151 312 704 245 40 17 57 159 233 132 865 61 501 905 64 407 418 581 641 893 424 885 553 710 472 233 90 726 6 299 101 868 429 902 933 909 931 872 717 222 582 873 863 33 357 255 480 998 239 58 271 999 658 951 342 971 95 252 906 34 299 547 789 51 450 810 565 611 437 818 638 79 220 427 406 400 896 15 54 366 978 543 954 684 420 870 552 496 820 34 334 199 718 925 403 688 323 98 323 6 680 794 380 654 291 797 127 258 539 257 78
403 290 903 42 260 814 662 660 271 681 575 481 32 919 664 553 374 520 731 19 443 231 312 436 619 991 255 669 883 902 563 498 44 650 876 682 582 355 853 723 597 815 913 831 198 951 786 799 204 939 688 340 134 805 691 932 323 337 680 302 280 942 421 492 142 904 560 406 802 215 827 395 508 127 14 956 300 597 155 726 919 895 968 709 411 512 942 854 159 979 549 302 166 388 563 356 50 350 633 818 210 99 310 33 442 337 589 216 770 184 908 68 169 967 703 876 379 306 191 559 963 123 46 441 702 17 137 487 487 116 812 109 172 978 829 276 203 244 633 330 605 837 485 598 187 410 581 101 691 568 75 140 619 645 963 963 81 280 253 687 377 958 328 291 820 395 793 509 492 107 194 887 867 735 814 487 626 113 109 802 445 708 467 499 577 149 807 778 510 452 564 585 604 776 262 328 572 84 725 162 548 9 922 565 576 725 217 730 994 125 581 115 736 561 283 894 893 925 588 813 48 120 214 284 268 423 534 511 387 32 140 891 831 554 395 188 460 778 913 147 399 9 919 329 272 525 928 660 718 231 657 440 880 355 799 882 201 996 758 698 214 694 842 602 626 77 704 461 641 412 468 537 91 757 991 854 550 421 683 854 741 315 6 982 921 244 900 982 618 519 493 383 144 319 799 86 484 841 745 611 534 695 527 271 658 926 183 918 102 976 358 326 97 908 380 204 180 99 294 138 313 126 381 521 916 968 875 489 164 463 960 3 429 336 31 127 57 430 452 775 721 333 271 286 351 51 911 205 466 312 318 168 576 432 444 515 589 186 181 500 892 672 649 556 276 770 493 100 267 670 114 927 789 662 844 976 914 236 666 528 30 634 975 917 72 614 302 695 233 541 193 556 900 406 253 582 779 94 547 668 632 294 852 110 926 311 856 92 402 266 578 704 548 577 932 955 226 643 320 265 367 127 598 257 248 75 546 583 789 71 293 920 653 269 810 448 503 232 644 713 165 579 298 814 557 151 606 212 66 903 255 721 764 920 175 270 237 836 345 226 21 31 38 925 928 609 958 921 16 829 547 606 130 422 297 948 179 131 560 559 337 561 820 367 429 4 840 466 584 17 217 136 239 854 833 227 228 680 108 16
775 813 872 939 534 325 388 74 609 690 442 942 356 114 442 340 693 837 987 160 617 537 571 572 314 197 785 392 320 575 861 49 357 714 940 163 797 950 859 108 538 943 265 957 971 395 666 395 599 964 991 439 59 498 202 144 506 248 750 901 866 622 123 689 212 384 330 884 728 347 170 872 629 763 252 880 22 398 233 805 83 901 809 566 576 943 871 739 457 156 766 356 191 589 839 94 639 389 606 270 478 942 392 128 189 68 688 608 178 146 576 281 116 171 285 350 739 509 855 790 600 149 617 244 188 107 806 302 227 28 794 431 460 41 87 7 234 875 641 495 403 483 465 104 907 841 546 376 964 964 561 54 125 549 289 654 539 130 424 867 594 563 409 399 900 69 418 907 698 106 422 699 139 289 445 278 799 891 269 699 673 62 231 318 857 525 931 386 47 51 670 72 394 153 735 924 788 171 85 891 821 491 901 163 267 281 122 785 818 347 751 928 482 205 112 912 400 613 182 742 407 822 947 366 953 606 192 996 654 118 722 930 934 676 202 296 110 103 520 113 599 507 928 215 84 24 188 149 827 156 545 863 908 217 58 319 827 235 100 580 990 698 171 148 762 396 405 198 123 749 212 713 434 225 347 110 146 705 921 411 534 656 606 160 382 614 260 711 430 477 489 627 907 23 908 467 582 451 33 758 445 689 925 515 848 480 599 962 391 73 774 575 808 888 615 634 771 931 47 635 115 616 216 829 475 733 718 438 613 860 632 988 94 931 688 892 500 22 138 34 826 405 767 474 652 90 551 74 71 608 321 357 351 553 968 868 756 339 579 240 808 118 353 565 646 774 112 624 316 389 503 160 488 139 803 812 531 59 823 571 228 910 181 476 753 36 0 44 403 611 458 910 774 940 472 404 228 329 385 823 490 496 275 893 759 626 365 88 115 76 266 888 462 701 590 714 110 715 650 401 358 934 791 106 717 277 36 785 337 41 159 173 453 515 798 835 712 992 241 816 251 751 188 759 583 602 265 861 138 325 812 805 481 319 402 441 390 550 132 154 646 710 682 729 4 304 583 855 184 634 322 901 570 450 650 932 887 607 630 254 230 529 39 103 260 649 310 164 202 896 771 438 290 298 734 248 148 659 943 155
988 143 24 21 41 743 167 873 387 280 187 886 974 325 723 459 262 905 711 119 978 772 98 367 904 683 716 749 818 301 969 931 254 99 455 543 277 857 350 528 826 131 880 358 687 78 349 440 212 312 586 221 527 650 327 46 782 741 429 51 212 50 452 218 555 426 646 780 58 623 585 234 270 492 752 235 760 647 633 314 966 734 913 856 339 20 638 874 626 89 700 37 664 758 864 601 791 39 282 914 885 820 739 72 985 775 415 237 763 464 804 936 328 634 272 158 577 551 344 323 131 769 630 619 271 338 287 243 484 281 233 691 68 993 290 992 628 201 471 461 509 636 928 464 756 774 848 413 960 400 892 348 366 603 39 325 965 252 235 281 284 101 569 110 580 161 149 360 405 546 422 302 537 884 75 710 999 949 706 305 903 944 881 736 566 694 904 465 944 817 440 677 679 54 11 2 846 283 745 596 77 991 420 749 439 695 352 272 212 525 630 407 21 746 105 446 430 6 930 894 990 805 615 897 477 913 572 526 140 868 250 449 786 428 438 970 703 700 880 737 295 498 120 536 566 710 501 628 155 483 441 510 579 867 873 795 651 447 780 896 528 330 372 493 138 843 46 986 590 351 303 137 93 730 346 872 808 967 242 534 375 597 963 977 594 314 286 881 0 770 91 326 371 770 848 262 324 954 659 844 436 194 231 862 832 165 431 7 718 284 999 675 137 620 321 635 820 24 790 974 512 268 679 539 237 293 414 121 561 863 68 59 308 251 51 960 719 40 517 505 396 812 839 507 213 61 638 331 519 345 210 13 113 144 194 250 345 630 887 970 359 866 176 99 646 908 623 782 459 779 310 355 819 436 886 173 957 931 358 744 109 547 84 503 885 973 525 661 209 522 693 692 418 613 558 253 963 166 74 459 450 653 831 998 217 798 138 627 477 187 263 723 477 357 50 454 361 552 399 269 61 889 554 852 736 696 22 188 490 955 830 539 640 792 590 836 585 321 449 690 731 644 288 930 427 266 189 622 959 315 42 765 825 702 763 940 893 101 690 761 850 483 95 916 25 484 700 244 679 304 134 857 844 549 397 643 798 612 142 527 684 923 941 699 908 141 865 249 822 837 719 5 710 784 785 217 886 61 512 29
849 0 969 834 129 649 515 391 156 643 981 937 686 990 71 553 405 528 438 743 939 104 830 540 661 137 16 690 657 159 371 968 546 26 8 437 818 734 629 730 283 265 432 145 164 972 674 366 556 866 547 791 373 297 29 108 429 191 283 897 107 849 378 436 974 249 957 93 889 365 286 903 688 435 312 251 709 506 65 727 795 844 28 810 665 876 833 479 868 953 796 341 162 113 495 200 10 713 716 652 52 87 94 421 690 484 188 378 368 821 315 619 34 138 233 13 914 483 141 330 724 431 35 848 321 382 968 624 497 386 209 255 217 873 634 709 440 195 807 801 658 964 740 117 60 16 713 835 484 981 820 945 353 711 843 219 416 388 593 172 549 655 711 478 37 920 684 701 770 557 898 325 227 915 223 734 832 202 203 275 163 38 739 992 380 562 541 302 937 71 152 422 138 817 920 783 399 370 589 658 753 227 417 994 71 678 814 399 534 458 78 41 79 29 957 315 392 356 356 310 956 124 817 966 838 462 314 798 280 326 98 798 448 43 91 323 542 901 667 781 197 172 684 38 689 222 195 73 991 366 858 411 129 397 660 113 2 711 955 169 346 24 246 878 67 801 31 657 949 20 791 9 623 611 359 824 463 672 661 93 955 48 782 358 742 840 795 723 560 760 540 402 61 96 470 666 993 730 58 865 481 787 309 5 655 228 322 677 932 441 874 757 734 158 558 256 511 699 117 536 999 547 575 963 242 380 663 722 928 974 665 837 291 912 478 541 925 583 79 219 884 272 680 415 959 941 345 749 350 409 398 680 358 272 375 388 339 180 167 286 48 89 593 356 243 4 275 340 456 90 523 576 553 957 180 236 170 68 407 209 514 707 760 68 677 424 887 304 83 987 220 53 724 368 790 947 354 595 54 170 711 186 389 628 80 449 557 974 873 25 769 891 539 211 432 443 481 18 62 336 137 585 962 869 437 616 159 412 379 715 883 502 479 550 659 161 93 164 249 745 11 912 282 426 615 851 212 215 745 339 813 47 995 588 566 829 340 530 198 891 316 808 141 966 185 120 982 541 380 178 427 660 564 70 644 886 572 74 61 785 594 997 180 165 685 332 610 354 295 338 636 118 223 190 894 309 915 205 618 812
112 471 723 552 702 213 592 813 892 619 930 163 816 107 124 957 229 692 524 985 351 806 214 888 504 822 521 717 100 917 214 300 791 39 585 970 913 206 983 434 740 186 656 396 411 684 10 356 829 119 367 356 74 812 481 842 581 655 159 374 188 284 510 905 334 222 456 511 826 195 334 316 90 494 82 542 959 340 894 881 819 98 497 742 411 866 838 488 823 304 8 769 64 446 286 195 975 392 270 516 631 16 350 766 265 145 443 774 98 415 306 567 770 470 363 489 845 116 136 994 825 969 606 233 856 24 625 952 555 99 830 334 915 292 736 539 426 498 619 854 348 340 103 631 643 743 236 347 1 201 293 716 304 904 834 819 710 210 650 674 13 86 400 599 699 780 95 380 217 531 276 194 221 860 692 183 946 315 702 735 970 481 521 101 242 938 504 347 172 806 421 814 997 217 229 519 170 483 504 20 730 293 614 313 576 469 101 711 353 756 466 825 881 543 848 628 309 408 400 178 478 421 974 539 690 466 318 364 602 511 583 172 455 990 181 144 687 552 91 452 826 566 523 291 563 227 119 68 722 421 465 247 406 761 166 599 946 103 633 645 928 507 925 956 88 737 419 111 60 951 981 434 878 910 708 10 747 547 650 349 301 763 216 816 965 612 195 760 20 354 464 243 586 200 383 900 265 369 802 734 941 642 812 10 605 730 888 826 780 778 162 673 43 594 628 268 372 236 53 422 177 596 635 536 688 319 452 224 31 828 6 532 679 232 450 29 639 773 762 381 642 358 94 929 801 786 438 31 879 31 942 622 639 368 692 763 491 590 480 1 485 119 582 347 410 669 378 331 14 133 461 792 311 521 61 311 925 250 289 327 382 386 18 567 431 47 154 835 243 397 965 127 800 46 68 644 686 208 768 740 777 806 854 706 357 864 932 98 918 722 280 457 633 311 950 167 732 90 407 157 173 497 455 505 946 458 530 793 663 825 826 243 621 415 637 422 401 146 525 852 199 469 913 749 675 814 6 717 351 306 969 243 5 713 817 250 209 506 270 591 568 284 790 588 786 292 641 23 533 772 634 46 590 409 154 244 373 741 200 330 618 74 732 893 690 202 672 615 490 543 676 594 274 248 867 39 307 418 13 979
143 731 579 546 525 840 916 786 908 447 601 767 792 285 741 871 881 636 868 442 573 8 109 911 888 766 3 212 48 3 218 280 295 153 558 570 497 261 687 12 299 259 534 230 784 17 118 642 223 122 487 100 804 688 64 844 360 377 770 128 974 867 247 236 5 60 165 353 203 426 582 536 642 473 251 940 46 255 726 798 101 940 815 395 285 300 28 642 613 162 318 0 856 926 831 516 47 606 907 862 633 230 968 867 189 745 447 417 287 953 542 278 538 527 160 300 254 484 911 172 955 23 25 596 563 63 400 597 718 624 487 503 997 758 548 235 205 831 581 935 423 584 279 550 523 698 230 385 810 175 61 649 824 203 156 491 646 22 872 54 495 165 327 358 879 176 4 119 217 538 148 883 721 945 816 38 149 529 30 430 335 974 229 340 409 919 883 85 428 758 318 152 875 847 187 315 640 525 183 454 778 241 462 939 613 538 52 504 956 747 999 337 710 294 120 946 948 420 384 306 817 659 816 179 304 526 792 256 429 528 280 618 175 978 216 283 576 762 749 618 722 162 722 761 910 209 577 793 241 512 605 224 436 250 950 63 542 238 899 84 667 880 112 755 349 370 18 669 442 57 972 337 348 457 189 759 189 747 550 160 739 19 590 692 164 109 575 170 313 823 488 157 575 303 568 647 413 249 797 301 407 988 4 35 505 771 36 925 327 795 767 119 359 549 987 305 973 851 41 195 880 964 771 134 235 645 793 822 932 705 458 226 275 679 717 525 375 667 465 624 158 168 797 764 60 633 462 829 922 613 119 202 938 212 169 221 58 109 285 458 280 171 613 89 488 184 786 706 561 741 833 947 159 444 622 475 436 475 638 351 845 318 543 728 122 881 680 336 124 107 944 923 285 451 987 161 103 685 18 409 807 941 672 886 921 824 49 795 205 474 679 450 69 632 92 23 530 378 640 989 745 90 541 735 395 927 655 470 748 403 713 647 285 437 929 671 305 778 625 334 447 650 323 296 562 875 962 564 602 240 168 18 801 936 778 345 172 360 374 609 858 92 794 678 747 729 93 321 675 697 276 710 8 693 642 328 592 618 863 694 970 457 290 202 109 520 371 178 158 867 77 55 561 467 789 341 757 422 678 923
11 243 685 637 271 269 91 413 550 210 667 72 263 383 477 520 994 231 593 578 658 555 357 43 664 660 872 897 795 266 473 124 969 400 956 871 882 668 906 240 697 648 545 660 561 595 830 76 210 508 802 345 717 45 336 485 153 528 838 449 489 359 714 506 704 608 229 784 597 287 281 702 114 906 431 367 252 539 997 174 395 365 985 782 405 975 953 257 467 43 406 460 627 840 812 223 125 455 180 724 171 817 216 837 195 430 770 113 573 942 681 60 949 810 360 611 938 857 913 890 530 476 595 683 612 809 841 732 486 629 917 370 216 990 972 99 616 857 629 304 17 897 325 455 137 919 27 597 134 419 683 52 90 5 784 513 352 730 5 528 121 577 642 67 886 608 348 822 512 942 124 861 444 831 701 500 903 162 414 584 50 336 386 103 838 226 124 398 30 310 173 672 253 794 937 923 821 131 753 663 602 398 846 211 659 113 38 201 577 474 832 417 879 3 857 981 352 593 8 19 194 727 327 394 132 544 920 554 568 275 926 725 395 124 417 626 848 82 381 430 383 547 688 989 813 970 414 439 559 92 213 893 450 689 4 1 406 373 841 15 260 355 989 829 35 847 427 667 314 306 219 734 227 301 823 581 121 126 769 57 947 552 851 85 444 870 642 976 45 55 829 190 479 572 968 659 950 893 615 481 655 737 212 567 287 32 73 549 755 878 738 111 888 748 6 708 878 389 183 773 695 417 114 30 305 676 748 675 694 611 852 116 546 752 397 22 449 271 674 661 384 707 832 745 60 900 403 904 470 666 701 770 826 109 429 114 403 368 861 649 353 200 961 264 907 97 535 554 33 892 708 310 185 482 808 464 179 998 589 979 369 386 680 882 449 841 941 286 94 372 321 887 810 777 355 739 767 856 153 931 733 481 437 28 279 660 331 533 215 578 303 399 54 489 743 331 237 1 459 367 374 284 555 321 668 454 40 776 546 340 603 419 478 926 118 536 319 979 333 175 68 690 440 661 640 195 560 643 495 739 231 150 852 171 89 577 663 960 845 4 860 668 566 19 59 892 849 818 446 84 171 459 212 683 278 284 124 306 197 975 509 694 51 675 532 81 845 919 544 592 618 189 326 441 148 943 360 183 416 752
542 219 246 48 922 733 61 833 837 278 518 177 142 902 276 715 853 548 363 960 55 161 11 810 532 272 582 745 597 895 722 89 794 330 39 325 426 394 397 329 601 785 792 260 91 935 285 32 301 138 99 681 466 784 314 314 891 917 967 134 272 744 105 14 742 65 238 47 566 620 945 999 183 374 57 951 631 433 294 10 348 632 356 488 384 462 107 943 817 826 83 609 77 508 491 551 327 341 655 528 270 707 733 724 802 509 401 597 39 339 627 735 557 674 513 296 727 372 100 917 7 635 815 552 66 601 615 231 28 263 287 46 4 249 525 629 662 742 781 423 622 385 440 726 27 140 138 460 439 956 9 929 32 147 755 405 594 95 17 738 712 984 701 739 897 681 450 848 668 548 514 772 121 439 442 101 598 212 339 321 773 427 4 219 426 850 257 767 468 842 525 519 126 550 244 369 149 893 992 161 249 975 23 665 505 453 515 846 850 793 371 629 114 47 746 690 444 44 586 615 758 711 640 952 932 680 951 172 289 595 455 981 251 330 116 886 879 38 697 318 427 623 603 267 973 252 141 831 431 551 592 939 844 233 556 191 422 174 721 476 607 328 88 66 379 740 441 928 98 47 855 780 455 542 498 653 90 825 353 768 299 443 622 686 688 870 532 551 736 648 832 858 139 457 463 139 550 945 45 399 723 712 743 277 422 713 926 260 683 131 575 942 495 349 739 544 997 741 549 400 70 507 969 669 374 567 634 981 830 530 473 424 114 857 247 954 352 727 452 540 539 338 5 781 138 216 175 626 300 366 634 453 875 885 759 842 533 412 695 925 242 923 448 510 510 573 519 801 385 613 902 32 88 921 311 208 196 100 444 858 90 518 702 882 873 70 404 155 278 182 973 140 99 668 883 608 930 711 566 836 181 574 70 364 212 612 506 306 943 516 54 699 939 618 111 30 17 351 633 114 300 736 423 26 618 23 824 265 387 350 11 437 494 174 187 546 23 857 22 578 79 215 477 671 868 358 983 818 247 66 241 400 709 91 345 480 49 723 733 127 513 955 561 25 311 567 794 925 675 766 416 300 821 766 906 940 154 786 25 589 849 376 887 115 922 20 135 191 734 878 473 54 895 557 709 79 792 603 726 288
193 54 486 395 736 871 199 670 525 226 185 229 162 862 74 932 990 222 262 411 286 697 244 271 473 38 918 563 813 966 185 282 217 192 95 397 794 12 13 708 876 619 843 366 636 959 474 647 399 275 515 708 266 962 213 797 616 77 785 500 837 751 585 682 47 799 802 725 433 107 202 548 89 25 689 496 369 309 850 223 930 737 868 286 43 691 638 918 275 586 911 891 807 234 732 464 288 984 643 44 217 174 911 336 213 445 954 378 319 297 903 529 185 824 152 570 512 433 4 448 521 471 637 504 676 397 409 384 438 264 768 700 55 127 737 904 849 706 526 378 786 891 323 961 810 320 848 971 220 415 429 673 844 544 764 363 582 903 177 960 82 410 437 346 334 636 755 595 846 481 214 330 181 53 819 527 610 334 119 312 650 323 5 13 915 205 869 890 913 31 762 564 234 961 579 709 439 625 807 182 471 73 446 690 956 505 119 100 598 376 196 377 392 352 861 392 515 891 488 760 504 710 450 581 97 364 530 673 353 636 800 137 113 817 732 463 726 461 979 25 461 577 318 826 831 185 969 323 276 769 462 434 204 585 114 905 734 269 107 157 361 539 324 157 814 715 49 35 44 489 558 963 783 529 465 680 658 776 255 288 374 454 986 250 973 26 944 725 104 555 877 329 677 937 847 342 370 713 357 849 835 347 357 663 863 454 957 397 869 764 338 774 40 494 701 297 664 909 913 943 135 148 94 357 648 970 838 854 905 258 227 960 933 71 682 317 335 580 936 718 842 162 858 734 703 456 119 452 283 879 248 324 702 103 853 419 857 119 98 115 364 543 381 74 526 841 276 300 433 516 871 680 91 239 472 693 399 809 712 262 37 697 918 674 850 800 945 375 350 508 385 420 499 337 0 807 959 7 295 69 425 455 372 484 274 913 15 492 101 741 594 636 561 737 96 103 708 737 902 291 209 973 765 978 101 744 467 391 58 779 745 262 279 984 476 956 323 904 771 118 460 67 779 785 119 630 559 553 811 927 124 440 833 328 585 110 878 662 78 772 760 561 213 93 111 495 995 848 422 805 760 654 799 277 34 740 909 362 985 194 224 286 42 735 660 434 572 756 662 835 188 138 85 528 790 101 377 423 703 575
439 39 449 778 685 392 353 460 926 624 914 952 425 894 837 176 588 794 27 165 568 572 534 47 273 348 788 167 415 752 734 736 597 791 910 32 950 295 566 713 969 732 604 506 97 758 220 526 353 456 357 523 578 981 92 605 819 447 299 843 931 568 880 186 48 778 248 579 367 783 500 518 111 206 700 534 953 198 304 424 869 388 231 842 168 549 294 839 315 707 782 510 535 440 902 63 820 192 962 268 32 817 819 855 90 250 163 319 416 811 243 638 163 217 967 61 342 958 728 341 941 636 978 450 331 596 873 780 823 324 880 917 107 122 496 210 45 29 66 539 100 781 340 625 596 492 2 261 545 541 975 757 587 448 511 456 912 718 304 476 263 903 341 156 840 104 225 857 506 762 148 382 827 812 775 807 286 568 390 342 951 98 156 547 607 29 96 348 683 862 272 623 72 954 948 79 174 335 171 252 470 954 213 736 965 896 894 364 397 325 859 981 677 157 448 437 713 30 821 559 711 128 711 560 5 497 487 919 218 302 425 538 928 415 863 76 32 743 170 586 562 891 223 549 623 525 707 548 202 452 773 24 633 417 813 249 999 180 182 810 220 577 680 548 472 972 99 113 501 495 609 425 736 746 478 903 446 96 574 65 904 497 388 285 580 82 12 129 378 914 779 430 921 60 941 12 354 101 319 234 224 171 446 426 963 464 382 579 262 968 764 828 406 38 511 491 770 641 618 131 70 378 284 578 153 37 869 452 407 556 240 958 535 61 225 614 751 829 868 198 881 454 810 327 903 525 136 908 685 174 730 668 126 11 764 165 331 71 119 864 129 217 952 609 445 374 223 295 558 866 725 256 815 577 850 686 544 745 428 133 826 325 502 367 988 807 937 636 434 326 488 911 718 94 74 758 45 750 85 79 64 831 232 842 484 587 384 184 75 718 434 541 590 25 780 678 766 153 210 624 578 782 220 695 898 152 291 778 872 310 606 500 495 912 270 664 773 194 609 351 257 179 841 245 319 178 561 567 973 474 741 563 235 535 841 329 181 794 646 723 575 561 750 295 664 799 865 680 111 195 512 638 621 966 62 295 107 955 334 486 857 543 475 586 113 749 12 528 890 561 492 571 895 835 101 163 577 796 521 900
864 25 292 218 332 174 568 497 951 240 908 552 14 179 482 331 461 705 61 382 518 929 668 768 847 344 237 559 569 901 547 821 163 994 878 777 161 29 293 336 486 124 550 147 144 568 6 567 389 788 936 858 426 282 309 244 61 291 425 668 13 894 303 725 767 580 631 869 6 626 716 510 663 544 943 506 584 761 567 800 999 822 766 961 497 57 254 582 874 161 207 619 900 639 763 791 303 760 757 709 421 132 123 174 785 94 689 455 8 661 590 531 999 653 538 1 417 75 305 336 339 223 579 64 821 625 438 488 696 30 224 686 79 294 838 972 429 293 692 913 89 68 445 882 213 131 82 593 680 600 695 284 870 186 316 716 891 16 116 306 841 493 45 263 595 924 322 195 395 457 298 114 430 66 644 208 119 538 263 485 166 2 439 728 170 2 256 348 242 236 297 451 401 931 300 18 253 492 595 172 169 510 678 563 40 47 787 380 385 481 97 345 189 726 894 172 866 863 913 882 280 640 189 607 777 704 735 5 507 846 569 623 147 948 733 872 905 728 873 195 491 26 231 370 917 157 179 486 221 16 872 463 15 662 822 35 427 67 917 928 842 277 358 531 911 660 641 801 800 496 637 209 985 401 155 924 272 677 96 436 712 442 299 37 918 370 792 959 254 537 595 430 238 909 915 333 29 682 99 208 128 214 124 487 372 565 899 699 341 125 219 693 600 74 412 603 76 706 557 492 98 563 771 548 286 492 668 694 634 942 782 815 626 849 226 799 292 782 794 19 119 893 679 901 309 433 534 183 920 23 306 745 426 100 105 670 993 208 73 154 417 435 264 367 63 752 550 40 725 512 953 544 52 222 930 176 351 978 639 51 984 75 403 346 775 657 631 695 411 384 486 291 236 759 658 351 905 313 333 377 214 326 988 788 924 922 850 842 316 472 981 353 455 525 338 465 167 62 932 168 851 429 336 507 498 857 909 483 96 733 90 410 155 436 848 272 666 387 865 853 627 787 483 210 104 200 868 643 976 357 931 201 29 369 240 366 604 604 896 209 937 119 252 860 965 294 887 153 920 536 664 956 567 4 592 98 719 254 137 3 483 361 161 904 634 876 120 714 446 369 712 675 995 648 25 671 398 515 372 140
302 214 524 319 333 360 429 474 660 692 539 512 415 250 127 927 6 593 908 181 468 843 291 330 10 59 404 813 577 135 248 657 190 12 473 229 415 67 498 431 357 558 9 530 335 221 528 132 244 933 902 859 652 666 346 683 144 422 747 551 42 655 389 807 865 592 718 477 488 357 186 772 651 314 13 970 751 855 583 416 735 54 416 76 357 352 886 62 102 605 679 889 398 959 390 218 532 496 334 330 629 941 497 176 275 485 199 919 641 872 243 146 714 156 878 207 883 774 563 453 200 510 233 614 809 197 634 680 970 765 513 824 437 424 289 633 174 326 452 971 439 533 407 385 18 595 651 647 455 232 614 703 559 946 71 443 942 647 702 816 999 565 366 862 664 374 526 866 666 779 727 606 329 70 420 574 775 719 392 11 576 195 520 631 683 170 740 776 727 752 675 50 889 510 34 922 561 343 276 853 636 668 548 766 602 834 130 639 420 96 741 933 250 685 674 779 93 820 21 622 377 729 546 826 851 558 884 798 603 248 35 196 768 40 773 498 522 617 50 931 832 491 103 503 841 136 32 395 97 599 965 776 896 884 899 385 70 177 929 417 214 145 219 128 999 649 868 993 306 47 861 194 878 183 177 634 653 645 484 109 825 29 101 634 975 36 470 870 333 25 832 123 963 13 606 826 829 11 576 747 276 1 394 709 673 577 567 49 422 568 992 877 622 306 422 395 315 348 612 344 973 512 691 334 489 62 560 885 292 467 161 684 236 666 444 148 202 539 473 716 711 536 67 794 498 361 258 537 936 882 485 44 269 62 412 864 462 729 379 81 107 452 567 623 211 241 385 705 6 668 189 496 705 770 248 431 852 708 875 694 983 645 900 398 915 931 419 430 580 216 518 83 168 807 563 213 76 574 505 786 336 527 932 87 861 528 330 953 950 689 750 79 383 714 329 253 242 529 869 898 239 329 256 332 329 968 546 135 33 120 946 609 199 714 709 553 961 202 439 546 484 254 825 410 157 736 911 418 679 586 208 555 838 555 954 620 648 48 803 54 928 351 574 976 79 231 832 245 652 235 5 747 216 776 760 198 448 294 911 13 369 239 965 896 358 381 920 934 990 462 676 390 828 919 879 849 629 416 303 914
488 291 247 429 758 119 112 603 495 308 799 198 911 195 238 272 583 107 453 843 187 564 608 884 187 89 549 696 382 164 286 835 359 87 272 664 429 7 64 586 165 549 431 400 193 242 895 522 55 401 958 294 569 903 68 346 275 166 374 539 453 490 422 909 585 866 72 16 894 60 497 718 655 148 73 910 895 922 248 344 486 578 866 141 984 779 42 868 953 946 123 103 203 994 1 988 847 793 628 872 135 827 858 605 887 143 612 560 614 91 79 321 945 610 629 38 446 256 716 832 442 620 203 2 691 356 244 535 559 922 309 872 697 33 469 768 379 371 851 797 691 929 364 685 493 606 886 914 606 995 462 881 850 114 76 983 418 694 582 181 720 757 752 741 160 531 461 372 840 835 417 562 820 906 604 798 906 251 362 549 420 490 726 774 923 831 244 108 453 139 116 144 840 267 300 743 386 279 225 987 923 160 797 906 939 257 50 211 36 159 554 618 147 305 664 546 58 202 985 568 160 29 544 541 54 25 93 330 865 944 98 650 121 918 486 297 611 845 86 619 919 151 777 473 155 280 946 409 620 1 689 986 866 29 646 314 164 525 590 667 282 656 477 757 503 232 378 897 725 871 105 671 339 618 187 964 497 677 315 832 122 851 591 234 302 913 419 513 808 138 184 12 869 365 440 201 452 371 472 188 647 98 48 603 175 318 444 904 217 986 788 297 320 354 481 40 35 653 49 633 107 581 423 686 204 609 248 229 368 687 25 457 821 696 84 119 655 769 305 839 138 20 699 569 747 556 77 952 125 598 111 621 173 902 759 187 426 228 584 629 169 441 199 878 478 921 537 430 5 608 668 487 406 759 783 943 545 704 276 119 447 711 807 72 894 947 78 153 133 305 762 875 55 49 473 222 553 502 242 147 416 484 637 985 419 497 818 530 313 661 698 774 779 923 898 233 593 50 297 798 593 219 870 765 925 883 446 983 747 519 182 791 226 486 380 974 283 740 681 225 525 566 837 505 819 656 189 290 187 883 518 86 337 801 553 867 733 199 195 528 957 328 136 282 59 170 327 892 65 193 333 675 313 169 79 294 486 962 730 847 783 377 662 275 877 199 245 925 633 312 665 403 334 459 856 386 827 332 309 475
927 262 701 293 259 491 311 927 704 343 939 64 449 43 775 620 511 929 566 800 873 490 608 571 18 155 404 468 58 647 602 670 372 370 979 625 287 325 395 411 875 18 702 881 440 342 90 105 139 380 861 590 961 535 70 845 535 395 731 716 615 935 271 718 751 663 420 247 973 384 533 535 323 363 895 839 741 908 596 299 501 56 874 75 83 925 817 213 969 965 372 764 10 963 162 779 844 124 965 354 975 786 377 527 587 329 524 101 385 923 134 374 359 897 864 273 886 922 294 764 405 338 377 963 732 217 842 631 30 870 946 562 336 314 621 757 229 395 694 274 259 65 695 636 338 373 997 135 643 935 124 175 871 322 296 52 334 678 762 150 543 723 253 585 753 237 938 504 176 899 894 24 757 53 165 697 288 493 609 524 447 727 667 189 499 527 749 441 774 93 900 341 533 419 777 374 194 566 827 531 167 375 319 351 736 447 450 166 472 154 332 862 618 465 208 683 152 331 844 229 878 923 625 183 411 836 574 352 569 333 68 262 758 698 93 577 795 984 432 969 930 532 851 157 31 60 332 388 657 249 323 24 531 147 806 486 437 92 60 2 349 94 363 290 755 592 500 114 420 168 521 23 823 645 398 872 410 520 107 22 533 595 722 883 507 665 886 103 796 614 1 288 323 556 126 307 609 902 72 461 736 967 284 533 406 842 344 451 805 833 739 18 212 125 911 535 515 893 147 966 100 111 938 10 590 362 935 443 570 367 531 848 1 856 959 960 475 349 385 185 576 873 105 737 204 343 612 202 833 116 322 640 315 247 390 348 861 104 42 868 810 182 413 121 736 182 624 982 560 712 304 541 917 587 448 740 284 160 242 213 921 647 522 280 738 428 936 879 606 629 614 5 304 257 271 993 618 171 155 971 955 299 469 343 985 266 738 358 444 673 230 892 571 639 390 922 33 384 130 210 927 546 301 420 583 271 366 560 764 620 759 463 436 745 12 196 233 282 943 375 288 536 921 83 383 134 945 818 874 540 390 772 96 23 736 470 582 794 762 502 86 978 247 855 266 728 665 594 751 900 684 224 247 532 209 457 175 339 652 661 240 377 597 589 576 473 556 454 196 682 308 685 240 165 621 267 478 996 529 361
419 192 553 595 538 396 707 653 120 241 654 762 444 227 631 17 916 107 705 789 819 399 337 268 232 307 710 539 806 432 15 989 454 190 868 880 644 262 466 606 933 880 468 987 899 672 555 509 21 781 850 970 720 548 615 90 233 531 808 409 435 455 161 144 629 983 268 757 138 537 598 226 467 190 378 75 898 661 268 848 667 803 50 17 523 154 833 736 613 964 141 453 575 456 424 255 353 261 450 825 257 801 683 137 209 480 333 117 948 819 798 572 704 125 912 685 529 646 970 288 786 887 145 601 317 145 257 45 945 600 289 610 620 558 762 257 465 356 554 580 191 777 986 11 787 137 340 972 799 629 528 163 155 810 620 878 359 753 919 756 349 22 259 699 758 930 334 441 20 159 993 890 459 570 469 948 447 607 852 926 869 772 47 395 966 238 153 754 190 112 525 327 137 806 916 113 613 364 676 596 154 819 189 868 968 683 196 119 997 614 68 25 26 447 68 585 386 726 121 663 829 31 222 516 630 223 567 532 928 820 809 44 213 76 516 796 214 162 655 644 568 665 429 898 613 498 825 307 141 665 562 257 202 502 241 183 481 463 238 310 716 71 136 304 381 511 141 855 826 302 414 22 5 444 221 812 14 297 95 629 107 916 768 367 398 983 618 610 103 539 80 828 839 957 527 499 781 359 103 186 153 22 582 257 428 345 14 881 946 382 374 98 639 260 947 10 659 987 279 214 996 46 137 964 5 67 832 212 66 167 68 717 143 73 352 334 328 790 490 365 783 943 368 230 563 876 33 397 272 703 747 219 915 612 577 264 150 906 385 745 887 90 669 527 497 499 10 278 32 111 710 22 697 788 855 565 117 148 178 672 918 791 454 40 174 426 290 835 325 639 566 641 361 650 220 360 593 554 473 114 135 610 844 390 682 391 911 617 750 919 991 813 368 12 147 183 2 942 174 906 598 852 289 106 810 993 885 938 154 984 33 603 271 529 114 489 343 410 745 765 387 710 590 390 292 408 920 356 143 386 844 103 363 451 638 845 793 174 998 322 718 341 179 969 813 242 403 452 65 627 682 651 189 596 922 694 113 161 566 431 267 165 864 302 858 490 509 192 528 764 918 194 817 618 246 55 549 40 219 160
692 562 619 447 641 745 983 601 994 193 292 747 660 693 534 149 426 340 783 836 915 361 829 144 75 379 266 619 807 552 293 751 62 112 460 193 367 281 450 345 133 56 363 240 861 234 337 410 88 525 591 477 512 982 736 437 347 243 80 429 710 328 725 485 372 447 370 519 546 471 437 435 160 123 543 540 923 965 771 862 763 682 794 574 938 696 58 147 453 441 948 234 953 898 470 367 39 285 141 264 484 58 119 863 892 86 58 436 836 835 861 49 256 385 401 210 115 465 63 16 454 62 850 296 477 997 629 770 185 467 705 709 716 233 564 459 65 11 665 777 236 947 737 306 100 916 262 563 349 411 268 784 488 616 869 91 590 926 90 32 91 761 895 170 125 4 924 311 466 834 895 370 306 663 505 842 779 740 684 282 441 285 23 14 537 844 673 141 984 341 740 622 731 136 929 313 0 333 356 563 716 69 148 671 288 58 506 841 106 467 395 649 695 173 69 494 599 191 977 348 391 122 978 986 299 166 519 488 902 691 251 122 168 372 14 238 688 816 512 908 42 110 842 510 720 538 989 714 663 890 437 426 20 141 216 537 790 396 468 334 697 496 869 479 19 391 658 857 651 783 23 526 594 192 626 137 985 34 12 289 515 791 503 136 229 881 737 514 788 437 235 331 821 789 683 983 222 701 438 44 524 663 685 838 458 970 481 763 115 936 855 31 682 593 968 504 379 139 573 384 506 275 184 39 150 211 766 712 44 90 626 305 186 128 908 555 813 353 446 129 698 503 88 857 222 735 820 653 234 658 247 29 886 530 516 491 654 735 884 874 116 231 578 742 475 362 263 511 190 912 75 803 951 760 354 916 383 374 688 116 758 73 354 631 215 385 758 709 193 126 11 879 590 181 166 929 724 79 950 674 604 276 428 419 338 490 795 428 538 993 687 20 997 281 604 616 869 351 121 464 485 131 418 274 722 401 457 762 216 995 813 393 217 512 384 17 782 61 347 203 447 850 945 724 228 320 103 839 563 115 802 302 199 863 511 976 298 365 286 55 768 164 421 498 559 420 223 82 835 529 924 685 448 312 960 547 859 808 51 57 961 281 89 280 301 14 339 472 425 47 616 607 558 637 116 235 375 519 497 835
538 779 27 213 350 827 182 142 104 601 828 323 615 814 291 642 624 95 717 612 21 875 502 899 496 449 232 12 921 990 794 338 497 371 656 377 801 769 29 641 777 545 594 220 808 377 922 564 428 706 870 654 776 705 355 520 572 796 375 837 779 995 716 569 305 980 146 435 62 893 597 673 972 320 198 543 111 223 281 756 663 424 14 172 615 660 448 242 333 123 59 434 524 120 443 41 918 981 672 473 135 146 91 744 372 27 267 564 880 710 217 95 772 484 196 457 44 491 301 846 639 631 582 123 169 162 855 299 124 766 845 83 623 893 429 536 866 111 840 518 66 418 378 670 484 877 616 671 60 368 111 261 56 921 474 643 609 973 606 551 370 682 624 283 399 453 642 392 347 421 536 816 586 648 620 956 973 485 179 20 282 560 597 255 3 731 511 321 202 788 623 54 888 844 795 500 576 836 845 440 106 986 59 266 776 855 829 469 741 713 572 46 510 29 961 936 284 393 816 869 360 754 520 982 371 548 114 350 370 269 654 78 313 982 711 100 603 486 106 866 486 91 561 586 120 178 757 576 429 617 847 547 501 118 640 134 790 473 205 657 928 102 448 508 301 557 821 267 336 116 990 391 939 586 690 821 618 642 233 8 923 943 603 685 529 256 950 407 882 364 111 178 612 879 123 674 818 328 980 282 565 824 392 513 757 93 162 448 471 23 845 452 760 18 910 199 93 677 768 107 754 918 78 587 463 709 292 247 528 872 694 462 142 737 277 294 980 995 905 636 994 259 301 664 196 224 81 978 13 121 803 765 479 301 671 929 527 368 742 839 99 236 617 317 537 75 265 81 96 98 460 986 226 323 722 683 551 555 206 184 277 541 720 54 415 678 390 434 161 882 879 581 819 211 770 698 483 103 639 958 784 317 371 858 195 528 627 782 74 423 513 210 347 128 839 730 510 840 274 539 567 459 565 563 336 692 740 862 945 421 157 263 659 38 697 400 893 826 959 39 355 812 252 213 404 89 490 428 232 192 377 734 105 754 790 829 202 354 195 428 124 876 254 896 230 349 96 813 370 123 908 210 522 872 779 992 827 690 440 897 197 128 284 99 38 670 899 120 477 920 70 923 553 827 18 676 779 147 24 551
264 849 80 274 171 647 852 829 852 347 263 632 157 155 436 64 864 262 547 945 29 57 965 716 614 593 618 983 848 973 190 997 171 306 112 193 758 49 570 994 927 144 867 644 550 478 358 991 860 283 561 61 718 800 835 557 858 436 877 28 103 898 823 802 67 231 667 249 217 135 392 498 887 24 571 9 212 963 378 836 866 889 285 282 448 764 67 647 557 551 733 346 900 994 206 247 856 886 146 227 984 789 871 579 124 210 530 825 360 700 330 409 177 696 603 286 890 374 745 245 87 810 200 201 606 417 643 460 976 975 274 15 255 296 999 742 369 430 379 976 655 60 365 959 465 501 835 917 936 504 3 528 641 627 494 871 331 881 281 902 308 505 53 859 229 981 289 703 173 106 34 609 304 586 88 216 791 120 439 370 215 505 58 984 357 859 559 76 186 662 341 762 955 945 284 438 674 706 804 847 391 390 659 761 701 938 871 502 893 502 192 358 34 682 550 255 668 505 59 368 504 864 738 671 781 586 397 519 256 973 234 832 537 899 439 687 858 68 267 61 684 805 299 758 790 395 587 129 119 693 208 573 306 503 660 434 321 546 736 283 564 703 895 210 611 260 58 48 419 371 216 879 599 917 604 798 204 376 720 950 739 744 466 126 678 868 590 281 407 869 234 778 349 915 909 555 333 402 30 674 803 977 543 977 41 723 105 925 75 427 749 529 482 573 977 281 787 270 473 640 565 131 973 164 843 656 438 204 302 51 450 953 873 350 757 581 192 640 753 187 679 377 909 482 696 918 791 310 36 330 41 909 130 14 622 781 887 531 169 298 46 976 417 256 580 547 497 282 150 362 261 566 863 216 246 860 967 905 387 925 65 262 191 162 192 340 493 933 788 374 609 859 986 875 215 292 802 471 524 286 345 837 992 199 111 380 578 755 519 151 614 818 866 347 941 710 227 778 256 283 580 954 154 322 726 484 574 556 226 26 44 105 234 497 602 707 674 983 639 248 261 178 81 676 693 322 766 855 106 855 652 910 364 872 661 72 832 506 734 935 263 125 975 634 896 932 742 462 513 87 571 209 455 113 138 477 842 837 145 801 356 360 958 496 616 974 370 122 915 405 22 136 444 68 492 352 83 217 33 427
59 114 60 898 904 732 934 780 866 898 925 137 390 322 751 223 102 750 334 674 726 927 914 834 260 492 761 537 764 858 257 768 489 837 444 557 755 998 520 130 450 952 368 93 870 378 988 594 429 300 919 195 124 515 525 347 47 833 162 522 122 969 782 550 199 386 264 938 146 498 221 287 524 736 701 12 838 848 554 207 585 629 98 369 233 28 215 144 378 141 57 578 186 486 641 589 313 578 786 636 563 738 323 263 255 526 275 344 675 13 478 48 723 489 405 592 896 593 889 498 73 401 28 906 644 31 711 714 229 350 46 139 871 218 328 153 102 607 905 463 567 679 212 512 762 385 601 688 401 330 389 340 162 922 343 474 607 591 854 785 664 125 847 381 57 986 123 247 295 326 873 326 943 727 78 793 411 457 468 164 739 156 674 384 297 530 248 330 810 560 712 512 491 86 870 111 47 523 814 433 370 359 379 119 915 184 555 93 471 332 699 631 365 612 606 544 713 823 259 223 337 890 443 647 774 234 657 490 225 423 475 347 325 292 426 215 55 29 129 78 701 122 925 125 821 434 102 918 400 991 833 490 5 855 791 389 829 159 478 884 577 857 682 410 166 238 118 260 796 986 381 362 406 432 844 481 637 500 711 823 863 286 723 599 736 397 6 539 633 682 679 427 174 611 350 371 509 818 70 475 552 294 960 586 851 623 80 832 541 718 817 561 131 444 871 845 316 247 469 53 310 183 351 960 786 226 653 956 318 274 491 655 35 406 298 605 520 357 629 156 524 883 56 688 18 901 843 278 673 452 101 287 539 652 497 117 993 954 292 925 596 762 71 487 572 639 109 989 748 595 565 833 289 124 478 101 907 688 10 977 186 314 963 760 228 560 155 408 919 470 456 595 390 42 848 821 200 936 930 297 113 73 800 826 63 321 793 232 304 7 428 169 671 497 637 783 541 839 408 115 20 362 773 588 616 735 666 287 913 17 606 5 824 262 490 982 88 7 932 185 782 957 361 433 174 634 960 252 691 506 578 458 843 259 244 108 969 813 884 737 102 210 555 699 708 832 287 776 3 255 33 796 152 370 367 201 596 70 994 515 844 571 810 975 918 644 911 4 103 681 514 900 578 830 343 929 122 567 121 956
360 676 101 774 688 218 358 273 767 699 633 547 555 793 533 73 65 655 984 386 411 681 148 481 478 180 471 813 220 170 602 911 322 367 564 591 326 94 875 639 621 858 927 683 608 366 969 88 887 997 555 558 669 379 756 157 682 493 349 579 139 780 720 814 12 335 711 560 339 576 867 116 606 293 162 310 3 198 427 547 942 439 400 993 727 788 981 582 662 92 303 526 198 72 524 440 287 860 479 291 402 193 124 754 133 324 682 681 738 121 996 113 239 783 728 789 535 315 76 522 880 732 829 404 540 553 381 717 785 26 472 835 573 749 777 233 671 141 283 969 461 683 386 852 862 552 513 392 739 5 69 926 920 675 731 870 58 161 173 520 752 260 90 341 393 416 33 676 38 558 775 783 561 349 852 373 928 130 856 157 734 77 763 652 639 428 355 637 865 420 398 136 159 495 50 109 262 332 717 439 364 118 30 82 194 817 355 521 317 948 543 52 424 757 897 189 728 850 843 227 898 407 305 434 396 65 792 328 806 542 204 626 129 661 209 768 110 559 715 751 843 271 202 54 115 318 230 846 338 377 889 785 38 923 579 994 967 703 625 911 582 445 113 349 825 150 15 692 843 508 5 121 149 301 3 583 432 703 149 466 608 918 260 361 526 148 975 823 397 152 660 192 852 802 158 6 591 349 633 28 393 930 223 177 56 923 944 34 397 119 438 80 583 332 228 69 112 833 139 222 114 478 438 12 164 316 385 524 242 403 4 517 516 115 312 99 268 701 31 90 624 638 133 766 765 569 127 376 685 446 42 16 260 963 725 838 146 713 334 153 242 150 682 625 177 270 575 300 208 615 875 75 436 848 847 8 228 826 468 636 112 378 979 585 378 927 499 563 230 421 480 684 884 219 206 850 731 228 666 926 773 387 807 731 808 60 656 243 691 935 60 904 143 2 108 979 514 737 294 785 330 560 811 243 544 382 185 698 540 386 900 553 514 274 359 94 128 983 833 127 859 945 671 526 121 373 461 90 162 517 172 472 761 343 934 231 849 343 345 493 299 439 510 3 756 149 198 578 861 884 599 338 161 802 689 728 680 593 794 941 672 943 522 310 884 701 747 871 461 625 167 889 718 933 165 256 546 762 245 812
476 314 467 817 616 742 344 837 532 247 777 523 578 13 349 982 341 827 515 589 517 830 863 2 544 244 495 98 18 376 579 224 988 812 483 721 195 464 360 760 163 212 592 604 562 287 2 964 668 4 532 457 966 54 256 26 771 432 796 249 647 644 765 95 821 520 447 157 187 822 688 489 982 48 789 79 593 945 302 483 821 687 316 454 771 361 381 496 745 344 282 781 7 610 530 956 404 552 863 947 676 525 283 409 55 515 328 800 37 785 452 715 200 778 123 949 455 259 587 793 892 82 850 133 543 890 324 376 371 799 438 294 922 966 119 441 157 572 932 376 416 213 247 520 921 166 30 889 243 30 939 851 72 579 712 211 866 487 277 17 363 366 938 177 848 572 817 540 811 340 41 474 90 368 23 3 174 501 620 147 895 532 110 817 310 336 646 10 208 234 563 602 564 873 219 987 599 495 464 345 278 196 812 395 142 473 174 698 888 51 856 564 13 697 547 554 836 600 41 685 154 134 244 654 868 238 626 439 430 91 30 981 265 91 396 385 677 134 422 458 394 912 945 814 476 600 57 279 790 299 235 150 815 418 822 732 40 381 24 290 571 7 534 376 475 128 396 156 413 56 544 613 146 357 853 945 30 416 242 822 365 872 681 387 287 377 283 274 201 91 427 403 25 50 206 915 283 213 575 77 32 527 140 563 827 854 176 290 632 824 632 897 182 262 318 959 484 915 465 409 882 111 477 537 782 986 159 485 90 628 14 907 127 499 393 775 115 969 81 661 132 365 574 568 206 362 640 945 923 763 260 45 996 442 814 397 220 964 653 48 608 779 374 178 456 233 814 147 616 138 60 142 104 46 309 885 745 694 385 544 341 556 556 239 234 510 763 260 622 656 180 205 175 781 781 793 699 676 427 325 772 498 324 540 879 971 514 327 340 150 32 794 121 802 925 290 322 38 293 658 168 563 136 722 877 462 338 185 23 178 316 587 468 75 386 410 287 360 374 3 282 195 414 125 497 613 439 915 946 621 303 657 503 190 881 563 344 37 294 365 822 856 269 556 311 166 904 581 713 211 393 341 840 638 740 868 803 755 562 956 141 290 749 972 516 82 448 514 40 964 894 409 548 680 650 79 611 524 106 406
777 54 525 315 599 430 778 251 663 865 357 972 734 208 281 342 132 532 921 53 510 938 537 228 757 453 471 488 757 162 146 742 717 903 245 249 602 550 753 546 372 814 722 606 562 315 462 858 556 124 610 312 266 288 498 39 340 43 721 987 48 912 936 63 94 272 136 27 761 541 47 656 91 183 216 683 277 359 121 208 135 78 285 764 108 680 832 662 400 772 793 671 429 715 947 996 198 80 588 157 122 114 239 673 518 374 239 719 611 1 591 925 368 662 654 897 590 777 178 625 277 242 401 414 912 786 243 87 166 237 15 930 832 411 933 368 329 435 660 945 564 318 425 115 536 947 877 401 882 560 674 157 298 974 5 569 597 655 749 444 573 817 552 578 930 214 387 666 999 315 188 158 892 321 727 157 854 62 66 956 64 879 376 591 184 688 227 904 338 510 355 687 481 592 152 888 520 985 2 167 60 312 327 715 739 876 916 7 241 679 601 675 645 825 138 450 58 888 691 589 505 66 57 854 966 553 912 680 499 677 614 455 575 581 287 333 278 315 100 349 380 655 611 863 666 893 383 434 103 771 974 935 875 791 636 203 715 437 778 678 717 173 847 110 601 102 335 997 671 515 351 111 982 343 835 923 403 995 799 251 528 201 897 766 661 941 435 294 886 185 636 461 828 844 468 244 892 961 938 66 878 496 877 384 274 363 603 802 437 832 102 679 559 620 981 945 471 273 791 496 530 939 735 693 978 21 935 489 79 143 258 741 681 661 244 363 413 431 739 350 587 83 642 625 48 0 574 190 18 659 301 262 552 157 717 729 724 641 225 489 341 723 37 124 371 324 823 326 944 24 488 818 339 835 878 877 516 793 830 493 414 640 119 394 829 75 43 38 643 101 175 874 67 927 765 360 808 623 649 254 234 446 980 505 587 330 146 481 807 930 4 850 552 174 820 358 127 272 394 433 922 924 292 190 78 815 681 342 92 953 846 555 18 837 310 662 185 363 61 122 210 624 139 868 416 837 402 938 649 561 976 474 502 486 919 583 851 230 161 144 12 176 903 971 508 208 366 614 59 299 18 492 587 862 393 333 214 920 297 558 880 902 73 570 385 583 265 488 184 246 987 46 367 195 955 450 702 91 105 425
15 418 574 708 267 935 20 402 462 829 172 708 269 684 510 872 800 913 14 469 539 343 389 810 974 69 639 117 777 545 153 293 96 170 987 221 166 942 275 753 41 813 756 491 247 900 843 25 953 11 31 744 723 781 107 264 289 378 514 199 57 280 372 824 532 413 632 896 841 716 545 884 917 785 847 683 730 36 564 29 809 827 571 269 243 706 158 49 669 658 651 719 747 24 733 508 277 964 943 159 956 813 455 426 824 534 760 280 915 646 561 675 590 899 225 863 832 721 942 492 880 146 205 383 787 612 296 856 762 20 989 303 458 638 629 253 915 504 628 847 681 534 114 237 388 953 984 71 430 48 798 245 402 731 382 142 669 809 274 447 686 57 794 666 469 669 948 833 533 602 36 384 350 745 718 960 626 365 629 357 360 585 767 223 981 866 144 169 608 780 69 169 905 345 599 545 433 551 717 874 930 658 272 547 173 400 385 942 305 968 692 909 280 404 552 237 460 723 375 653 350 0 990 933 8 552 685 749 686 131 148 16 130 610 696 310 104 177 747 459 936 955 398 245 151 588 548 15 805 405 73 623 820 830 62 673 542 466 202 384 244 3 204 513 408 330 241 79 834 165 315 812 461 959 685 994 952 179 660 167 260 613 373 678 745 352 912 112 179 112 126 899 605 397 18 232 355 340 324 764 336 162 61 649 851 510 413 826 945 155 706 1 388 886 620 186 559 573 68 885 162 456 706 843 469 677 209 846 348 399 773 897 805 409 700 114 429 766 254 49 565 454 122 900 37 894 702 330 479 808 709 773 351 153 697 2 540 875 310 931 346 252 597 590 796 173 629 593 218 668 618 801 430 962 718 229 719 210 23 250 436 647 256 232 266 711 689 58 953 202 227 744 22 787 5 875 389 173 122 21 960 866 804 199 15 14 46 163 592 955 776 874 39 949 371 99 848 630 686 903 743 123 579 582 331 671 198 303 668 263 688 144 564 701 643 104 685 728 317 725 59 445 790 847 329 183 30 329 872 905 725 802 588 958 856 837 899 247 343 576 737 84 86 950 768 687 366 641 113 902 228 127 412 27 833 719 670 767 488 587 321 681 808 162 363 669 234 661 264 804 825 756 30 162 697 217 613 216 592 797
894 56 412 10 361 387 313 458 843 721 188 168 307 974 794 920 591 973 570 1 82 105 901 247 425 172 572 290 485 586 589 319 290 312 905 160 295 131 905 440 465 411 690 41 301 886 609 427 695 899 996 646 254 68 667 692 375 295 517 650 194 424 606 516 349 666 802 541 964 384 822 764 286 324 235 688 651 617 304 354 375 900 838 886 40 984 615 834 519 909 781 876 754 35 353 338 433 948 131 210 712 141 992 241 576 839 55 845 822 219 481 741 285 660 189 311 740 375 806 439 505 436 272 309 509 581 36 181 183 225 58 495 490 974 342 217 555 709 792 208 89 194 18 139 118 759 361 117 418 777 728 255 739 10 652 637 79 813 604 519 641 183 354 795 238 526 160 5 713 425 55 845 105 789 490 401 327 205 330 560 697 761 114 182 358 421 708 944 364 634 711 60 147 430 487 574 350 901 531 498 48 948 86 776 513 759 450 347 1 758 525 380 760 736 108 564 109 110 745 953 813 970 495 974 653 214 25 75 133 972 702 875 181 757 749 154 78 0 425 480 526 233 190 174 838 969 653 369 234 786 770 635 322 27 883 529 695 244 434 843 308 838 226 576 143 76 429 55 85 785 270 467 397 329 883 756 169 830 121 701 376 712 357 501 457 910 846 783 273 906 136 344 333 74 275 904 517 760 91 179 299 862 165 744 607 620 433 567 658 737 890 556 871 581 98 209 773 383 478 720 154 144 314 845 599 69 563 878 434 973 785 984 15 267 639 538 361 616 361 90 243 51 376 980 555 727 470 845 485 765 675 278 269 76 263 651 439 240 428 681 619 799 167 550 903 962 1 719 123 397 656 940 261 502 684 697 343 82 572 594 767 516 754 687 199 233 661 218 12 302 734 833 828 970 588 48 959 100 161 114 744 111 815 446 635 441 794 452 946 290 630 259 718 428 988 417 414 365 683 336 175 478 218 566 589 742 402 822 953 792 691 5 219 992 354 630 336 292 684 881 615 311 702 995 43 328 61 842 247 184 741 644 329 178 90 554 851 349 892 486 689 507 561 406 608 790 439 517 747 294 809 324 549 167 828 793 697 165 963 321 602 731 196 335 476 414 233 960 135 382 295 840 540 220 646 389 857 42 348 509
800 207 621 796 620 307 996 475 216 596 370 567 239 506 858 311 143 655 218 400 885 728 283 168 848 748 297 82 387 64 803 190 52 441 374 37 157 664 399 127 766 550 701 156 759 226 468 629 828 24 325 181 820 28 973 658 344 572 678 355 151 261 886 21 982 198 925 860 446 819 174 377 253 386 639 204 769 438 980 627 212 522 2 534 103 879 488 84 204 856 954 916 403 959 251 762 998 673 160 271 639 741 522 51 37 163 831 251 79 419 910 809 459 201 510 810 909 168 351 141 212 158 859 317 556 935 382 120 615 993 484 993 905 792 816 148 112 362 222 614 62 892 96 555 72 897 254 618 212 478 893 918 756 212 593 108 705 788 361 179 130 209 60 71 492 111 885 621 781 922 243 778 764 561 107 178 848 999 800 50 964 890 84 599 633 50 865 223 574 26 387 834 248 209 317 906 37 430 450 670 910 95 655 240 325 416 598 145 490 360 568 96 823 194 71 350 534 442 443 98 389 963 485 19 910 695 158 43 881 846 672 211 594 131 332 243 417 693 523 359 124 463 484 970 177 665 297 733 547 729 379 747 765 913 809 190 582 152 480 417 393 323 307 489 228 521 339 711 917 678 406 423 719 594 64 846 214 383 217 775 88 712 161 53 267 419 855 732 389 394 43 640 529 636 566 480 313 415 544 273 36 821 684 972 252 930 663 797 880 837 612 0 709 929 396 97 117 204 657 691 283 735 989 885 33 718 150 934 495 348 222 937 23 210 60 834 955 55 109 691 225 849 657 877 165 41 248 663 849 527 258 853 857 684 256 371 758 376 426 184 341 569 392 53 757 709 835 95 790 146 58 283 431 759 893 711 377 862 544 851 135 432 300 182 687 287 474 37 714 478 521 76 180 658 601 221 691 117 329 246 973 835 154 927 13 110 328 952 178 918 532 54 313 113 787 712 383 673 966 493 318 215 545 704 217 517 236 752 286 737 654 81 645 671 954 807 976 52 222 418 678 122 276 825 396 296 574 137 532 358 920 104 566 778 207 836 204 818 819 572 961 687 907 775 86 30 247 34 923 417 340 223 92 749 188 439 843 738 214 885 377 309 239 543 323 907 829 257 614 185 390 760 937 339 542 865 141 124 479 147
983 794 587 210 51 349 912 979 951 530 73 183 926 379 306 713 899 389 520 821 53 550 562 962 467 125 115 728 909 885 297 924 910 162 747 264 765 54 63 155 992 261 369 228 739 839 929 264 580 741 199 971 785 209 612 932 614 122 131 571 980 934 608 715 435 959 575 962 514 416 172 502 115 927 997 892 52 176 390 68 382 654 456 827 771 803 335 298 109 181 183 973 143 463 426 261 533 837 337 563 38 240 876 380 549 229 556 658 534 216 345 858 848 657 772 648 19 792 189 559 891 95 240 447 352 712 279 471 717 817 219 940 739 867 88 376 112 891 755 711 630 471 946 422 944 657 759 91 241 297 496 147 66 641 657 467 559 268 741 596 620 18 321 845 724 904 838 321 561 383 885 616 441 3 471 889 369 398 784 397 514 28 517 371 352 644 702 478 758 944 696 793 926 267 226 56 370 719 785 47 89 964 142 303 2 172 51 877 341 941 165 58 382 924 455 996 944 620 656 184 832 786 519 568 252 568 532 6 105 352 161 192 335 422 790 987 349 763 833 691 139 273 198 882 509 934 526 596 887 519 789 872 480 256 791 430 263 71 140 367 347 771 109 833 508 912 646 768 534 411 992 465 340 141 977 143 167 348 446 633 318 992 78 581 573 151 177 944 121 766 723 302 949 364 251 236 709 358 689 354 15 396 720 356 592 627 687 696 556 982 154 533 94 782 927 462 547 421 849 588 785 433 570 466 811 652 651 223 23 920 693 668 428 766 676 75 443 300 305 774 291 296 835 585 592 453 913 851 877 660 175 487 688 185 184 727 446 152 993 73 448 436 154 653 763 474 261 903 853 39 348 979 98 876 572 808 900 120 486 260 582 124 642 207 915 452 761 309 836 25 723 363 605 252 14 333 411 406 335 871 422 455 209 178 129 849 35 837 115 621 708 565 735 592 379 182 388 719 77 515 931 617 320 989 282 795 286 878 879 582 291 440 450 624 214 461 776 218 412 882 712 204 948 157 442 476 748 846 659 117 393 631 346 838 288 56 467 96 67 991 431 922 880 713 874 786 229 692 916 880 562 472 286 328 959 981 118 811 539 392 965 359 655 776 874 8 55 216 218 989 632 329 874 770 361 237 456 482 663 614
487 732 387 579 565 400 885 654 215 658 394 7 122 78 411 230 922 445 329 578 422 446 406 50 263 743 790 13 940 264 588 841 700 394 120 817 147 421 135 445 759 58 42 538 658 525 941 96 671 348 556 49 230 162 444 586 813 185 354 877 37 58 562 829 570 288 735 192 947 172 479 720 718 921 881 299 774 332 526 119 186 12 902 865 262 686 877 252 241 710 901 571 862 418 258 115 654 857 274 564 849 135 269 119 419 444 375 751 198 363 727 917 473 662 28 446 241 66 331 614 943 874 51 710 809 192 641 452 312 575 986 634 992 744 317 394 608 831 581 390 742 77 116 421 339 490 322 974 49 50 909 158 521 863 753 607 510 250 567 788 667 238 635 238 608 394 326 242 106 529 654 547 110 422 548 253 996 979 196 81 650 55 13 183 129 924 110 674 589 648 261 591 515 733 267 588 794 696 911 600 11 271 432 282 743 901 856 518 685 898 304 249 968 256 799 339 798 297 487 316 520 89 667 125 184 885 986 379 612 555 771 0 699 54 840 319 790 342 972 594 574 675 61 779 200 781 52 152 998 568 553 444 771 64 265 87 61 241 201 708 373 92 501 666 791 924 67 344 740 519 732 582 689 605 770 739 507 250 473 565 193 449 706 433 567 91 962 906 305 150 277 459 437 929 419 354 949 901 64 549 922 540 451 196 559 179 229 717 702 827 763 946 60 188 50 891 853 867 503 678 354 333 229 848 576 781 848 459 608 438 955 457 197 988 157 752 219 131 284 154 183 776 878 889 27 86 47 494 715 92 954 970 102 103 527 309 452 965 215 424 947 57 123 103 23 193 386 65 618 935 204 218 26 776 767 934 126 91 587 981 836 820 657 569 659 140 286 820 549 86 932 688 314 301 927 621 330 13 653 897 827 748 918 78 847 764 577 122 742 694 417 448 828 188 566 688 756 357 684 396 363 8 911 828 321 10 319 691 471 61 606 190 878 802 959 912 953 127 636 555 606 926 290 494 852 46 120 476 92 245 82 476 802 275 609 49 526 517 359 607 565 970 283 544 178 949 893 676 408 703 64 803 206 663 769 186 157 461 35 578 131 68 579 77 326 704 397 510 832 200 732 906 314 471 350 69 10 729 255 355
504 877 643 157 918 544 337 683 347 554 596 655 762 119 197 986 337 659 371 96 774 515 642 276 719 350 207 583 929 47 366 562 135 329 640 708 797 60 79 11 780 198 175 968 486 842 144 150 908 902 980 807 859 704 190 208 926 939 680 797 419 89 770 782 933 741 960 8 267 727 23 236 927 11 83 635 283 73 594 403 656 242 912 693 653 994 427 498 734 19 347 440 342 380 981 388 523 326 232 830 855 828 66 458 537 668 757 448 331 636 36 805 629 951 124 979 166 66 985 772 94 735 79 782 655 17 681 535 46 235 350 646 606 221 558 862 293 455 808 919 542 260 105 421 260 473 836 321 733 860 438 284 680 944 644 55 163 890 461 543 57 559 589 133 538 876 102 53 112 666 825 112 461 60 515 287 692 763 275 718 227 646 690 691 239 578 797 113 606 0 236 991 646 150 489 33 830 349 863 498 387 948 855 997 394 175 456 243 21 623 188 142 85 835 935 103 477 971 994 343 763 532 730 392 369 867 658 548 887 378 855 389 204 950 394 737 832 917 693 829 279 439 484 284 214 727 535 352 729 24 337 596 645 370 17 601 787 91 705 918 496 472 985 867 526 539 375 321 993 710 164 862 609 414 463 709 939 448 386 99 710 484 605 443 954 809 810 839 670 196 719 141 700 940 319 742 846 466 706 616 943 787 535 60 642 685 894 845 77 834 718 642 785 792 648 896 751 112 597 501 469 556 891 298 459 306 824 482 398 433 505 269 306 282 638 470 412 252 514 572 100 944 310 688 390 63 229 694 26 947 914 223 983 40 5 96 836 973 652 600 838 449 531 598 640 97 31 352 354 408 957 975 642 428 737 32 921 545 727 42 776 331 31 898 523 221 1 183 756 92 193 687 860 825 280 11 758 892 99 887 205 611 704 793 400 283 379 947 121 605 625 107 562 981 231 619 693 371 311 100 922 69 843 924 244 660 949 495 61 242 203 677 390 628 705 51 790 826 747 501 372 550 927 411 250 505 294 810 913 20 836 839 358 13 884 537 817 384 36 159 460 461 79 155 81 273 537 536 450 230 995 938 857 342 644 684 531 534 776 375 942 515 685 169 762 790 137 783 292 235 163 613 972 960 766 429 8 577 320 792
97 985 291 305 323 485 129 895 420 365 546 655 213 647 786 710 209 610 531 607 652 511 889 648 717 236 399 169 903 577 515 18 316 46 641 407 868 397 264 621 401 266 337 410 556 385 324 244 898 449 8 303 248 378 348 171 956 672 425 929 863 832 827 130 796 796 468 330 292 238 562 278 854 855 552 72 759 372 141 521 388 530 534 633 651 365 617 309 65 445 270 624 345 415 932 182 439 508 456 664 750 543 198 50 868 644 109 787 308 820 567 135 98 866 55 994 924 85 640 754 144 120 330 794 150 416 738 594 607 929 630 634 846 527 200 302 882 486 84 103 675 73 927 360 701 633 571 212 406 522 66 215 584 8 498 839 678 31 264 21 54 171 994 310 615 952 626 703 679 168 929 914 157 768 307 893 163 522 212 496 50 118 600 829 964 340 695 242 421 366 956 322 551 838 864 747 780 884 953 487 286 84 809 991 811 792 708 868 498 316 753 506 509 10 159 263 668 628 835 698 60 554 197 823 957 719 545 855 47 950 373 81 136 81 534 114 696 525 50 988 393 300 384 771 315 377 423 50 406 302 133 30 52 261 575 903 731 895 447 106 226 994 502 51 831 196 674 919 870 311 344 720 303 59 474 413 721 376 255 25 211 402 360 905 147 85 607 206 499 42 553 729 963 261 138 367 72 980 428 717 59 79 220 813 509 136 808 509 6 158 639 508 625 319 913 429 805 368 935 250 193 638 377 328 572 2 757 756 91 849 437 420 221 883 65 822 128 113 996 521 21 228 246 502 270 909 27 252 473 224 8 856 119 222 111 852 986 833 435 126 891 635 615 855 332 11 165 671 389 408 918 616 691 914 939 853 77 295 932 361 775 989 193 965 295 595 161 668 609 828 883 965 454 157 219 523 386 710 523 214 740 0 695 125 297 708 418 594 231 19 82 983 865 834 868 278 624 11 733 41 809 255 974 146 361 824 936 848 10 551 449 879 9 738 837 537 392 816 12 712 288 15 795 933 500 90 557 371 477 256 4 421 907 46 477 942 621 294 848 380 796 991 290 931 550 96 934 960 169 414 524 924 611 160 418 861 151 625 300 689 845 706 835 190 17 114 309 481 0 270 952 232 819 575 1 173 138 392 12 913
435 525 853 172 929 113 314 143 707 870 870 842 745 654 967 957 34 737 892 166 770 32 156 437 681 653 204 699 474 771 558 295 953 21 335 899 502 585 481 751 684 92 82 716 600 833 63 914 200 630 672 615 36 844 779 964 498 91 983 374 697 618 762 726 860 110 230 335 408 774 82 807 865 403 282 823 215 377 54 315 413 825 744 5 231 199 425 89 678 778 552 254 825 407 50 499 767 540 883 884 1 17 435 96 407 985 128 72 426 375 132 590 922 79 615 265 89 903 215 574 604 686 914 569 53 636 210 401 4 883 515 345 903 978 997 156 104 213 21 98 510 63 402 740 137 994 820 780 240 978 98 978 866 997 837 535 324 612 665 964 156 902 840 938 151 998 972 182 616 160 688 970 382 411 200 851 759 573 843 943 691 551 240 498 933 287 115 890 567 776 976 329 448 691 510 549 307 118 714 282 811 10 283 428 50 895 636 75 338 681 135 710 152 307 480 760 444 471 642 220 224 371 749 360 578 443 446 601 954 968 905 772 259 755 986 771 91 686 389 644 873 428 856 339 903 559 907 25 459 350 723 787 92 780 219 693 201 25 667 120 749 766 343 711 978 934 477 24 568 186 258 655 342 966 438 982 923 836 729 247 423 178 922 283 516 274 484 425 439 26 519 902 907 496 765 909 114 351 216 678 119 850 385 756 167 116 603 258 283 567 984 728 839 13 643 151 786 965 767 885 578 249 155 702 506 680 700 836 868 331 168 419 835 461 503 369 594 807 427 963 808 627 0 882 397 590 699 41 941 409 3 539 256 709 203 136 906 529 940 804 207 792 445 601 830 365 998 982 580 952 501 777 607 433 173 533 928 785 765 474 885 110 332 58 942 68 238 323 262 809 949 799 587 482 507 851 15 932 2 907 683 764 704 574 633 826 841 490 671 599 843 876 338 651 454 212 358 310 827 3 138 247 156 701 795 460 753 662 408 367 674 344 467 778 18 440 680 626 233 840 295 370 653 847 283 821 403 963 991 222 383 391 550 696 42 949 163 702 76 793 628 191 478 477 632 650 266 772 609 87 365 839 343 414 779 906 872 667 613 438 672 884 76 89 686 825 294 938 511 713 363 425 376 829 857 27 540 773 85 633
932 280 643 3 788 58 407 452 653 938 655 429 409 437 752 242 594 268 388 616 954 90 262 788 686 437 872 876 612 709 154 195 3 235 61 764 707 120 595 431 438 721 137 118 119 867 976 297 184 850 292 37 951 655 448 628 466 724 570 686 152 843 926 421 552 257 237 729 296 192 814 867 244 920 719 814 411 450 456 836 685 249 402 841 636 533 515 980 566 776 185 121 750 301 896 38 958 606 1 74 419 697 60 337 501 281 528 187 234 258 453 582 429 954 570 306 97 52 480 503 715 493 59 23 127 483 390 816 874 73 658 588 449 78 1 850 132 505 1 387 130 685 65 732 333 248 153 656 342 487 575 540 338 348 336 100 153 10 2 792 347 86 748 374 836 100 2 936 866 906 471 281 250 218 816 858 83 501 422 17 615 787 625 872 228 380 216 759 885 914 202 506 791 648 682 755 639 450 120 153 991 92 128 277 496 381 513 753 827 727 951 938 37 284 142 463 147 157 990 672 609 730 93 862 406 965 996 246 773 10 482 134 797 418 883 850 501 698 667 557 349 340 720 345 633 518 733 171 156 59 963 33 219 646 978 644 523 116 393 332 20 217 467 83 164 404 485 147 933 823 652 226 512 379 979 327 234 328 408 655 100 32 132 520 462 826 595 559 392 767 986 849 95 82 471 521 730 382 493 910 100 615 52 900 928 50 543 945 863 244 360 376 937 542 259 648 445 3 48 415 567 804 93 878 213 61 512 414 140 129 350 928 791 722 867 761 407 605 110 501 795 977 877 887 66 5 517 84 403 300 368 190 214 172 509 348 429 811 689 441 867 177 104 527 935 593 262 416 958 550 909 214 289 917 453 451 470 90 381 268 127 33 292 982 967 77 668 625 74 25 569 72 244 497 854 341 570 857 368 624 562 485 564 61 615 591 107 500 906 607 549 335 573 685 299 724 495 312 234 490 783 675 15 91 827 32 791 301 160 559 843 459 816 80 863 725 446 358 315 848 191 307 533 112 163 652 195 317 593 805 105 28 307 453 671 621 944 130 678 759 186 245 247 337 701 968 885 398 309 756 442 194 126 474 689 575 221 593 293 852 270 158 857 990 690 616 648 872 518 5 648 250 811 97 770 287 981 810 383 232
21 139 304 350 2 167 747 573 822 323 398 765 405 1 408 918 802 685 20 900 384 230 276 152 101 470 314 169 592 19 996 819 478 374 331 978 612 978 499 422 859 153 445 738 907 539 817 852 924 469 758 360 891 513 272 583 521 404 644 805 971 678 804 912 128 303 842 146 508 538 986 2 514 428 762 4 385 560 265 419 901 694 656 672 206 282 236 254 839 862 52 250 411 750 590 635 594 98 463 599 652 635 388 541 345 224 343 367 59 246 423 547 318 767 396 287 713 802 640 781 218 212 498 266 392 489 161 486 99 120 905 217 215 373 392 870 333 659 405 976 805 754 953 994 431 77 915 621 103 497 493 677 43 583 919 252 498 872 584 837 562 277 542 865 822 924 827 540 484 704 949 250 685 691 576 724 671 792 729 723 247 247 218 532 569 734 370 917 290 536 852 770 579 443 720 97 924 13 289 483 745 634 754 187 578 260 552 28 933 539 729 877 577 722 530 988 145 542 133 841 586 888 538 595 897 57 636 775 83 474 533 955 865 880 426 860 24 744 503 523 972 488 678 948 530 497 617 599 987 118 421 157 31 185 965 309 908 561 680 768 683 668 744 770 439 741 405 401 403 106 839 751 385 856 974 348 562 924 372 529 38 76 217 399 877 303 876 451 592 633 709 660 84 118 619 370 365 183 773 667 114 255 905 321 453 653 160 497 613 299 350 845 493 298 322 882 754 358 608 121 614 966 656 86 9 544 983 448 56 47 223 705 546 227 325 550 72 839 600 512 918 817 16 683 492 955 419 435 310 452 585 322 944 362 809 432 602 781 499 341 997 479 93 643 452 614 872 506 386 278 871 515 754 399 381 163 7 884 852 538 360 491 371 947 107 930 611 978 809 274 963 234 47 852 578 748 570 835 922 204 207 433 630 164 436 628 683 821 843 82 418 562 86 634 666 778 243 883 214 528 603 500 56 643 674 579 446 612 743 509 330 377 130 253 398 813 627 753 9 156 128 631 516 933 766 240 659 266 460 292 97 48 597 269 578 138 6 735 857 844 562 229 18 925 94 11 818 998 355 914 783 200 256 137 239 377 109 991 268 304 988 468 820 119 114 322 548 631 304 157 258 465 797 453 594 291 723 256 483 56
306 597 914 385 957 742 643 277 694 128 117 536 232 278 873 838 809 687 129 174 856 481 518 510 641 153 496 51 916 566 796 263 154 9 20 562 459 641 766 512 13 8 895 34 107 501 265 980 920 629 445 676 324 718 390 928 895 416 985 158 444 247 857 87 859 423 447 807 721 488 686 311 950 187 561 753 892 624 99 811 975 603 971 121 415 780 947 929 353 587 423 947 917 152 960 331 985 928 363 363 82 530 877 527 567 909 595 829 191 895 8 86 437 110 732 592 596 298 60 192 966 500 63 367 100 157 673 747 502 283 512 933 894 947 238 345 600 86 798 576 226 780 921 485 632 972 176 350 220 150 560 19 912 275 745 78 891 39 859 680 660 989 800 484 524 765 784 160 525 277 956 9 887 150 711 664 405 744 103 304 151 558 313 846 489 416 114 210 165 466 245 670 593 394 433 549 149 494 157 348 584 885 441 614 209 935 862 853 313 812 171 366 863 912 753 411 623 736 552 252 792 278 394 457 892 943 206 935 310 583 198 505 613 936 915 936 736 301 880 805 624 33 545 734 427 749 464 590 696 935 177 553 663 34 625 738 987 959 905 458 730 952 736 974 636 895 584 588 705 445 826 51 698 133 382 790 842 543 527 318 987 734 770 74 709 914 674 678 681 173 846 2 298 651 250 4 580 356 526 370 745 391 64 650 711 90 490 579 920 973 824 282 828 114 544 666 125 32 801 964 259 612 707 120 805 442 888 590 530 828 36 406 536 780 547 345 634 765 691 876 520 718 935 139 860 422 120 958 811 717 142 370 758 222 791 781 5 616 887 990 552 595 511 24 120 146 654 952 385 850 27 232 341 473 722 70 22 261 231 669 402 192 935 434 61 757 242 116 574 679 961 223 939 194 767 501 519 677 103 518 660 337 778 873 714 927 509 376 401 521 132 870 830 9 938 854 456 847 483 758 503 858 519 458 469 43 107 453 221 57 602 431 530 666 567 746 637 948 294 905 656 227 317 159 942 385 924 952 93 721 518 853 118 738 347 346 768 707 544 340 646 714 42 762 135 621 625 826 346 354 942 511 663 284 597 282 351 761 811 156 862 813 830 138 668 136 162 803 570 128 472 621 248 450 906 110 810 692 411 239
10 838 855 846 187 109 668 245 406 420 90 404 306 339 193 349 503 184 830 755 949 546 307 434 718 798 106 998 491 65 359 630 500 661 996 689 798 632 323 621 565 616 478 106 883 967 390 13 185 145 89 150 234 570 672 16 905 620 743 439 37 371 394 876 862 166 479 678 795 702 967 930 823 849 601 518 699 88 346 406 357 177 26 99 535 305 609 8 230 527 109 160 89 712 536 505 958 804 506 286 819 388 900 396 104 786 585 998 601 168 604 777 154 623 134 971 696 985 924 716 501 259 534 515 191 585 322 192 695 719 731 940 30 9 16 618 900 12 88 988 775 148 931 390 552 382 507 159 428 102 236 833 235 370 742 447 962 955 827 863 707 314 82 199 179 223 873 263 485 62 631 355 948 791 626 678 559 216 680 155 475 305 429 734 608 90 780 35 569 991 663 162 331 324 540 755 780 750 332 268 857 288 284 918 297 738 504 658 620 957 711 376 466 397 727 58 645 397 368 663 285 502 807 777 195 709 141 529 558 279 121 302 592 888 656 873 155 918 368 182 129 109 964 968 106 731 543 920 729 807 279 363 742 166 1 878 469 294 46 495 51 791 623 205 741 675 763 651 553 502 774 542 42 398 307 908 727 898 987 378 795 826 149 694 629 281 368 549 38 239 450 526 735 270 394 553 859 333 382 737 865 225 915 405 510 838 934 217 559 103 815 792 555 652 634 455 650 595 607 805 335 599 375 331 330 632 954 766 661 267 689 722 706 346 174 279 435 425 489 953 762 452 378 74 934 698 633 301 836 714 26 269 260 679 814 35 384 454 992 896 42 260 630 704 796 707 34 679 507 141 259 266 888 306 712 747 946 456 811 441 484 737 860 790 925 641 460 184 973 651 426 781 475 954 106 575 933 767 624 603 358 386 50 290 948 118 445 368 562 346 33 320 257 100 516 644 856 499 816 581 842 137 829 839 96 46 68 862 72 182 547 996 303 797 12 114 718 243 526 818 526 882 158 235 606 58 941 370 285 938 217 876 888 618 833 815 479 607 39 111 350 337 643 83 71 443 64 345 194 562 915 527 970 350 94 597 196 503 760 425 36 363 327 458 923 434 487 38 892 592 229 233 790 935 472 333 645 470 985 572
148 85 870 11 779 728 364 217 761 919 107 515 334 431 309 246 919 699 909 549 695 805 569 278 348 803 982 514 184 920 23 616 831 249 392 419 749 200 52 924 111 725 692 746 105 936 62 645 554 92 541 603 579 847 578 241 280 894 389 671 234 686 944 953 68 155 869 262 916 783 109 901 289 952 15 705 181 737 352 816 425 636 489 824 470 77 941 548 623 726 779 108 112 444 586 572 983 663 384 970 891 223 661 940 210 268 760 660 607 440 613 759 451 226 329 39 915 282 277 236 417 733 175 828 442 578 729 819 176 832 697 693 837 991 943 326 978 250 720 475 727 251 240 600 25 759 163 856 683 0 3 741 60 711 496 771 684 836 744 13 684 232 814 597 79 203 531 422 983 480 649 624 199 609 760 882 836 492 96 444 307 916 998 381 692 813 993 468 521 104 236 175 139 711 431 940 564 541 78 812 479 692 988 506 522 63 255 334 948 556 154 147 952 455 291 165 937 480 343 642 289 304 883 159 68 521 636 79 76 388 914 171 444 225 690 591 349 360 893 572 897 54 57 561 230 270 352 449 723 437 534 457 957 231 682 886 836 507 452 265 123 672 554 330 37 288 685 253 726 567 517 37 479 861 554 367 333 221 556 884 532 721 807 552 152 679 189 517 134 185 984 357 542 289 144 658 465 881 710 126 20 754 533 343 214 357 299 671 260 344 57 717 839 849 721 728 436 937 871 230 714 112 371 796 258 256 137 415 192 335 31 813 927 419 392 44 633 539 92 888 941 318 176 676 552 403 304 739 77 652 973 246 619 413 71 21 786 932 8 262 448 167 381 548 87 151 633 190 865 571 77 668 232 445 243 331 918 496 964 880 51 729 926 172 110 459 727 269 281 113 317 952 389 255 74 182 895 484 874 266 553 126 187 659 164 868 725 759 98 455 924 429 467 897 156 946 717 811 701 67 826 276 550 748 518 294 288 653 217 170 74 926 257 643 684 587 972 90 98 526 591 457 553 238 262 809 758 591 542 673 583 423 73 406 262 336 501 733 426 208 383 413 943 0 416 256 513 540 263 87 159 2 877 973 67 418 475 701 578 642 809 863 305 770 792 846 996 322 274 718 196 335 985 615 753 482 703 120 674 928
931 972 923 253 861 690 516 250 738 331 884 934 378 475 607 206 740 320 415 273 541 713 60 237 853 440 883 365 327 933 82 697 680 748 625 810 840 182 290 181 430 507 386 857 100 325 65 586 800 608 743 333 312 859 683 873 921 341 271 530 648 38 948 779 186 241 105 78 851 463 506 956 425 21 460 39 721 907 530 136 294 755 800 463 723 801 289 757 70 836 777 489 143 55 968 830 587 19 581 533 871 472 102 69 17 245 590 467 514 733 499 32 742 903 634 292 742 669 401 769 113 946 33 140 572 552 734 232 341 935 724 80 661 706 740 145 846 361 437 189 406 461 361 383 297 625 250 551 248 662 24 201 767 812 411 73 407 617 934 84 193 491 215 464 733 289 121 188 147 338 980 605 662 325 931 170 289 590 850 921 741 676 735 515 231 542 594 16 834 852 738 105 659 333 738 557 385 872 250 363 190 290 300 613 901 536 340 491 967 52 817 944 400 557 345 63 333 207 714 227 19 83 446 859 734 361 587 76 108 236 644 611 3 318 633 141 807 750 673 974 201 448 668 418 566 671 409 166 994 479 522 270 352 800 877 808 421 229 547 217 316 396 215 640 150 684 51 620 103 856 121 906 983 295 175 964 190 3 449 964 957 477 486 684 925 902 103 90 126 344 386 652 650 932 918 387 413 205 964 740 774 674 205 173 658 819 880 923 697 575 319 864 915 359 757 628 189 434 386 927 448 821 599 85 423 446 922 281 290 543 543 119 238 937 578 421 427 793 712 337 642 213 189 771 724 565 295 65 493 765 255 767 404 765 507 336 294 418 398 201 113 859 985 233 209 382 165 597 868 21 790 926 260 330 786 693 716 949 950 779 446 768 469 929 426 770 822 177 922 479 448 786 883 320 247 840 634 153 237 252 855 427 909 526 447 66 971 423 758 891 970 590 233 577 899 340 59 976 239 271 492 167 531 462 6 908 363 525 829 121 965 146 910 231 594 907 137 327 531 988 715 105 986 66 447 869 910 480 317 554 142 925 536 996 461 815 836 72 79 226 964 540 290 806 426 929 927 371 21 387 656 53 34 859 163 54 393 86 560 127 744 995 214 936 106 51 864 265 983 795 424 8 416 54 773 122 751 99 353 975
477 107 839 932 15 64 187 842 830 10 687 686 779 740 694 745 95 351 544 175 431 541 201 280 433 487 531 988 491 700 386 234 267 712 565 363 287 272 384 857 306 525 223 420 909 277 333 877 499 442 235 340 12 617 810 451 1 337 594 333 800 610 671 161 287 287 567 746 246 358 620 388 934 380 597 332 824 438 500 543 112 41 641 115 265 191 57 562 740 544 378 395 441 943 598 987 826 703 573 956 297 899 427 475 680 371 519 137 415 211 513 787 674 559 526 838 652 167 388 261 788 926 337 982 308 767 293 232 611 290 601 210 725 646 402 951 951 831 780 349 227 185 183 278 693 138 55 714 252 438 437 673 327 589 965 804 406 485 178 185 781 538 182 294 923 742 790 171 354 794 465 680 48 510 15 306 989 541 249 82 901 831 417 366 260 170 258 867 839 758 847 746 920 308 136 527 971 985 774 427 299 383 985 859 465 686 37 924 433 316 58 740 677 249 520 275 404 444 748 618 507 0 836 154 974 277 622 382 122 881 434 369 499 161 821 408 522 235 942 25 521 543 403 994 432 868 104 880 480 423 805 39 396 968 685 424 966 54 535 244 614 312 774 31 266 700 278 478 355 827 953 555 245 203 783 185 853 151 354 319 804 951 199 778 261 52 384 133 781 438 812 896 197 305 598 258 573 722 719 94 517 162 0 939 264 548 593 953 463 220 651 795 395 231 177 73 599 231 602 158 96 371 726 399 114 203 317 574 581 285 54 915 685 717 968 227 703 235 0 482 24 722 98 860 541 368 899 629 883 921 941 719 242 251 998 143 29 842 675 588 551 513 255 444 687 547 343 633 563 682 366 30 485 835 297 909 462 194 688 947 229 975 676 897 408 499 529 9 299 890 784 6 684 125 989 712 731 888 475 349 46 538 751 282 448 769 709 142 596 304 666 483 825 111 562 372 128 714 265 35 19 367 776 959 562 404 150 493 979 623 622 238 845 122 346 579 350 747 862 736 406 442 140 734 112 307 385 276 159 839 372 47 349 125 46 545 34 358 427 157 645 853 539 924 61 938 773 124 53 971 276 819 267 30 306 587 402 900 189 143 949 939 637 201 639 96 493 277 387 582 841 813 8 361 774 757 75 856 506 552
124 366 644 824 304 454 398 18 586 706 958 624 49 331 302 232 480 744 712 724 663 367 606 5 4 547 9 695 379 553 163 232 470 70 140 211 637 908 512 323 726 983 913 333 417 981 573 889 583 577 596 826 692 309 71 127 300 176 908 385 324 684 234 479 610 820 61 822 554 293 760 28 681 934 415 304 460 85 36 914 254 391 873 241 193 215 538 482 476 668 280 13 826 189 747 986 876 864 888 780 620 397 596 220 354 551 419 836 102 326 619 808 473 612 265 751 133 322 366 377 148 982 216 672 155 638 634 111 323 123 77 395 239 207 388 652 612 850 666 542 308 330 70 750 557 123 987 470 271 563 728 14 226 862 198 964 330 134 896 336 999 578 23 615 383 177 542 738 977 404 80 191 465 660 593 972 732 725 721 225 985 94 130 28 310 854 219 662 325 794 812 419 921 109 700 41 48 134 906 89 749 208 316 323 69 181 172 481 892 690 359 445 875 609 969 210 593 854 554 335 999 298 761 786 495 197 328 880 886 984 63 339 74 269 2 472 412 834 299 636 949 638 408 169 9 336 976 107 657 964 278 211 995 664 312 19 315 116 657 358 357 32 600 282 511 23 503 357 481 939 86 449 505 531 401 11 462 388 896 571 631 204 227 485 451 649 610 303 227 112 235 287 169 769 641 480 752 306 884 510 157 851 265 902 465 162 814 883 383 141 768 769 277 650 111 938 383 813 626 817 822 536 468 638 712 537 382 345 112 287 126 918 311 945 829 411 455 728 641 927 621 707 165 642 146 950 673 881 578 39 744 870 365 266 373 500 639 55 569 547 513 805 979 481 548 853 341 825 391 386 586 558 164 198 916 671 305 925 86 471 417 260 344 245 659 384 511 807 326 343 294 264 393 760 57 177 260 684 883 847 793 685 273 307 627 2 395 504 701 260 672 772 988 120 782 336 573 165 338 662 376 939 663 396 956 792 774 948 791 744 459 181 40 879 767 112 637 781 932 654 926 784 226 814 442 73 64 429 958 225 897 328 165 622 917 464 772 271 360 318 715 531 25 765 803 437 269 639 690 856 398 48 528 519 905 697 693 841 885 677 254 781 443 390 687 672 412 696 180 264 996 9 763 286 701 266 983 526 507 564
666 673 762 755 568 623 48 916 452 91 300 380 30 433 774 172 156 988 565 874 353 986 190 173 64 493 658 470 200 980 60 835 782 984 233 893 828 345 44 514 670 173 74 401 573 180 195 425 767 603 504 795 110 413 885 545 732 890 864 166 585 290 85 343 948 705 55 563 725 759 917 808 883 349 917 796 387 183 544 70 403 827 473 634 716 21 444 85 75 303 703 16 480 5 259 532 886 850 626 947 809 459 255 397 405 555 927 354 313 100 475 193 475 953 360 967 619 300 30 178 808 256 887 898 926 553 963 446 85 179 577 910 547 840 859 632 428 875 142 889 518 106 472 655 597 272 981 290 853 707 192 952 632 8 399 27 303 581 140 875 9 845 352 539 649 143 852 810 578 732 465 523 252 778 557 619 673 641 457 888 58 167 909 595 956 861 592 683 221 309 496 75 238 255 585 738 235 506 595 85 233 983 460 155 534 938 264 115 8 845 376 89 408 604 334 647 16 274 888 189 267 858 802 801 156 31 66 832 953 48 956 164 48 124 97 497 741 162 126 864 834 842 523 906 303 108 875 882 896 643 299 288 916 906 584 149 485 149 409 919 693 278 966 869 145 82 492 423 247 366 557 900 125 329 402 997 49 835 507 307 805 262 552 908 168 108 358 538 969 933 459 333 465 155 504 576 573 954 85 742 769 946 270 616 29 603 143 169 957 609 789 924 824 342 500 37 189 504 305 954 1 677 275 373 795 233 518 319 209 192 691 208 743 672 928 127 834 397 79 396 436 981 737 588 603 246 888 962 815 905 851 538 853 227 153 473 214 847 538 929 779 994 148 59 170 296 513 851 770 447 184 861 60 365 898 988 369 615 779 409 696 883 741 825 767 222 962 203 71 981 545 862 266 340 31 286 935 714 703 128 557 67 250 725 445 966 34 486 159 173 331 47 485 838 347 982 766 679 989 375 101 305 957 148 210 691 699 168 643 698 349 892 918 873 915 514 33 283 476 162 92 247 846 452 822 667 706 847 692 83 956 448 463 692 461 280 82 546 112 588 45 267 822 751 596 220 547 494 627 210 308 453 279 97 589 378 887 16 476 799 998 373 545 47 619 275 496 792 748 165 581 699 137 791 114 924 41 332 549 107
880 976 880 58 262 454 570 596 924 509 283 649 573 105 75 439 198 90 110 961 646 593 717 420 976 148 434 503 127 45 482 530 728 560 35 281 624 705 783 904 688 296 613 980 82 777 560 324 316 350 523 201 430 137 641 841 359 352 444 499 891 130 194 482 169 587 617 655 615 255 105 890 452 277 766 327 892 652 437 249 40 338 378 301 805 544 47 199 651 224 790 569 923 321 993 584 186 964 265 31 276 534 97 587 647 833 548 620 481 430 817 624 982 353 330 493 373 849 706 856 846 1 307 733 613 533 191 532 42 716 916 582 525 694 239 439 686 590 426 474 403 779 430 538 569 321 155 153 264 420 652 152 677 473 337 18 938 368 8 593 221 62 316 909 483 483 280 721 265 925 823 129 7 860 317 633 43 603 127 117 85 954 734 37 474 234 466 993 821 663 936 808 463 775 385 624 498 108 858 512 938 285 215 861 972 935 669 636 777 744 59 579 851 14 171 472 194 67 232 869 128 79 126 658 193 747 261 767 104 741 401 986 560 702 881 72 938 880 823 55 249 628 658 506 377 655 803 803 986 414 948 758 745 249 83 630 948 520 99 959 620 530 733 290 104 934 38 267 675 254 232 81 684 416 903 653 156 689 983 21 533 879 141 204 228 973 763 343 835 309 937 112 841 239 699 171 779 924 993 181 764 908 512 348 761 696 79 99 333 194 948 894 867 739 538 785 138 120 577 960 733 382 252 246 342 135 888 468 761 3 220 529 330 439 516 140 206 273 426 724 510 586 300 791 645 431 141 728 712 557 28 751 830 383 345 498 282 202 689 878 444 203 311 643 425 913 809 698 71 430 589 685 42 815 110 359 280 532 64 838 944 560 936 911 411 99 273 688 994 521 609 576 484 42 408 378 198 83 224 870 543 769 921 986 287 440 539 540 920 248 39 601 248 9 620 768 825 239 83 108 447 193 319 841 681 922 203 854 186 7 662 933 443 122 124 759 855 230 194 506 74 728 449 676 169 183 898 778 188 695 710 867 534 901 283 210 415 23 242 394 977 606 123 18 591 275 670 53 14 744 177 389 699 642 203 880 894 787 881 338 60 436 969 241 681 952 714 710 262 505 393 368 576 796 912 749 336 471 466 891
160 382 631 292 688 27 742 606 492 221 614 857 535 333 482 717 662 567 62 379 89 652 473 421 174 473 11 247 6 390 530 736 290 226 476 126 602 330 138 921 605 936 398 940 92 948 293 288 952 536 835 442 828 191 529 318 549 778 952 230 410 201 962 624 783 933 829 409 599 25 341 892 443 288 122 233 930 156 924 90 725 973 55 132 327 446 621 870 121 748 734 502 426 854 377 811 274 712 443 869 432 772 481 178 289 452 349 523 605 564 860 121 610 149 513 616 884 677 484 395 668 257 209 379 366 997 285 317 330 334 397 377 309 639 223 848 307 939 993 103 524 238 702 732 111 750 194 415 924 37 769 868 580 270 21 814 718 139 57 523 838 205 100 320 748 218 990 406 75 569 728 297 44 432 509 533 908 293 391 691 325 275 573 541 742 581 343 963 720 39 546 519 470 931 528 693 326 795 876 760 399 412 747 262 953 714 750 806 789 270 322 463 786 764 413 75 75 445 665 392 946 171 284 569 952 217 677 697 169 55 109 972 420 586 303 753 154 472 490 661 942 993 119 991 241 767 521 599 487 329 152 692 761 868 462 701 95 256 515 749 18 335 659 364 565 965 739 394 384 432 612 385 355 162 179 824 383 199 740 573 253 594 223 293 225 445 651 607 5 808 519 653 316 279 327 805 17 384 906 406 647 514 797 699 41 299 27 614 410 912 295 488 355 620 398 406 651 446 444 450 934 967 502 76 341 202 810 314 442 956 960 5 909 902 336 816 195 564 866 786 153 894 765 744 784 724 192 645 202 992 138 700 690 263 533 659 890 636 123 882 62 772 292 35 444 361 61 893 803 54 130 730 243 588 916 44 501 820 787 718 741 851 61 253 861 860 569 468 578 817 562 634 88 692 164 969 986 170 921 922 627 334 926 673 102 821 956 725 310 777 480 925 256 264 565 454 242 245 750 433 997 752 373 652 350 218 461 97 258 737 152 260 441 110 121 868 546 894 405 710 216 169 558 301 797 837 669 801 780 783 378 432 0 684 658 830 750 719 728 654 135 62 545 516 966 736 495 142 537 681 670 361 736 325 716 713 621 139 443 112 199 410 21 413 603 230 620 595 828 232 217 401 111 198 650 778 426 353 283 668
213 364 838 643 710 783 784 974 184 822 304 164 516 179 967 266 552 970 444 133 211 930 707 835 16 231 481 495 188 14 975 573 846 313 431 432 797 55 373 979 857 841 971 237 147 872 291 616 941 320 301 247 512 524 855 213 419 870 160 302 255 851 34 738 277 794 317 737 622 992 461 679 652 254 218 888 718 45 193 373 844 559 360 789 357 724 141 597 266 997 931 262 587 748 513 144 129 413 872 36 117 673 49 669 788 613 129 878 279 491 143 465 679 435 656 334 477 966 831 136 963 239 713 467 809 906 251 414 872 330 247 91 499 733 136 755 618 935 316 359 767 292 12 728 868 465 268 55 910 162 929 320 508 31 817 747 922 557 766 192 919 678 933 21 300 880 328 729 936 457 96 974 852 353 462 718 843 942 627 875 900 670 64 996 690 764 462 780 300 673 98 856 312 962 976 230 839 329 436 780 298 109 187 616 55 581 698 921 345 425 171 874 203 527 10 840 85 311 21 436 160 218 525 234 654 717 393 364 850 264 687 126 360 135 954 931 689 890 309 163 798 624 581 900 397 959 461 102 514 987 284 657 483 572 924 140 762 599 624 829 691 826 618 613 755 776 957 765 854 151 864 934 758 633 602 61 754 947 467 179 911 439 849 92 315 116 85 333 787 106 709 990 371 237 257 587 819 887 222 358 448 581 976 652 779 819 202 975 737 42 798 458 253 854 643 522 766 193 451 140 459 91 11 777 147 610 429 964 709 643 895 429 38 502 216 592 344 357 988 393 255 676 489 978 1 633 729 147 360 827 770 495 928 240 465 967 598 933 315 647 817 85 795 179 325 63 174 20 724 473 255 2 994 757 353 600 202 711 372 437 80 67 626 361 542 84 308 637 358 608 879 94 77 972 867 44 166 556 434 5 119 849 911 844 468 586 856 476 912 92 380 470 414 693 745 292 11 22 436 703 121 679 976 454 397 381 507 86 173 334 853 765 722 564 446 318 996 180 125 78 963 142 727 112 570 113 58 62 556 793 41 19 137 309 403 884 247 484 32 786 72 701 675 105 76 733 91 263 969 157 367 995 515 303 76 55 579 888 8 292 333 858 562 49 642 981 193 656 84 122 162 556 771 970 516 716 861 840 325 748
194 461 942 133 512 480 815 961 640 750 325 586 222 761 425 603 161 291 773 988 107 735 190 410 323 300 904 775 977 533 645 721 652 362 922 812 89 509 40 931 338 187 374 268 909 346 444 740 184 519 938 895 682 305 199 331 976 255 184 522 882 353 14 153 939 217 635 939 200 524 780 306 157 936 873 796 579 287 8 362 502 6 728 766 615 22 403 185 209 376 508 471 870 642 515 469 832 928 601 791 879 433 759 864 998 863 224 934 287 597 179 544 597 953 711 166 149 420 611 391 918 611 653 858 20 560 776 961 224 528 764 327 94 316 35 368 643 196 751 682 357 848 355 194 925 146 560 489 953 777 809 484 918 981 465 398 526 839 247 963 163 649 686 348 439 74 625 837 987 573 258 407 237 679 837 479 976 409 186 789 522 939 532 366 415 419 369 465 52 391 627 942 452 818 665 328 445 587 696 845 521 458 390 562 437 438 710 839 624 880 847 746 663 282 53 396 23 450 581 231 953 472 792 19 779 294 227 594 245 185 408 907 691 267 331 110 803 30 525 263 965 685 262 588 707 859 596 128 610 909 560 273 955 942 788 930 23 194 835 49 715 145 108 29 253 524 229 568 361 516 269 613 152 213 984 685 933 358 189 666 878 403 113 893 288 472 732 625 443 667 344 993 267 385 184 506 368 19 440 147 422 706 632 681 292 594 522 17 938 170 128 716 873 304 668 776 140 212 861 0 223 394 765 98 109 36 185 13 587 898 884 909 493 499 871 413 610 293 215 695 622 836 950 190 921 859 823 640 661 252 451 113 550 115 939 339 325 240 632 456 352 654 119 227 540 453 675 77 94 207 383 192 206 93 545 915 532 989 763 880 727 182 470 791 488 957 978 147 978 294 560 866 197 705 852 302 160 821 879 194 720 8 371 910 784 850 65 995 42 306 858 866 194 250 487 878 854 134 537 505 323 714 427 187 617 777 267 422 775 811 371 521 829 150 750 307 766 805 517 524 265 734 824 412 358 76 685 467 293 490 227 525 334 149 543 109 428 818 49 836 974 895 597 131 293 108 321 739 552 372 521 912 28 334 438 551 472 505 202 569 952 348 725 583 465 381 224 120 718 181 797 556 692 331 831 247 612 402 417 434
839 169 557 887 19 901 265 637 410 570 800 568 80 397 311 749 436 723 812 983 382 608 792 106 265 334 469 73 924 954 619 83 908 367 217 684 550 627 779 105 170 131 625 994 522 503 45 524 713 34 430 389 373 760 625 783 544 557 356 377 584 737 538 638 857 244 862 696 943 764 994 484 950 412 567 57 984 408 199 168 571 76 818 664 953 197 744 242 601 540 998 625 615 833 224 35 778 381 237 494 449 573 407 638 643 509 652 264 864 142 814 296 786 385 85 453 388 967 441 453 692 327 910 924 201 624 863 501 295 312 237 318 69 309 237 226 753 689 749 80 573 358 227 436 200 977 30 16 259 350 101 305 663 347 109 527 944 729 704 607 475 591 167 393 807 669 139 683 629 588 527 892 214 392 776 991 391 807 142 458 776 498 121 872 128 315 602 138 146 944 293 993 462 840 269 22 116 42 641 946 793 550 625 805 941 603 918 558 927 256 223 130 930 334 100 823 957 706 779 446 314 978 500 785 318 266 412 952 401 240 560 233 931 157 739 724 227 305 602 24 854 62 780 940 483 971 135 704 434 703 320 917 555 811 54 115 135 905 412 225 134 760 673 564 57 687 424 873 107 344 545 267 459 920 61 889 989 472 585 876 523 900 805 941 622 779 164 136 195 397 910 445 923 592 428 1 176 916 8 860 558 391 348 91 494 290 477 874 290 171 249 293 681 857 782 905 830 411 327 972 571 949 622 932 851 614 493 807 787 563 964 503 670 59 779 307 118 518 398 936 871 533 342 809 168 677 414 598 470 478 737 532 330 29 328 129 342 459 369 714 234 64 770 772 641 791 392 133 248 187 758 728 977 637 772 292 554 393 559 223 769 14 875 496 949 415 546 552 455 982 308 910 41 836 823 250 980 980 53 638 608 731 38 18 364 197 290 400 290 932 702 34 446 701 760 97 797 795 457 585 489 463 879 189 466 875 469 741 942 349 27 399 526 85 740 452 81 718 567 15 37 108 682 690 144 123 193 8 359 269 240 135 224 302 526 559 740 853 674 976 972 702 958 47 543 943 674 999 487 685 564 761 730 841 502 461 785 541 139 330 47 909 981 368 633 267 264 156 755 7 447 974 218 749 862 446 203 336 742 581
632 814 962 291 311 35 6 787 661 180 295 51 345 260 460 448 422 875 269 87 128 583 569 471 941 494 729 790 625 780 929 819 779 604 917 438 475 445 335 64 114 559 428 499 714 824 499 367 886 898 256 69 435 890 219 180 348 676 318 147 289 45 363 866 81 59 756 200 877 460 229 771 635 965 725 599 650 242 285 392 585 423 462 508 855 336 298 260 998 10 319 489 889 547 161 922 488 638 896 394 735 790 835 402 297 166 154 259 547 234 794 897 973 583 804 870 737 690 652 287 232 158 400 774 882 199 442 199 493 754 158 431 786 986 246 276 66 745 307 849 441 380 215 866 306 740 226 824 553 494 345 43 443 777 538 552 317 939 166 551 499 702 30 380 669 722 201 886 852 317 80 493 563 515 742 512 538 613 424 314 946 469 633 651 409 703 557 80 851 615 748 114 376 34 214 295 836 810 395 352 122 473 600 771 329 487 98 359 771 696 192 146 35 761 931 110 575 570 923 227 809 638 310 523 534 379 444 922 153 259 273 914 814 477 784 728 222 106 891 532 891 988 175 298 506 568 214 410 541 922 789 414 373 218 290 387 316 148 22 727 896 631 115 518 952 36 926 523 313 464 856 960 257 774 678 156 657 219 219 333 137 233 361 458 360 533 775 150 423 185 194 290 888 793 476 632 60 490 177 907 229 946 33 612 368 570 833 777 579 349 108 648 482 944 755 14 971 294 381 391 255 777 527 586 529 550 543 375 202 679 260 756 338 378 523 657 434 726 1 814 503 991 141 659 824 43 503 25 626 669 320 648 383 651 955 420 188 945 8 798 612 402 165 809 725 886 357 827 753 754 799 77 68 941 214 474 411 786 202 116 661 523 958 903 600 984 601 757 663 85 700 127 34 186 107 827 85 549 729 878 722 384 824 830 253 201 341 714 929 97 167 277 506 495 811 88 894 386 76 124 11 294 212 205 855 356 996 757 8 777 860 887 186 25 329 628 193 99 53 107 594 789 425 999 475 863 919 359 633 792 18 440 254 845 724 198 970 366 37 598 540 85 2 626 652 114 856 81 426 6 438 747 177 878 581 988 56 218 324 868 984 769 332 500 598 758 617 688 913 357 577 235 413 888 407 34 449 793 570 940
663 773 17 688 2 474 618 373 270 883 339 638 287 516 394 148 402 355 50 647 144 126 999 341 798 820 191 661 294 971 905 919 236 797 564 925 833 576 104 956 743 643 553 668 823 638 538 940 564 875 982 923 896 25 935 540 582 758 818 577 735 457 430 319 206 673 255 882 116 572 667 501 450 871 327 302 58 935 489 116 833 212 618 546 852 958 993 607 511 560 582 322 305 949 308 761 386 563 83 521 460 156 107 69 767 942 27 407 278 212 950 703 558 638 577 858 378 523 353 747 219 276 779 828 891 886 192 223 397 743 226 739 717 668 3 784 390 521 512 750 188 621 258 385 149 121 97 752 806 536 860 558 136 93 565 509 731 184 338 807 859 323 262 797 769 787 160 428 326 971 77 279 124 349 462 435 357 369 136 461 810 830 135 185 993 206 509 848 157 497 456 798 783 256 277 955 757 55 934 130 309 572 133 348 27 652 62 2 27 0 84 412 243 837 6 286 184 459 890 283 187 432 767 443 726 436 982 709 98 312 383 229 987 454 878 544 474 214 672 275 942 837 100 683 284 738 433 764 26 347 705 767 819 430 474 232 638 518 501 61 707 390 259 450 377 963 380 973 294 816 447 608 362 469 107 723 872 129 889 906 965 169 772 791 796 724 881 833 286 579 67 374 129 958 239 829 331 768 682 351 741 556 748 797 809 44 765 956 309 370 647 755 325 348 739 408 914 834 946 307 350 616 0 592 454 334 758 747 97 367 662 479 686 651 371 781 752 254 283 388 737 119 305 149 663 613 887 472 592 133 557 59 833 678 943 886 447 760 617 846 199 186 60 901 156 148 263 751 492 269 951 877 240 46 331 618 913 440 930 767 994 68 754 52 355 179 989 231 855 405 731 825 288 40 552 832 972 0 29 565 579 278 712 774 797 552 519 11 518 516 437 3 7 383 103 297 912 544 171 470 120 497 598 302 696 865 110 21 600 341 269 506 154 335 926 53 326 292 123 345 985 212 782 970 839 708 173 249 859 715 52 344 515 466 381 67 868 36 514 555 494 768 794 830 495 388 631 419 256 665 957 825 869 915 917 875 979 341 16 895 568 356 864 428 913 773 941 741 913 777 189 848 326 624 476 570 983 457 229 588
23 715 886 462 754 311 665 535 384 622 790 313 292 298 640 540 345 99 847 397 270 144 481 457 594 438 709 967 389 960 879 2 484 333 809 39 833 62 20 262 537 607 42 14 933 202 998 39 996 110 365 187 703 805 484 341 290 408 732 683 290 768 750 306 138 956 411 757 86 472 414 976 151 49 47 892 231 413 559 887 784 734 357 991 955 210 154 334 78 434 249 144 904 701 563 629 154 231 388 187 297 532 773 783 301 941 697 839 388 251 902 195 939 354 198 796 663 887 238 331 230 776 86 560 491 82 981 945 63 367 125 33 488 353 161 486 711 142 910 305 285 896 228 481 692 94 405 164 865 155 41 990 471 921 928 471 982 460 393 710 740 68 825 680 231 994 808 830 231 324 794 560 629 620 744 720 341 330 123 319 157 169 732 209 402 474 76 911 941 300 214 917 66 269 867 10 579 676 453 907 164 499 44 361 868 143 93 371 387 396 258 277 209 999 803 50 629 835 850 212 550 727 115 997 103 408 651 73 472 444 981 599 969 20 77 474 85 669 826 730 129 510 342 561 509 488 977 426 107 803 324 56 91 529 824 311 159 716 375 642 514 551 670 602 95 59 565 698 38 569 688 244 429 406 660 822 207 142 127 253 733 928 106 654 574 863 139 886 540 895 129 982 137 439 554 42 635 298 583 416 715 589 159 202 449 145 111 611 822 390 97 987 684 8 688 400 617 901 12 35 84 568 875 142 394 386 785 246 157 221 782 492 833 270 597 118 785 94 63 222 138 807 742 391 529 965 271 577 650 269 107 47 481 786 224 745 889 27 240 32 203 443 577 877 458 529 74 12 148 247 609 52 427 35 532 701 957 919 334 591 313 241 599 922 875 678 756 263 674 173 773 83 897 200 759 697 604 489 767 748 112 843 157 945 270 743 590 925 878 7 858 913 539 940 421 527 908 51 922 59 380 562 160 472 425 823 786 200 13 925 89 469 896 567 888 131 534 369 13 38 198 558 573 771 95 809 686 380 753 1 365 282 406 942 243 721 473 133 866 980 71 223 339 206 453 707 962 433 639 749 870 635 815 941 174 918 467 266 788 565 917 620 11 260 205 19 307 259 42 461 750 129 399 885 43 422 208 682 22 90
686 466 380 696 778 794 910 869 581 697 605 619 210 888 795 154 560 751 394 869 134 716 40 914 501 704 799 954 528 447 713 978 117 753 738 214 479 425 654 933 118 591 411 482 561 33 293 602 642 305 610 368 887 598 812 516 652 814 483 201 113 733 16 352 956 191 678 340 546 551 305 126 393 556 634 290 238 80 370 895 519 351 989 704 887 541 896 448 640 875 443 688 795 351 471 558 283 774 649 736 967 607 162 158 827 822 394 804 545 984 590 803 971 559 230 318 839 941 818 825 425 154 107 961 647 640 851 17 700 4 320 285 476 404 401 905 912 392 929 834 29 720 830 531 861 652 394 308 127 509 659 408 577 354 443 626 636 518 55 841 325 583 256 6 68 348 642 64 194 387 233 311 773 672 393 19 303 361 224 841 796 196 506 575 550 921 399 316 628 760 107 919 233 487 244 124 67 522 568 474 13 50 707 621 296 204 471 757 480 921 666 219 502 17 724 335 316 595 166 130 762 416 114 204 995 793 921 662 859 784 205 54 953 178 103 783 180 255 139 195 696 19 315 26 829 760 937 680 896 813 698 930 609 33 879 534 690 100 144 846 526 957 136 300 416 976 688 247 505 415 736 428 369 760 116 112 622 554 839 376 999 405 651 523 88 245 934 542 692 73 45 890 231 900 462 10 852 490 361 138 728 516 822 967 396 345 430 536 446 465 972 589 378 360 586 32 61 586 288 753 26 555 234 538 498 871 213 796 141 173 876 155 741 267 511 38 804 428 467 302 830 292 568 905 333 670 776 44 330 318 660 76 565 29 574 346 424 513 944 812 47 847 982 872 224 455 811 199 646 144 813 885 896 574 631 202 945 430 97 579 150 0 382 741 138 982 739 814 596 603 675 336 598 912 911 765 11 270 769 803 996 297 849 12 323 684 104 416 366 795 190 11 533 805 946 825 676 299 830 783 97 179 363 432 129 611 794 758 628 854 635 158 914 963 653 701 737 482 683 929 893 971 103 855 639 811 147 327 61 884 93 738 724 980 633 680 634 585 579 810 738 690 711 44 742 539 822 65 927 263 921 731 851 884 395 81 935 953 856 901 553 635 193 938 396 323 776 361 400 642 191 218 816 123 879 696 707 330 771 461
310 271 982 958 665 419 708 288 700 130 57 84 845 997 246 936 727 588 919 185 196 176 916 514 107 703 527 452 696 836 406 782 178 783 385 605 496 373 739 649 110 165 928 748 613 574 705 772 312 885 122 890 632 885 747 850 292 980 916 271 395 375 626 980 970 762 922 647 791 80 205 308 240 320 973 915 962 636 649 257 433 913 908 451 402 50 482 932 54 753 789 267 748 79 187 374 184 355 327 790 757 953 369 724 279 564 440 647 736 445 217 736 859 842 812 899 896 19 707 382 517 170 951 130 300 724 113 210 537 479 34 968 386 524 215 514 697 160 292 907 543 958 557 788 23 41 491 965 299 713 50 667 986 668 867 4 560 769 975 592 926 910 769 766 267 533 885 665 905 673 848 269 501 229 69 300 373 147 853 841 669 413 50 866 321 828 903 758 504 946 705 962 981 377 485 511 966 744 521 731 301 465 421 261 975 905 676 900 332 246 914 4 492 126 991 574 704 85 576 298 969 821 863 53 685 472 65 621 470 582 129 689 763 506 89 327 611 361 740 261 68 524 235 634 393 371 881 852 718 93 991 799 770 523 104 767 958 123 227 894 232 279 652 428 0 44 297 897 868 961 790 714 702 439 611 670 599 844 432 358 429 231 112 999 810 744 196 193 42 419 252 62 287 927 46 277 830 499 892 484 331 444 165 923 327 346 891 577 712 438 235 820 169 562 685 770 512 599 797 513 282 285 491 777 947 735 15 924 67 994 472 344 604 798 918 428 596 992 612 79 144 904 621 736 284 114 63 23 823 493 252 28 804 900 997 19 641 614 918 727 138 267 264 129 590 848 71 302 343 580 259 591 529 589 81 234 772 821 831 138 400 520 360 206 50 504 992 843 107 21 237 556 852 872 656 100 941 936 384 457 89 134 706 630 408 851 624 540 756 916 109 494 194 848 459 33 430 490 508 924 994 144 543 862 738 301 331 864 31 122 398 148 750 984 233 114 172 510 672 441 672 983 181 534 799 992 697 727 486 937 626 118 89 954 16 727 752 693 874 778 697 298 500 671 719 172 655 15 998 134 976 265 453 881 154 545 461 760 127 75 794 175 451 724 193 110 885 490 437 242 568 508 786 156 755 417 362 789 691 933
912 780 404 328 340 543 719 91 940 705 180 428 362 65 164 334 885 419 11 678 121 452 409 928 346 768 792 738 194 429 750 998 850 699 550 33 399 543 836 555 385 406 442 94 752 811 266 912 162 392 615 691 591 203 331 204 477 826 677 399 561 411 38 638 109 444 514 958 285 686 455 811 611 436 140 338 903 904 501 156 478 335 444 547 693 716 216 185 623 759 338 722 842 765 35 542 571 855 256 791 568 322 497 671 334 487 764 838 911 211 728 160 677 369 146 742 974 281 64 273 446 468 490 710 110 774 683 350 831 319 79 78 853 634 269 770 868 518 254 531 831 980 407 463 476 110 22 943 865 743 300 249 648 92 738 290 122 807 460 304 773 955 491 384 684 334 818 845 320 130 776 180 34 835 758 521 23 394 638 376 331 267 426 105 16 416 822 781 786 247 418 371 78 357 40 530 878 692 415 547 912 459 775 747 502 604 159 564 975 415 482 82 685 536 120 713 683 297 769 472 125 532 99 684 305 655 72 909 564 917 639 513 256 376 161 782 556 683 816 233 407 993 304 43 745 250 461 208 622 675 689 943 375 48 535 371 190 244 747 723 595 773 379 719 179 550 495 89 416 137 41 595 857 199 713 549 907 65 889 922 140 845 533 348 276 236 198 415 190 915 672 478 306 288 10 933 770 89 158 633 634 781 212 999 492 855 364 863 774 240 378 114 365 957 192 947 566 60 497 219 345 64 477 653 248 181 121 862 709 563 241 839 494 167 175 7 591 895 894 946 969 927 837 762 591 241 991 352 217 794 115 607 171 741 126 491 770 626 829 486 755 362 533 690 305 131 112 599 283 112 367 784 162 833 650 714 733 780 270 290 507 657 283 558 581 78 876 146 18 626 723 939 882 813 796 31 62 591 353 781 545 688 14 558 546 391 418 515 682 673 760 830 812 952 868 309 347 495 458 385 824 714 610 620 366 368 202 25 596 955 313 18 258 105 328 260 220 193 701 924 782 878 838 31 26 404 443 100 328 176 769 75 840 297 75 197 515 288 642 445 148 730 138 128 386 146 80 492 295 677 559 594 77 881 791 53 763 781 91 919 626 369 569 133 338 985 532 503 628 371 794 553 340 541 763 90 391 61 645 292
38 452 533 779 593 486 747 454 567 439 243 69 57 724 818 811 516 782 650 548 54 754 320 140 544 421 577 534 935 908 388 915 287 819 918 672 54 107 334 454 910 439 703 747 168 782 511 785 236 620 813 406 694 279 425 527 608 781 822 787 423 246 441 623 667 373 426 429 856 756 55 516 728 469 938 838 623 187 348 796 237 878 811 973 527 757 611 580 598 493 453 351 40 620 181 972 165 307 3 488 597 762 917 125 256 132 826 599 317 933 865 444 295 270 223 215 582 236 0 490 982 435 231 860 110 765 540 163 458 147 699 606 993 682 606 464 515 624 808 733 673 342 355 573 704 648 619 460 19 94 34 880 691 703 122 807 82 686 20 900 307 336 56 461 226 998 609 632 228 871 30 725 563 114 147 103 416 494 365 249 279 797 770 176 661 555 922 430 95 119 19 794 94 253 228 721 738 510 844 472 513 130 763 636 293 976 496 273 100 412 77 307 172 465 40 149 422 762 751 74 930 395 797 451 674 370 273 588 360 10 566 825 104 178 352 944 891 694 450 536 562 951 558 108 532 997 910 169 914 573 907 305 823 229 110 837 216 385 27 398 479 940 733 233 794 755 936 984 141 59 405 519 666 215 849 386 740 294 244 925 512 886 50 312 277 320 517 648 921 702 857 236 689 866 67 864 6 804 876 999 712 169 232 493 909 129 991 724 64 204 960 879 447 983 571 96 930 989 205 376 944 273 172 746 405 735 702 471 160 795 658 944 812 727 926 224 257 707 205 745 398 338 211 417 790 129 239 661 586 338 80 501 724 395 988 229 546 48 955 99 377 763 321 370 289 785 30 267 771 730 882 96 969 458 40 991 63 166 811 561 620 947 931 432 424 276 377 474 96 29 953 200 516 442 946 877 393 286 469 752 542 541 720 181 160 917 209 618 939 440 175 226 89 530 492 507 53 670 341 148 916 923 883 123 722 454 663 555 212 998 201 135 28 867 401 154 612 604 456 796 716 881 18 40 590 925 903 841 562 405 614 977 258 961 166 898 485 664 707 449 505 491 710 613 328 104 237 395 798 40 549 946 572 139 405 604 543 741 802 560 837 222 641 333 987 247 452 79 145 801 759 566 94 106 321 805 810 966 446 984
85 20 834 506 278 449 683 394 557 807 539 458 399 440 744 459 477 297 19 764 969 28 734 564 538 110 597 491 339 578 176 763 748 883 914 295 742 473 180 801 322 246 241 388 952 573 162 697 589 861 3 757 85 382 101 771 550 363 791 327 655 603 386 252 431 76 494 650 836 524 943 381 987 993 738 304 698 911 365 467 601 394 544 266 326 281 377 368 852 527 879 969 110 377 454 731 900 820 244 90 584 770 643 348 435 630 582 643 664 11 707 379 145 109 765 699 807 465 648 963 440 448 88 400 315 933 903 626 827 209 725 509 316 582 200 864 862 233 811 474 431 483 778 700 906 215 905 902 489 38 556 547 158 158 894 354 683 501 535 627 184 129 480 624 935 560 558 716 251 250 713 276 23 99 13 918 879 530 873 436 44 650 322 764 721 112 53 774 948 35 523 550 547 689 243 49 926 632 893 836 907 819 913 72 775 533 654 6 85 345 702 733 681 858 785 144 275 748 611 163 583 383 486 283 469 359 347 825 317 915 622 124 218 918 423 19 841 249 694 282 172 312 526 589 810 35 939 76 919 339 512 974 221 491 299 745 597 793 442 358 7 749 421 241 46 1 709 444 0 792 921 322 95 674 184 834 225 791 658 444 580 258 209 845 605 320 51 747 703 359 457 343 276 57 546 447 906 589 29 735 896 353 76 161 429 348 193 739 100 421 325 501 536 542 347 654 109 949 491 744 310 886 392 406 514 22 220 21 169 833 584 516 998 384 577 274 831 978 276 187 464 739 702 497 953 973 907 788 817 586 543 980 351 122 536 271 36 565 87 145 710 852 319 345 759 672 443 563 967 326 264 273 88 328 791 141 320 819 159 389 124 764 449 934 168 335 144 140 790 297 167 821 328 805 542 474 811 714 282 811 691 111 373 897 470 736 437 542 811 145 386 375 306 382 352 524 253 80 784 674 471 704 594 211 76 359 703 267 392 214 377 446 570 102 801 220 259 456 72 380 67 520 86 573 653 649 139 484 716 349 655 544 371 146 836 563 268 871 833 970 660 706 474 234 207 8 599 815 155 417 969 142 132 811 732 969 147 85 625 497 104 594 165 495 632 314 935 453 413 715 853 212 348 786 74 492 522 551 940 381
281 131 922 549 129 476 578 660 598 325 199 641 977 203 101 781 101 466 838 594 41 894 19 509 523 694 700 454 176 425 548 28 280 68 5 568 788 429 502 682 382 79 128 653 890 291 744 955 661 495 72 907 383 226 750 996 311 631 913 377 34 903 257 567 632 7 887 774 839 221 607 754 176 623 682 956 695 169 690 710 235 286 91 498 938 875 228 820 136 874 609 267 452 661 988 820 318 46 414 710 683 243 444 891 996 959 948 346 907 184 390 900 753 394 816 335 138 818 960 804 431 242 80 743 36 611 531 931 446 553 53 303 515 566 250 993 729 184 213 783 856 771 894 89 847 853 474 636 489 141 101 848 750 941 868 226 321 64 204 436 860 621 917 638 337 868 175 923 410 767 376 114 869 96 617 453 704 561 111 944 666 905 88 332 87 793 820 188 253 375 8 992 794 356 628 642 871 373 37 606 311 750 912 534 437 17 446 114 131 640 822 806 211 316 455 719 586 689 513 736 689 769 139 410 785 795 359 440 861 725 968 343 377 163 99 202 891 366 496 843 370 63 7 196 219 583 133 585 758 495 954 682 21 83 93 748 200 845 702 319 661 256 305 43 832 47 814 360 817 297 829 949 300 218 255 889 797 93 962 54 351 356 462 516 885 438 448 565 273 388 101 94 27 773 846 610 315 485 422 608 666 989 427 517 885 146 938 303 51 644 490 764 106 504 470 346 218 131 299 192 164 554 575 358 271 766 987 403 205 759 711 403 219 546 427 685 991 792 170 871 576 693 174 297 321 581 155 856 411 516 270 192 48 326 459 928 33 143 1 70 991 703 261 171 908 209 873 187 451 749 120 756 389 240 680 432 668 265 599 712 948 896 771 68 212 290 159 547 20 81 141 99 997 287 383 382 827 605 267 649 126 456 993 916 745 714 161 645 326 439 693 41 964 294 974 172 864 80 242 894 534 129 699 872 570 294 56 636 841 269 341 963 337 591 937 953 916 749 302 718 349 111 570 625 969 156 142 64 876 455 628 473 799 901 203 517 491 653 456 991 882 674 726 300 366 504 20 722 886 298 505 5 693 64 111 599 493 443 461 420 589 52 449 605 586 828 23 536 825 49 486 774 201 85 993 811 412 553 583 52
317 745 67 936 313 392 635 739 692 15 670 707 252 629 17 858 60 370 331 440 107 302 713 996 637 739 988 423 693 496 730 609 198 545 66 71 864 347 563 40 442 183 512 100 581 463 915 126 743 757 192 536 421 294 17 236 604 798 737 459 88 467 628 493 988 288 512 127 840 796 347 435 48 392 259 497 797 585 180 147 474 726 414 855 913 263 136 235 869 981 305 164 252 843 999 21 772 727 262 260 794 269 396 317 94 471 117 919 336 702 322 867 952 39 351 354 403 473 523 806 237 614 96 817 561 131 357 125 99 590 117 788 427 185 195 180 669 815 148 638 51 96 532 446 12 621 955 655 144 456 202 964 121 941 499 165 683 724 461 191 444 877 939 778 769 541 755 788 69 670 31 118 302 719 579 337 188 162 464 37 578 274 26 648 941 568 681 905 239 788 364 170 392 750 755 852 471 550 963 571 139 851 6 44 910 978 125 333 700 293 81 521 590 908 750 901 972 494 665 351 511 234 754 344 977 554 367 196 702 751 680 225 533 878 961 833 244 500 151 686 80 204 158 423 638 77 926 880 670 177 124 273 94 486 447 815 41 187 341 661 616 182 857 20 980 106 226 875 370 447 779 858 277 962 72 398 917 906 717 139 31 666 202 179 759 125 591 618 247 570 867 877 928 971 52 419 859 158 190 938 435 437 70 311 48 421 955 807 944 390 236 288 435 120 654 550 586 196 50 907 935 547 593 179 554 468 288 695 503 959 357 768 318 323 300 494 265 635 944 512 84 270 123 281 797 372 678 851 722 981 667 860 297 680 140 731 57 108 186 731 244 237 551 927 159 627 279 131 124 666 246 227 372 995 776 4 843 86 168 409 492 948 24 373 772 433 563 184 293 672 343 506 826 244 963 751 410 110 424 704 568 868 380 629 103 397 92 697 143 635 323 384 136 33 830 922 312 586 880 542 698 530 399 508 120 770 788 142 916 476 596 679 706 123 388 558 660 542 334 999 945 298 158 997 961 781 788 158 510 617 500 436 896 782 974 790 520 373 798 869 93 134 541 921 684 428 883 279 798 471 200 725 431 85 555 917 52 625 747 791 996 298 970 879 75 698 148 478 600 137 165 747 221 428 50 847 742 379 136 893
612 171 953 981 458 361 876 32 700 215 316 959 62 119 84 566 241 888 199 421 64 355 918 284 246 211 911 903 642 875 442 693 191 489 160 454 134 498 429 41 933 700 845 643 958 58 356 113 386 659 154 369 253 71 682 414 551 567 564 531 609 75 51 332 879 68 126 31 427 941 916 867 154 892 478 241 313 715 672 430 599 794 418 886 0 712 734 437 703 206 629 654 281 631 978 504 5 150 868 566 165 918 80 677 159 371 563 861 682 168 276 906 579 718 810 941 475 755 272 305 257 665 972 594 358 529 105 84 219 250 948 226 466 477 140 896 979 922 87 977 41 781 836 483 65 387 461 308 335 121 893 288 4 197 169 935 933 738 196 257 961 751 713 213 219 898 258 338 365 321 707 82 541 299 473 192 288 859 822 913 512 833 398 514 527 69 654 525 223 343 87 476 743 957 500 515 543 581 884 397 427 788 966 147 384 787 37 645 872 0 695 455 98 735 572 954 656 384 325 746 677 852 982 530 905 278 389 953 245 338 305 164 714 988 974 119 442 299 815 253 611 139 300 911 963 897 693 421 263 838 282 837 29 386 545 737 257 905 168 130 931 527 204 599 531 145 592 822 79 371 90 969 298 931 952 912 179 922 684 365 227 820 354 927 996 789 146 650 439 595 101 108 334 610 867 676 885 412 112 816 138 536 748 549 371 721 47 296 320 481 77 809 611 203 934 548 505 649 96 480 368 388 374 637 798 654 127 319 650 415 6 689 136 248 791 41 560 878 600 696 91 798 902 417 55 949 976 902 186 794 81 810 525 290 481 108 331 683 957 412 266 693 976 298 252 919 344 280 25 294 503 23 14 526 676 566 38 607 355 6 603 67 865 879 981 652 382 959 687 821 486 486 4 646 114 120 625 347 195 66 943 656 449 301 499 151 356 488 843 610 786 371 98 765 173 755 732 576 847 741 467 718 40 270 379 299 318 452 982 185 39 345 732 335 833 837 496 422 528 682 371 869 660 838 506 574 50 827 739 829 860 399 982 775 279 444 10 545 899 103 209 565 348 171 992 25 889 646 181 550 608 265 310 598 978 750 75 167 676 999 434 305 136 231 857 174 852 115 349 144 377 955 383 442 230 980 345 169 447 943
487 647 448 952 818 745 864 168 460 893 608 540 300 108 946 649 682 328 862 574 117 518 119 231 11 78 411 16 843 394 448 477 753 538 660 152 994 872 376 400 740 911 259 741 675 265 137 110 583 238 555 235 611 434 841 61 931 161 423 115 731 428 902 445 616 583 941 886 360 290 685 814 685 363 647 660 5 914 976 370 219 475 490 296 747 879 286 656 973 678 792 781 774 665 943 278 936 116 53 909 210 393 464 541 0 282 962 932 332 714 829 936 341 53 306 520 138 741 389 854 727 185 292 217 251 261 767 702 35 456 398 109 478 489 580 638 696 400 766 667 569 575 100 399 458 902 557 377 567 172 827 379 765 624 826 642 716 60 656 362 544 546 271 151 507 70 907 572 365 632 429 787 510 299 971 916 322 309 552 172 672 697 147 958 248 898 193 938 834 200 13 157 979 298 360 710 259 772 642 879 594 578 20 66 189 732 88 892 129 636 739 565 60 229 310 342 403 595 452 182 602 721 494 67 775 412 313 750 3 350 189 604 122 722 7 800 876 145 691 942 389 157 98 97 349 107 132 971 395 726 132 267 275 184 577 59 513 217 42 292 979 530 889 618 769 459 728 9 949 996 150 972 220 373 57 78 219 569 531 863 27 885 419 603 866 305 469 334 659 757 278 955 297 357 376 754 598 460 760 566 317 991 116 755 940 361 721 74 758 829 255 64 669 957 507 164 312 810 975 389 654 80 861 260 666 333 594 676 824 572 251 959 400 243 503 239 949 139 703 504 8 981 878 261 768 453 566 686 123 273 985 742 763 783 50 571 859 865 464 531 791 515 298 182 584 844 772 614 232 694 754 439 355 804 10 508 42 538 15 316 271 104 754 448 278 677 694 57 439 788 80 213 909 443 906 198 132 836 320 272 722 251 272 311 75 493 841 773 491 135 30 154 429 505 238 347 632 295 340 654 948 698 845 908 128 692 433 303 561 830 905 197 712 415 955 90 723 520 448 276 347 553 200 168 677 0 487 220 268 627 398 116 601 85 552 925 501 258 667 692 133 118 608 133 903 651 644 405 62 197 272 662 470 162 377 618 36 434 312 112 770 811 360 414 60 466 7 933 670 117 562 328 475 57 789 187 687 519 103 516
993 669 470 226 109 827 274 272 729 992 375 581 606 211 346 406 176 989 634 372 911 608 525 558 805 98 809 405 223 645 572 902 383 951 663 59 691 318 637 104 939 668 402 765 673 692 979 792 975 260 581 576 342 109 49 540 216 40 441 653 437 46 130 956 446 188 258 540 159 684 657 770 269 942 919 225 635 491 766 98 485 989 73 501 104 250 980 612 298 694 533 979 541 637 50 702 366 339 328 52 726 950 543 235 930 494 641 78 469 478 310 702 631 872 279 371 77 414 831 454 691 109 6 367 504 793 556 909 849 476 924 930 164 491 513 631 375 854 602 435 841 190 137 930 642 664 680 589 602 695 311 762 298 795 901 291 778 950 209 949 534 32 50 502 236 755 827 121 639 945 743 822 447 39 347 115 814 19 426 646 279 471 134 159 488 567 410 787 708 836 388 68 947 319 478 380 5 182 730 419 430 916 537 693 580 397 404 532 398 882 49 443 666 5 760 28 833 587 160 857 168 7 675 230 803 946 502 304 770 470 627 150 663 576 621 865 178 108 435 965 239 221 482 551 54 374 241 857 904 843 565 875 176 555 504 580 677 5 440 652 141 144 717 523 866 907 951 325 906 676 455 402 164 929 371 705 636 93 297 684 624 490 120 581 912 174 413 781 341 697 524 879 104 688 40 592 485 809 557 996 125 283 33 86 903 948 958 265 303 253 446 21 111 19 18 577 345 632 975 495 808 178 778 965 56 683 534 925 951 594 128 354 839 636 586 703 478 691 621 856 936 62 905 470 12 978 296 29 468 392 380 901 886 799 960 676 638 772 437 126 105 480 79 774 132 966 776 519 729 405 277 667 754 414 718 56 954 959 642 460 96 333 507 646 979 150 594 244 106 630 594 509 29 958 816 823 167 309 145 918 468 576 780 698 433 358 249 525 668 433 48 396 817 7 348 669 697 385 174 343 164 903 758 610 567 212 788 897 768 354 699 181 847 826 983 811 110 10 843 550 914 690 357 180 695 694 881 493 864 751 746 223 984 358 703 907 981 789 505 729 333 493 689 82 169 160 574 315 353 520 679 853 228 575 710 337 221 863 190 69 754 243 610 701 100 530 847 262 462 734 118 96 589 485 42 490 608 937 992 731
441 473 741 920 792 448 666 371 240 736 377 740 943 683 143 283 417 448 480 691 685 205 481 37 248 828 131 772 452 760 450 280 895 721 994 603 57 551 602 900 375 741 581 296 712 757 378 902 66 466 149 312 990 447 889 577 427 474 553 503 896 183 949 2 575 592 96 108 413 868 540 216 936 153 214 471 40 212 804 507 70 29 323 164 885 18 885 844 934 490 264 897 808 865 754 893 906 510 621 483 722 296 897 993 765 634 515 611 19 302 470 330 462 86 962 280 101 263 564 970 46 581 466 466 31 774 21 143 805 638 803 98 259 831 12 928 455 311 373 737 248 468 558 508 652 91 571 585 407 447 991 702 251 328 419 531 229 666 305 555 916 380 780 200 459 380 841 799 914 389 354 492 576 151 648 502 79 503 432 359 807 117 75 224 225 576 756 376 112 684 0 867 872 968 682 757 619 82 337 186 840 383 418 477 960 226 474 86 534 927 926 624 338 592 661 223 285 310 627 341 777 638 859 546 312 577 131 284 844 354 838 479 134 79 335 567 19 350 253 864 795 97 769 339 792 27 818 418 616 730 654 916 613 809 146 735 450 496 71 730 750 561 508 377 108 923 984 65 296 554 8 335 268 783 433 598 313 845 502 700 885 968 215 341 382 473 243 334 193 296 751 137 999 612 935 806 718 44 307 286 179 871 865 105 713 601 198 727 588 746 365 372 283 210 420 661 345 562 316 985 47 186 979 58 361 95 373 839 43 718 869 637 136 768 809 251 683 449 201 256 666 34 86 342 79 418 744 52 342 467 813 415 885 866 212 188 523 708 713 77 39 319 998 508 550 676 16 990 978 536 598 188 3 136 419 509 291 682 316 762 98 580 317 339 191 327 415 387 118 310 851 376 878 799 436 755 339 933 274 488 527 647 27 656 776 260 519 991 366 520 944 143 577 73 826 750 958 564 479 255 862 732 211 581 139 635 405 398 240 663 962 76 345 13 559 698 222 592 156 692 536 230 66 61 278 346 692 285 810 777 197 305 784 80 670 852 33 318 691 552 678 914 207 924 719 80 758 39 215 822 568 868 280 739 673 92 750 35 241 511 510 729 476 865 376 15 571 847 123 416 315 434 299 469 633 103 720 838 90 809
199 179 571 188 433 802 480 984 901 729 691 997 21 938 282 287 841 72 492 710 383 696 450 553 629 614 355 901 845 321 465 154 599 665 108 850 635 724 151 490 779 905 290 932 503 548 61 254 28 62 446 331 294 80 933 770 21 464 601 478 443 523 749 821 685 298 582 428 677 171 764 871 134 175 948 646 630 804 64 173 537 170 106 745 837 299 460 304 824 996 342 900 131 969 784 17 431 577 503 498 594 756 174 409 327 671 70 202 607 692 380 223 689 732 772 218 308 359 314 136 26 742 803 918 856 469 115 492 857 676 135 751 773 374 658 551 481 889 493 744 455 544 759 426 508 406 235 904 203 687 414 886 412 402 930 870 830 467 443 874 465 768 379 760 814 936 577 500 157 645 600 964 963 459 954 921 676 425 833 182 369 296 641 165 215 82 397 384 990 567 913 563 622 731 193 840 969 825 147 574 788 815 999 188 60 683 530 545 629 819 485 122 641 65 836 631 24 27 41 456 195 404 341 397 704 0 809 401 781 130 662 830 934 767 291 81 626 920 573 381 135 348 281 975 478 172 249 348 194 511 875 940 269 719 793 6 499 352 208 64 160 623 813 620 959 986 501 321 419 119 57 766 152 169 517 849 873 247 85 978 104 520 771 246 789 78 759 95 155 199 377 432 680 202 143 485 101 823 124 344 918 11 519 398 577 582 541 122 152 417 291 711 607 31 327 613 990 154 732 853 796 393 578 252 425 458 19 590 897 243 498 311 871 751 387 624 695 182 324 74 869 367 807 611 407 609 162 910 338 105 409 439 406 574 821 264 264 565 574 257 941 243 428 477 911 906 866 549 68 468 22 501 138 106 823 328 228 558 29 403 147 461 235 502 32 399 260 509 543 645 802 214 992 718 87 866 64 814 281 956 659 421 256 114 181 717 775 381 186 86 867 941 524 203 438 860 573 159 155 910 598 2 129 723 655 488 716 275 938 162 791 408 345 482 972 548 178 994 520 97 778 753 747 863 542 534 386 718 517 958 244 205 657 440 461 980 504 26 848 378 901 815 970 222 132 621 367 439 13 177 620 703 369 683 489 445 728 803 328 711 502 947 201 956 757 638 269 308 176 640 151 280 75 895 567 614 891 604 223 568
326 50 111 774 309 314 673 677 173 988 793 623 25 35 1 362 384 42 986 992 4 909 664 139 517 876 646 740 640 416 516 367 620 13 800 788 199 413 734 710 301 164 316 384 661 904 119 531 391 583 169 152 748 204 108 464 629 350 740 717 10 581 628 80 168 862 402 106 642 767 784 897 112 659 801 586 538 329 599 759 539 957 536 972 315 540 416 962 288 487 248 868 230 692 41 356 396 183 916 512 456 158 976 550 926 683 327 710 810 322 548 611 676 650 559 950 156 272 189 929 425 222 797 551 121 470 887 96 173 447 664 196 390 446 576 86 656 73 336 478 635 560 606 138 538 19 366 391 315 827 311 646 8 348 597 546 111 901 434 293 483 291 678 720 463 598 967 422 293 18 398 603 316 195 145 779 561 568 759 893 99 315 786 963 953 317 773 999 92 400 868 850 429 498 405 967 393 292 514 444 357 115 765 349 710 383 25 70 333 925 629 439 503 976 619 653 734 398 64 749 822 40 470 547 806 726 251 524 259 694 635 364 227 701 154 723 743 981 970 191 703 816 862 828 575 486 945 296 989 894 250 180 308 20 192 870 705 868 235 684 489 983 879 722 523 458 694 916 0 823 784 410 762 195 127 194 723 483 109 394 431 316 856 277 895 917 548 804 542 241 742 677 51 853 565 261 538 358 860 516 282 505 155 93 873 430 254 911 605 238 796 147 408 510 751 317 968 82 714 474 562 654 871 351 680 578 625 444 716 882 458 150 734 811 360 277 197 167 844 10 745 843 636 298 938 971 737 660 753 386 800 152 78 239 581 615 655 561 961 627 672 156 266 556 51 501 774 836 163 979 965 246 707 505 813 936 841 192 77 512 800 404 992 900 676 144 115 654 93 646 685 415 383 726 341 575 652 753 450 450 708 53 440 814 23 890 739 898 131 322 167 614 259 228 128 911 52 246 567 956 179 522 41 483 973 361 17 778 947 666 982 306 244 574 14 244 801 317 497 61 985 204 118 656 902 416 892 87 216 476 759 334 859 338 134 540 74 661 635 232 705 74 444 142 215 263 21 778 907 854 198 345 773 362 145 373 908 329 384 164 612 842 801 83 993 960 703 393 632 605 845 862 744 130 858 695 980 349 467 357
969 665 983 960 802 414 395 424 982 659 489 918 94 860 935 9 981 948 325 996 843 832 546 882 811 17 234 400 903 3 595 604 472 597 873 695 737 332 240 142 971 274 336 94 627 788 482 211 564 63 843 211 670 783 148 315 655 581 14 162 618 984 250 382 339 432 716 130 238 813 629 250 798 547 616 870 387 590 770 562 17 512 655 725 315 182 183 806 355 759 950 699 397 646 765 294 57 687 791 362 524 478 587 5 993 980 144 344 472 978 178 912 545 817 325 211 291 16 542 103 734 94 518 283 261 322 37 724 481 63 107 168 180 826 574 219 707 993 287 89 89 249 657 479 992 873 752 431 578 913 479 188 610 868 174 13 918 106 46 504 440 566 728 116 645 205 546 705 424 79 680 832 876 57 903 268 743 947 165 116 173 490 2 939 206 237 663 7 31 828 974 931 367 769 257 644 232 608 929 349 459 300 428 218 619 815 139 230 751 767 138 464 520 213 63 385 841 625 27 31 898 635 406 111 683 606 520 554 110 567 332 167 591 300 959 224 37 670 51 968 678 939 596 410 164 583 339 427 240 485 461 614 714 50 828 443 610 783 680 263 678 873 565 292 329 897 757 302 394 93 757 530 957 668 26 304 503 793 571 755 652 834 371 924 85 528 707 306 648 852 161 403 580 152 339 769 664 407 467 180 306 968 263 718 688 557 492 51 948 670 228 775 272 483 254 466 651 632 896 245 131 166 196 653 113 334 106 526 498 884 370 290 97 741 823 719 984 600 158 650 798 706 829 785 354 409 735 110 180 506 163 635 987 455 764 255 393 671 94 930 69 222 430 208 604 524 362 632 424 717 300 336 926 419 207 868 271 215 908 826 664 514 551 934 767 870 821 116 450 419 174 797 596 877 994 745 186 866 104 794 341 487 290 492 97 524 589 217 669 856 633 941 211 103 451 110 638 936 745 828 797 923 897 235 302 878 637 284 657 348 115 932 675 734 879 981 730 822 129 749 92 366 609 138 100 236 332 248 841 912 257 572 700 42 190 114 41 605 263 787 607 695 665 719 258 199 940 320 99 750 823 835 647 975 128 432 835 419 897 92 19 94 679 451 934 59 378 581 525 738 190 772 297 507 88 983 744 825 106 334
632 923 191 69 580 882 394 492 445 229 321 495 248 104 27 254 908 643 912 933 235 242 234 103 167 504 439 180 482 236 145 87 230 641 947 124 765 260 71 90 893 747 696 520 171 728 775 715 12 788 174 96 278 92 30 562 136 689 832 178 20 279 569 386 804 833 245 661 629 648 79 618 554 586 412 493 588 912 515 109 313 349 493 691 362 327 796 133 969 561 39 390 517 191 217 257 918 494 15 183 734 96 410 181 45 784 109 870 270 663 729 302 933 807 833 474 400 597 285 730 121 340 396 636 811 747 773 204 58 141 13 453 948 935 930 84 869 329 923 484 557 268 245 555 513 278 109 497 260 597 808 89 892 953 576 186 913 462 149 990 622 943 589 213 982 810 566 43 367 97 482 377 423 405 64 35 52 661 402 998 67 803 345 907 546 668 703 532 753 529 946 635 832 651 303 418 933 526 362 658 932 37 72 597 307 197 900 242 343 882 285 26 3 237 218 360 41 912 126 754 378 792 846 748 498 596 158 443 731 915 964 470 312 112 259 88 572 742 284 879 396 448 22 844 109 472 926 995 752 292 28 570 758 152 806 919 588 160 278 394 690 419 53 2 835 886 622 480 283 602 161 456 425 584 712 542 921 54 117 412 510 227 576 747 323 777 865 616 635 980 247 479 645 494 501 543 247 739 753 871 833 297 732 244 812 141 766 137 325 475 943 482 711 512 736 408 785 499 64 913 717 772 339 28 438 74 973 228 695 968 559 624 642 414 305 294 855 103 546 988 241 586 790 112 287 22 386 588 892 364 517 109 385 67 808 10 375 892 959 54 613 828 208 265 64 24 180 920 251 257 100 355 563 40 274 226 397 251 522 884 351 908 966 615 459 643 262 978 872 796 426 323 579 510 843 918 759 448 430 709 927 810 712 88 411 678 173 880 238 238 971 842 650 942 873 502 217 0 601 288 640 886 226 313 542 592 406 295 859 761 810 722 452 931 847 438 120 845 791 943 383 45 79 56 194 530 870 239 896 354 685 181 712 700 395 624 963 195 446 882 538 338 985 111 4 666 780 380 815 887 808 272 791 976 294 482 638 718 297 325 774 941 806 300 101 929 987 738 84 673 398 150 608 736 986 225 511 452 329 829
957 841 150 90 436 793 689 402 234 342 209 443 716 720 777 173 229 14 143 504 104 99 724 888 28 659 232 119 988 41 420 297 309 884 521 712 266 229 314 633 145 125 150 430 338 203 102 928 601 845 787 79 275 638 11 993 652 298 211 120 675 134 287 548 391 694 728 239 307 920 528 647 74 434 791 995 517 316 859 728 92 98 72 662 234 491 185 755 677 968 827 440 479 593 999 499 635 290 746 179 339 230 356 537 722 155 742 182 904 523 497 807 574 548 655 569 757 302 304 203 964 949 989 389 170 856 731 367 568 246 547 403 227 636 303 55 85 600 725 59 244 554 885 946 479 980 51 686 91 965 938 385 739 131 673 647 931 396 217 41 473 222 336 262 798 58 541 967 670 863 50 353 92 795 469 883 184 315 72 780 302 561 688 60 984 60 616 156 402 419 564 6 270 457 958 817 940 378 790 790 573 203 34 998 129 904 368 954 401 157 135 653 308 22 62 865 36 71 433 476 45 66 385 29 644 155 511 846 136 695 246 659 693 834 272 781 466 280 782 511 133 931 968 356 609 716 714 330 850 685 189 731 686 499 61 23 462 720 516 470 809 317 543 796 328 603 831 452 525 842 448 665 516 118 314 373 817 34 899 619 455 459 868 187 29 805 944 545 809 840 973 700 837 300 462 845 34 277 487 638 370 83 582 811 713 827 68 156 666 664 223 838 469 545 825 504 21 848 210 713 626 673 121 736 558 739 4 15 516 13 660 681 592 717 365 523 105 654 201 58 994 759 480 543 241 242 321 495 530 319 107 711 267 606 400 11 220 948 209 629 216 10 408 44 597 446 827 201 211 194 290 518 582 576 251 570 487 728 38 121 277 901 254 968 379 345 719 772 267 25 748 941 692 149 280 428 338 224 997 340 404 795 762 395 845 873 965 109 253 342 847 633 30 949 520 273 468 123 461 15 18 481 634 101 797 310 120 947 479 434 641 456 19 425 80 701 993 185 305 550 540 92 635 903 518 962 144 130 976 990 832 716 425 998 253 589 601 921 91 280 338 719 74 138 473 324 164 616 605 903 862 234 755 75 1 596 131 475 929 109 853 121 222 820 620 111 734 439 57 988 83 544 246 393 399 529 250 280 890 2
771 350 431 652 739 495 526 777 87 92 293 899 787 320 949 816 29 68 633 800 307 456 977 451 889 119 999 515 990 143 375 303 437 798 443 8 337 103 955 33 661 341 137 892 877 162 15 309 473 45 407 265 612 320 190 993 749 436 753 133 308 50 745 522 481 278 554 782 938 69 409 839 752 957 353 834 686 862 927 756 512 609 308 733 807 805 745 426 712 925 46 302 978 532 315 439 666 117 441 90 451 948 32 171 207 461 959 943 126 432 438 149 498 953 280 878 9 956 972 571 876 989 293 313 23 985 910 731 666 968 906 516 572 991 97 177 139 298 172 136 248 688 659 695 32 712 22 718 330 898 560 401 107 898 953 577 187 704 621 912 459 969 262 429 924 419 209 80 296 481 128 313 975 106 895 615 475 297 806 699 108 326 489 64 822 54 181 952 287 706 202 861 820 45 568 250 196 205 766 300 556 436 819 895 542 979 652 653 69 416 275 491 283 926 901 734 157 210 437 771 528 187 535 462 729 184 996 706 148 478 641 602 932 552 907 848 587 499 599 750 98 124 867 478 239 196 595 333 296 29 320 124 281 262 355 875 987 545 482 286 456 354 591 942 89 513 766 625 365 282 139 235 377 621 71 601 664 379 48 791 952 516 669 478 107 335 359 401 614 977 677 366 830 87 922 405 803 396 161 171 317 600 257 440 581 249 796 524 45 553 970 309 276 192 909 383 103 663 292 173 952 559 552 224 151 245 697 208 996 755 185 447 79 83 342 403 726 487 347 575 502 513 601 102 939 84 176 443 806 458 745 888 941 820 404 939 147 963 190 424 459 720 289 956 765 804 924 693 833 466 169 381 69 332 516 251 174 893 494 58 875 159 992 562 974 913 625 82 194 241 47 592 671 669 540 777 559 852 104 575 372 584 697 943 420 707 762 220 941 881 603 496 140 93 138 823 158 671 524 913 951 361 592 65 968 421 120 613 863 559 387 341 395 194 247 145 763 546 269 856 632 402 671 182 593 561 658 674 628 407 86 167 170 833 181 975 671 334 188 642 961 226 517 937 803 44 328 58 677 480 792 616 239 969 253 198 624 284 637 316 135 943 183 861 849 819 348 830 670 128 643 570 74 582 882 63 469 963 170 185
917 710 270 755 451 946 192 855 353 652 975 702 287 595 288 478 637 177 242 376 434 53 225 155 417 874 575 469 134 422 775 409 228 581 958 793 616 928 773 271 766 34 862 122 920 848 489 475 586 405 495 390 164 850 464 474 270 970 604 374 689 994 204 389 153 956 727 358 910 626 475 335 988 523 792 586 109 101 81 865 473 952 550 320 446 478 614 411 345 534 933 730 65 463 719 961 265 758 872 971 797 237 715 939 52 583 960 524 144 449 298 956 8 142 241 421 633 757 644 33 52 929 335 523 613 636 733 834 843 391 710 248 765 536 605 350 195 77 730 682 451 709 834 951 998 787 351 103 439 480 616 762 952 220 150 708 778 124 994 554 309 271 569 542 839 757 112 508 249 69 766 711 562 10 949 781 549 115 132 816 225 488 704 126 430 374 496 937 657 984 374 874 393 642 421 416 68 576 872 977 282 798 847 561 401 328 528 698 754 189 223 420 122 959 221 860 546 705 91 224 19 890 961 341 95 413 480 82 864 391 151 844 667 844 80 646 23 811 801 691 783 459 269 710 8 404 858 21 51 594 622 100 479 630 81 532 140 414 50 707 951 583 994 334 325 618 471 614 273 592 803 228 471 593 417 753 235 693 31 82 49 516 548 870 86 640 525 148 583 311 207 648 654 845 811 233 499 159 299 591 20 654 693 375 692 845 482 538 397 955 388 713 185 571 103 821 405 851 20 833 314 52 511 850 25 86 710 940 975 964 475 454 264 94 524 824 238 755 336 238 37 108 855 131 589 3 424 198 387 960 921 261 102 550 508 697 13 638 826 560 856 914 922 923 24 439 205 951 800 390 297 732 919 829 43 479 97 969 359 167 196 947 499 808 615 583 217 528 404 49 492 955 495 319 279 742 400 245 347 515 290 838 587 360 141 978 849 990 612 822 269 206 684 996 952 703 207 922 452 954 90 588 468 749 884 305 584 400 554 710 714 558 31 721 57 531 31 116 921 839 426 345 288 488 735 679 154 359 385 625 175 172 545 1 961 371 235 31 15 586 842 263 3 307 491 422 743 888 628 882 839 599 899 168 984 572 976 419 537 886 118 679 773 600 20 544 957 820 350 648 754 118 616 890 402 56 958 507 365 33
27 132 104 446 182 204 258 20 794 271 589 663 238 158 205 118 691 282 360 333 619 319 336 166 939 960 735 486 121 709 35 578 361 623 352 295 142 694 625 412 302 341 921 716 61 360 80 333 878 176 32 545 329 85 655 530 315 742 753 46 314 508 380 131 6 272 381 220 418 526 495 323 0 501 0 746 455 610 309 104 755 823 743 494 338 767 765 144 681 336 298 543 16 181 523 666 753 616 828 298 453 381 161 278 834 513 471 741 354 127 551 903 443 748 619 179 132 16 88 248 970 497 98 732 390 30 17 17 303 134 361 967 744 457 130 396 745 653 882 656 890 104 509 697 352 950 392 249 476 465 371 919 591 403 953 373 583 108 445 716 70 368 546 992 24 384 511 767 460 966 502 106 876 477 855 848 883 111 359 159 251 25 765 59 286 930 631 758 137 853 538 281 671 47 100 663 522 192 3 9 105 848 806 775 113 973 311 624 768 746 166 60 178 426 737 153 568 495 474 838 788 464 486 623 445 881 228 962 151 57 606 67 495 155 448 603 263 463 408 992 292 779 513 585 303 342 526 336 392 615 656 55 871 711 960 194 924 658 655 905 21 70 709 740 214 187 207 944 736 945 460 168 260 140 343 865 328 596 971 862 335 828 174 512 649 237 761 730 954 651 134 268 0 910 408 779 127 25 55 188 876 344 741 367 109 191 303 554 134 773 614 723 151 763 388 181 392 422 965 51 781 317 701 991 329 832 877 999 246 622 723 325 707 282 174 128 304 827 350 507 878 457 843 656 965 447 466 793 703 960 70 410 542 897 568 153 433 14 109 364 927 490 342 34 618 169 476 218 301 986 79 531 397 677 302 124 247 387 836 967 217 491 785 867 439 3 378 0 830 552 92 314 502 147 513 515 419 640 494 954 938 154 61 187 655 298 515 802 85 447 807 724 412 136 638 733 704 687 184 392 690 970 333 121 478 310 731 176 301 182 871 237 556 84 566 823 914 771 848 724 526 570 994 614 716 695 333 731 831 782 248 642 658 298 14 38 299 565 128 790 551 662 948 197 780 958 461 792 263 726 869 482 11 196 496 397 474 126 625 534 400 242 697 137 909 527 336 856 506 676 225 268 744 328 530 948 611 618 22 638
690 435 865 286 754 329 188 861 92 990 113 991 183 306 516 389 10 378 985 452 620 799 237 39 826 834 858 441 113 577 811 584 135 731 919 256 404 43 567 453 963 78 138 578 299 66 40 969 380 729 344 543 630 32 378 550 647 922 338 755 725 924 153 928 96 962 76 92 250 993 197 684 241 648 936 664 34 100 608 265 599 391 560 710 213 954 551 430 281 76 779 340 725 231 525 490 433 463 876 345 659 395 867 719 217 523 260 584 709 86 2 759 926 773 283 856 781 889 309 51 520 612 26 14 963 959 475 94 27 715 603 225 167 224 441 932 441 643 880 465 65 855 184 3 735 983 906 81 350 581 492 495 736 318 194 908 68 337 860 264 371 633 532 401 755 10 909 163 13 737 505 942 891 824 657 862 951 401 704 625 956 962 532 884 13 643 793 404 689 850 215 788 637 17 436 457 88 693 445 710 188 706 143 394 905 698 706 481 368 977 530 933 573 877 186 36 536 430 761 252 559 921 903 350 246 723 412 227 415 899 201 927 670 726 251 484 872 497 312 656 157 632 17 410 15 538 940 684 438 762 258 397 165 350 816 989 521 314 213 207 345 456 716 908 693 445 402 145 713 642 158 946 175 680 305 40 848 642 675 258 4 737 164 519 349 85 372 550 194 130 211 890 410 297 810 679 466 793 686 817 374 613 963 69 104 745 595 780 946 956 706 302 481 590 717 899 572 85 456 408 886 685 310 276 755 169 845 362 932 831 562 29 323 935 216 529 624 702 850 487 928 765 865 547 253 89 655 125 215 655 399 182 62 678 354 926 537 305 106 637 970 101 757 147 634 11 809 391 976 337 253 670 552 744 634 574 716 616 97 967 907 384 437 744 481 927 453 820 276 104 526 11 337 796 917 614 656 568 464 58 853 307 656 570 974 428 664 314 871 536 159 770 648 26 322 576 481 747 388 867 920 83 880 66 751 773 713 305 65 485 856 488 680 718 424 299 164 214 432 585 458 140 475 249 237 503 546 584 578 980 840 516 417 679 965 174 192 351 899 723 612 583 17 721 521 722 770 123 498 710 215 222 685 777 792 687 670 16 167 302 625 530 919 896 511 384 190 903 779 436 109 281 468 750 668 651 436 577 543 109
622 597 337 936 334 622 274 5 272 946 95 521 688 624 875 161 771 807 659 913 910 316 570 405 118 932 696 915 647 178 68 403 39 813 829 743 248 609 939 565 800 678 821 557 279 883 380 288 143 761 600 742 915 537 529 896 713 271 392 581 116 485 163 756 594 77 155 403 182 205 667 304 40 57 253 944 595 740 58 693 684 510 450 246 580 915 566 452 293 389 884 311 963 13 976 224 517 210 323 291 687 864 691 833 273 431 197 107 604 746 630 241 354 514 783 166 52 523 712 323 441 796 834 505 886 752 487 90 506 729 873 701 465 463 716 282 31 971 50 958 358 423 893 166 353 125 865 10 473 561 727 103 932 259 597 937 612 114 518 3 406 564 942 181 878 115 5 357 670 602 797 459 32 959 410 1 588 238 511 640 882 449 32 477 0 857 42 320 554 72 405 897 605 834 540 934 23 602 32 154 998 387 252 285 892 823 784 10 871 847 907 561 432 267 945 358 434 851 5 630 253 614 864 324 110 432 218 759 978 296 760 411 343 27 672 545 588 710 394 206 903 969 140 644 506 358 386 369 478 142 256 679 361 700 940 966 82 661 27 925 133 130 223 601 969 764 916 554 249 357 378 283 765 189 102 172 673 714 672 102 167 459 634 76 599 84 344 109 74 986 574 169 424 502 842 300 227 294 565 593 630 51 215 569 169 608 558 94 231 175 409 352 678 850 191 143 328 428 940 187 41 362 437 864 703 276 939 604 520 257 346 223 217 532 351 294 364 458 630 743 77 830 997 455 241 976 967 387 109 921 546 64 331 301 82 39 480 36 573 480 287 394 679 38 536 324 611 115 446 682 357 159 603 638 671 472 908 527 447 788 725 46 198 336 130 521 276 376 28 444 486 586 578 519 946 387 534 943 230 948 180 273 999 462 576 113 368 388 871 967 887 818 860 64 790 202 594 766 668 814 293 695 413 235 583 340 322 847 136 50 648 45 759 417 46 842 238 927 939 267 785 517 804 306 922 104 118 192 565 553 79 497 194 502 903 957 644 921 676 268 94 871 531 431 322 768 592 165 528 276 529 749 683 576 567 390 582 879 615 817 570 53 381 643 644 349 883 243 26 727 898 980 566 409 451 506 459 549 228 346
302 504 504 926 931 352 689 766 392 942 297 158 970 131 18 717 823 521 706 71 766 571 100 37 608 124 512 786 817 885 430 315 47 855 993 227 825 32 470 422 353 431 428 41 825 730 887 274 748 621 273 310 23 531 287 994 427 957 213 422 736 795 663 230 695 437 6 183 726 96 728 766 213 677 102 270 972 240 688 58 17 11 354 608 757 574 109 28 615 796 918 549 46 469 499 139 542 879 395 704 427 549 592 96 700 423 570 651 419 994 196 756 868 247 120 660 627 250 370 590 129 690 458 799 216 226 599 134 122 187 604 938 577 135 543 708 241 554 832 486 97 455 610 385 340 880 512 188 486 178 223 921 680 926 104 437 28 316 612 228 125 17 365 651 641 605 179 646 821 902 426 762 342 115 469 516 190 790 895 730 878 237 31 335 968 685 772 873 653 267 303 611 877 612 825 373 257 288 175 109 788 54 133 540 849 581 132 894 741 736 490 780 203 116 128 964 873 893 556 878 710 540 114 442 784 350 2 749 223 71 545 583 275 88 142 541 147 867 574 399 315 453 624 899 746 281 171 435 549 75 679 691 444 371 675 12 696 416 165 424 960 381 869 39 241 865 192 886 189 531 78 928 226 901 940 893 212 969 130 122 765 697 179 492 315 244 770 824 803 174 437 422 529 821 617 901 456 673 804 822 92 298 939 806 500 567 754 244 235 819 147 548 660 274 182 189 811 505 187 703 495 616 670 926 962 741 367 427 816 386 723 335 689 718 158 13 976 934 7 729 549 573 398 216 220 994 428 85 583 776 668 980 600 771 282 34 20 804 185 775 665 831 422 146 209 386 575 771 454 450 675 519 130 649 9 899 389 13 555 669 573 475 888 450 495 718 380 907 543 767 9 486 180 725 480 331 318 156 224 335 176 509 394 564 200 369 202 388 628 650 812 984 801 801 683 663 52 136 120 787 2 954 352 409 143 805 605 575 422 522 161 980 37 905 643 146 49 696 321 577 173 537 442 496 60 882 345 801 912 721 793 786 16 972 920 550 419 328 899 948 843 376 802 540 187 969 957 544 11 457 376 635 711 621 817 88 19 374 596 427 37 323 604 228 701 837 603 395 67 112 105 629 765 792 127 256 483 304 277 778
560 411 468 465 476 476 209 466 633 529 497 136 521 879 963 722 948 317 63 453 850 522 915 650 458 678 843 168 343 431 92 213 113 911 841 222 860 663 688 270 291 477 936 200 554 860 345 848 381 155 232 222 306 50 563 753 649 683 649 803 312 311 999 745 953 257 9 166 362 976 976 428 612 606 833 770 160 214 604 440 531 543 213 0 388 229 70 345 582 939 774 671 290 166 336 408 173 679 49 169 121 996 289 731 391 430 250 801 431 309 843 556 366 150 630 5 792 675 271 939 872 510 657 673 512 727 128 110 289 580 512 596 506 246 686 84 495 753 367 976 43 571 888 848 296 333 243 738 285 306 6 207 456 615 690 197 433 148 907 310 612 8 592 699 112 58 355 818 128 163 97 816 795 465 31 981 625 371 414 792 577 588 354 224 68 888 663 567 891 580 804 151 491 757 101 396 994 789 474 256 815 148 95 401 502 566 911 816 233 703 474 173 523 715 331 832 995 53 375 816 481 638 38 168 594 109 413 89 258 576 247 404 489 256 72 495 703 889 633 127 61 115 941 823 122 302 603 115 395 353 617 521 911 145 990 180 541 203 701 853 422 493 651 922 609 655 438 137 217 919 708 545 402 113 600 419 534 915 773 558 435 478 691 545 991 559 470 656 486 623 117 309 489 791 295 426 505 698 950 662 380 489 963 254 545 415 537 876 29 37 823 621 986 957 711 214 767 570 168 232 591 685 603 776 195 922 345 201 974 729 907 595 347 625 928 320 31 308 13 914 367 326 244 427 817 581 984 542 660 146 902 754 613 730 933 366 991 680 126 327 431 628 971 975 202 937 818 734 296 506 804 728 426 42 656 177 319 786 431 933 777 210 306 517 970 985 247 143 730 334 719 579 496 589 62 549 685 593 188 144 145 175 475 602 947 380 602 73 322 822 53 510 753 761 891 988 949 33 915 725 71 681 704 571 136 591 27 833 327 133 366 434 109 638 528 282 917 988 929 867 436 519 324 111 767 179 888 663 979 586 101 591 916 831 366 953 159 7 851 814 845 643 219 633 816 28 465 425 153 626 206 610 779 281 269 347 581 646 863 728 489 388 580 93 745 106 527 957 426 266 19 864 583 872 707 592 603 180 699 253
808 588 245 221 77 25 596 51 137 292 138 232 289 796 277 645 660 232 187 876 102 972 268 242 176 612 878 281 397 59 168 42 591 729 95 656 277 954 438 125 109 930 667 299 662 870 823 403 523 154 747 168 340 953 613 134 295 98 533 266 35 763 14 112 149 74 468 345 737 998 451 139 632 502 769 393 982 253 552 349 338 400 620 654 676 202 967 648 141 587 513 985 432 558 962 12 735 13 351 217 157 174 446 547 356 753 773 205 283 592 683 880 412 243 364 63 731 521 926 754 704 570 607 631 214 645 832 513 970 826 48 691 202 576 535 859 568 870 650 633 747 797 890 257 691 98 433 423 651 284 699 360 469 528 35 463 175 474 85 457 782 976 569 488 204 246 165 156 31 59 491 221 428 647 387 182 235 202 650 161 980 378 36 609 546 195 223 81 355 458 607 772 782 517 130 243 30 22 994 505 113 303 848 587 171 959 689 280 532 730 475 863 883 80 11 785 622 713 567 408 169 592 421 612 414 12 716 849 336 449 885 164 496 594 767 147 586 526 751 396 706 562 61 915 976 562 622 17 137 756 467 235 380 765 449 541 118 639 540 78 437 393 659 234 272 918 805 569 113 133 774 700 203 721 258 59 862 22 156 22 716 841 442 564 597 336 843 682 752 511 273 126 454 964 723 129 821 95 912 130 105 838 224 704 472 470 347 957 160 428 820 529 665 417 833 538 238 663 237 59 61 297 468 638 98 134 738 369 205 177 662 110 88 577 696 620 757 491 544 639 280 236 788 210 896 11 814 444 292 405 357 293 538 242 257 984 543 787 510 51 657 825 355 261 166 674 31 657 421 328 487 19 869 404 545 814 145 515 354 669 961 741 978 891 881 95 806 890 682 877 68 417 189 501 401 719 745 497 249 272 706 749 906 416 154 501 771 65 54 720 574 436 381 52 565 666 57 1 977 711 918 180 657 718 187 765 634 681 384 421 125 905 954 88 152 451 303 816 351 504 240 664 180 28 863 690 441 246 278 932 700 723 407 87 386 267 217 102 671 456 976 892 546 266 348 288 376 304 814 326 837 295 300 371 484 535 718 343 923 795 741 873 271 256 842 841 330 890 99 257 526 694 888 211 682 302 453 721 300 227
763 215 422 362 716 364 970 741 954 374 947 309 660 502 434 612 56 588 639 626 764 728 157 162 929 672 922 112 347 875 786 898 119 400 163 409 556 651 823 990 983 442 4 602 716 266 361 955 582 246 313 530 301 44 197 304 892 842 912 708 61 552 206 695 277 763 29 950 374 202 477 681 267 840 132 369 73 432 756 871 152 552 41 146 790 168 503 940 274 52 552 229 805 227 185 580 219 798 336 235 479 486 734 116 960 901 219 5 800 779 578 209 104 704 183 422 434 326 267 149 959 342 783 658 241 428 595 739 664 904 675 463 380 511 606 277 862 890 228 318 329 431 172 876 532 969 218 841 715 548 633 748 347 796 110 640 585 259 475 980 929 798 149 704 729 799 72 606 218 29 125 213 73 618 907 858 746 35 855 227 993 815 878 554 986 227 351 272 207 197 247 191 45 140 699 3 255 76 493 778 205 701 61 479 288 894 474 708 878 623 982 315 760 886 485 78 189 269 315 239 78 127 553 766 753 490 434 656 891 829 688 127 38 698 110 20 351 737 528 244 897 695 533 646 913 830 777 980 399 675 854 351 838 433 187 606 805 136 346 552 65 250 821 672 12 509 924 739 837 661 66 29 835 973 137 288 833 469 137 454 831 999 127 781 670 529 807 1 212 778 993 120 660 865 750 15 108 525 583 382 628 379 911 787 591 380 715 105 717 359 129 872 566 265 708 945 280 382 63 938 379 521 179 966 90 215 640 921 141 508 940 184 307 803 340 281 624 677 608 557 942 251 279 840 232 135 859 777 795 61 921 976 823 474 273 246 544 532 799 387 56 425 501 418 749 363 244 197 94 59 427 757 549 328 959 232 330 769 902 695 81 233 753 630 479 442 865 894 705 94 358 559 548 442 957 301 41 877 304 812 7 574 945 962 463 59 900 873 486 541 219 394 93 110 640 74 995 702 452 102 607 651 55 424 132 900 618 593 383 265 441 745 117 268 599 377 136 48 123 214 516 119 741 115 184 912 197 806 986 456 511 123 344 731 384 13 583 557 312 710 40 696 580 700 952 289 440 515 396 359 715 449 270 452 535 483 749 703 701 730 261 312 127 491 87 792 970 89 92 786 299 894 584 515 614 282 896 782 724 866
292 445 596 17 66 141 298 243 233 88 246 388 172 600 281 937 819 184 67 391 517 325 173 667 988 480 297 780 13 99 577 251 482 862 726 213 886 410 40 906 891 1 418 55 930 703 841 547 823 948 848 915 779 790 618 263 394 526 169 790 979 168 818 752 18 283 410 961 520 197 883 380 711 579 988 274 225 44 840 720 268 711 471 849 310 529 672 349 8 130 412 696 977 327 680 294 856 739 117 136 863 714 326 572 219 774 77 268 724 671 135 862 748 8 74 860 258 164 820 651 729 260 325 821 857 100 198 497 397 291 287 824 97 13 807 969 127 355 513 960 906 993 145 954 808 859 823 827 251 980 556 166 259 958 296 362 578 929 681 873 93 900 442 334 6 849 359 640 170 457 57 33 427 783 897 777 336 239 37 577 524 809 974 449 213 578 346 412 310 893 230 451 778 728 579 649 595 541 842 228 770 278 519 869 468 166 448 53 147 360 654 533 205 973 141 890 457 68 760 386 625 820 35 322 889 246 17 472 588 426 849 306 211 418 751 969 363 528 598 30 486 706 964 585 389 703 890 118 367 324 299 736 175 299 746 468 71 423 52 98 15 191 609 721 165 39 418 629 50 523 74 265 210 938 631 437 757 336 901 501 793 22 636 885 760 197 260 871 487 157 26 70 953 147 154 14 775 439 586 543 493 922 742 407 807 343 400 924 984 947 447 870 284 177 524 789 843 633 482 121 390 436 351 6 180 30 663 904 125 140 624 456 475 501 635 19 631 332 302 216 292 39 137 991 140 440 642 881 677 277 968 915 515 540 17 529 471 2 474 830 287 729 586 395 174 926 758 942 553 236 454 557 454 707 80 377 742 666 869 274 627 866 334 533 676 274 252 641 931 86 632 65 598 353 557 83 880 320 634 526 748 193 630 703 169 318 531 517 283 790 654 755 603 219 444 185 984 20 821 867 806 96 979 867 850 283 551 662 695 367 857 79 744 662 426 151 374 207 128 345 404 940 720 168 776 74 169 381 357 869 936 63 216 294 727 152 178 375 118 274 992 603 688 694 510 379 449 202 55 896 332 617 188 859 166 899 909 383 414 727 239 818 466 717 725 209 774 177 647 742 163 443 604 460 589 344 214 301 625 503
522 531 226 878 50 981 22 629 455 485 49 811 311 870 409 207 915 818 226 2 16 206 578 104 33 209 326 94 368 158 358 325 99 487 111 92 637 609 12 316 275 297 897 283 171 442 597 948 902 501 98 700 186 847 264 507 993 316 760 155 160 291 351 34 742 488 799 704 69 799 844 267 7 993 331 82 593 132 695 274 35 264 815 460 865 507 718 897 866 915 124 624 991 815 508 998 439 75 49 262 374 803 579 295 740 334 365 604 700 7 592 731 464 430 401 757 881 195 918 426 401 862 70 79 551 510 823 657 982 673 65 764 813 562 565 60 468 939 95 467 643 462 180 74 833 624 298 698 803 868 68 9 302 659 141 418 70 661 132 133 121 12 301 403 518 94 201 401 760 774 586 478 544 667 145 183 139 231 799 909 139 39 662 184 405 654 694 163 949 375 47 785 683 515 950 958 53 628 689 273 105 150 575 328 548 905 408 246 854 70 743 138 995 519 402 202 160 847 545 112 505 139 110 379 806 695 181 675 306 711 210 491 195 145 180 211 545 887 848 986 166 271 207 152 928 271 657 35 255 958 152 162 364 802 608 898 976 380 128 940 82 882 737 634 420 753 769 43 30 878 771 603 45 72 226 5 366 43 4 603 848 930 15 400 629 28 605 132 915 590 986 430 43 43 79 360 11 773 545 64 597 732 823 804 793 684 833 918 485 15 951 230 517 183 525 925 419 160 270 270 362 298 874 183 670 454 448 813 666 79 576 566 804 977 248 524 121 863 617 705 326 10 644 274 311 74 294 106 600 52 343 480 435 517 788 743 857 932 680 947 2 963 59 92 588 951 33 92 276 418 435 230 792 898 569 320 681 470 631 336 396 485 951 798 242 87 902 591 930 787 968 41 999 810 6 678 753 297 636 210 279 592 293 338 855 259 19 31 136 435 377 92 830 953 210 860 360 853 207 389 110 546 51 889 537 188 251 190 178 65 461 649 290 618 722 13 779 575 56 754 187 715 302 38 527 245 393 317 362 377 213 446 168 618 584 896 921 207 714 662 88 947 58 199 368 423 567 568 304 514 577 195 846 68 318 37 321 127 75 604 575 811 176 232 297 397 586 543 971 136 575 244 565 302 48 189 723 454 81 152
831 35 982 108 713 931 339 201 703 489 772 514 186 785 15 237 179 552 698 319 674 162 267 333 952 839 312 816 139 952 906 881 834 832 385 904 374 984 187 671 863 103 537 957 251 89 532 156 892 298 863 742 456 835 296 90 243 790 55 956 29 714 67 2 811 244 809 198 881 358 267 166 127 491 22 998 904 590 11 244 831 658 259 671 579 722 165 578 36 478 743 532 38 634 123 904 67 226 485 714 864 680 653 492 281 881 39 850 593 393 697 371 98 510 631 215 817 490 265 116 520 747 702 558 655 516 348 442 342 289 239 372 202 492 82 900 869 40 879 712 672 905 548 535 145 130 574 766 118 684 184 383 590 359 667 171 650 310 131 653 914 822 254 836 930 474 905 530 227 563 612 343 780 65 542 512 656 712 41 616 483 91 0 648 532 659 454 97 578 85 303 801 671 48 974 416 105 632 927 986 719 709 228 607 479 778 23 726 388 398 375 961 622 264 210 724 515 60 743 340 813 500 6 789 931 912 996 344 8 414 812 388 860 900 881 415 739 396 245 62 992 150 613 481 501 592 436 160 444 937 418 282 399 44 32 828 982 736 171 178 372 462 12 583 442 971 85 414 110 626 781 850 725 825 296 954 564 482 348 844 617 316 425 942 783 675 945 967 562 899 373 453 370 714 537 711 416 172 304 200 540 8 44 247 465 791 553 472 117 137 432 934 615 887 453 773 558 756 491 938 931 355 21 396 923 307 456 255 472 276 374 714 454 574 953 773 474 437 340 981 59 361 26 297 554 421 171 630 154 259 532 251 839 224 419 130 198 945 243 718 187 123 86 760 873 657 954 915 66 0 951 124 540 3 151 992 110 722 586 442 452 585 240 265 232 146 310 919 663 297 33 597 788 129 39 62 784 824 601 166 553 575 37 796 762 974 36 768 920 865 879 589 902 470 171 2 416 674 340 77 672 950 733 225 141 464 798 760 903 629 793 728 298 667 376 233 645 429 252 768 399 630 145 69 866 841 447 460 531 730 931 757 82 767 69 829 873 830 472 915 679 170 356 964 57 366 44 58 161 209 927 707 813 194 819 192 788 365 589 523 846 942 179 641 726 844 735 560 680 824 725 551 336 470 14 116 658 824 35 658
88 583 760 251 577 39 586 183 475 597 278 459 409 509 582 820 373 591 37 448 617 630 330 315 129 601 323 483 69 210 594 920 263 726 438 984 140 768 141 802 176 736 210 845 933 877 135 173 499 866 864 910 226 45 766 601 390 229 232 953 438 145 857 630 265 593 303 970 854 348 250 629 448 740 535 171 520 796 841 15 630 85 933 203 643 530 610 165 568 372 621 882 629 464 517 734 320 245 890 230 410 87 580 879 662 255 188 306 574 263 52 758 167 470 9 468 350 362 404 404 727 735 124 146 87 93 919 612 991 253 675 54 774 803 61 635 120 191 577 616 303 306 739 784 817 865 600 401 631 464 998 606 851 820 734 94 984 280 540 234 100 392 927 333 929 608 27 562 263 770 218 747 426 664 3 176 91 972 77 970 785 184 377 352 906 366 943 117 365 418 145 10 411 548 233 115 855 487 827 29 975 152 652 371 939 568 46 569 729 965 319 245 582 561 948 248 836 532 295 721 236 56 537 315 362 517 78 235 442 56 888 425 906 808 993 891 956 932 628 883 908 101 772 394 50 866 928 94 769 757 658 478 743 767 63 321 601 196 702 738 603 24 323 816 992 109 436 114 275 228 369 213 224 732 917 75 893 952 362 149 851 710 442 465 173 479 99 236 331 384 542 816 109 270 702 882 77 270 567 716 12 940 617 633 706 207 602 738 802 544 436 499 944 945 813 680 149 515 882 817 85 438 860 385 321 858 931 497 340 887 933 765 432 180 847 653 994 891 688 540 405 329 636 286 977 655 671 529 908 938 457 412 799 803 209 129 501 91 451 638 642 404 64 963 353 181 295 596 556 154 149 976 183 144 690 14 748 269 99 849 34 988 306 159 714 413 974 361 896 298 317 764 47 544 402 77 136 583 653 188 99 699 98 525 191 242 921 837 664 821 106 515 427 349 43 553 586 827 896 258 773 364 756 374 965 158 782 225 658 484 215 495 212 819 802 495 794 801 85 604 946 813 205 807 525 118 233 53 800 959 541 211 227 879 132 724 715 477 276 440 983 602 470 357 611 244 167 306 827 456 954 379 217 741 203 144 558 800 689 391 495 365 943 640 140 523 120 715 406 996 400 497 637 63 79 570 834 89 672 363
474 129 936 897 614 760 216 357 424 466 711 378 815 681 169 357 342 95 98 930 928 986 264 227 531 99 511 256 634 83 449 582 217 191 619 467 627 369 847 419 244 953 127 347 479 866 307 803 282 205 616 669 890 636 735 115 936 252 872 450 158 40 749 787 432 197 799 999 482 614 376 862 25 346 666 204 886 679 524 596 685 663 875 555 80 748 680 32 146 371 317 346 782 521 752 239 318 933 626 453 333 854 66 721 389 608 254 890 700 474 222 364 471 4 372 559 58 524 971 556 292 28 634 729 18 280 238 156 423 565 735 942 457 847 787 911 688 595 90 970 184 946 499 455 958 926 938 605 846 757 49 228 502 96 986 729 863 899 570 409 612 570 647 345 194 506 113 625 44 358 63 776 590 19 636 111 60 364 312 875 571 201 30 204 234 857 9 604 390 916 684 677 58 602 918 905 381 759 885 586 227 269 304 929 197 938 491 832 801 665 49 388 151 870 67 148 864 747 987 688 335 859 644 837 108 929 63 571 735 931 65 81 328 728 341 2 872 227 829 614 199 278 684 737 869 605 463 324 785 520 925 600 181 711 939 147 239 748 658 832 719 409 196 874 959 549 149 480 588 217 704 158 409 609 292 15 488 404 968 888 501 264 488 450 647 951 213 717 3 477 246 950 780 715 285 765 58 204 151 378 551 110 226 142 867 590 12 159 946 453 4 802 597 180 57 823 689 19 784 255 776 759 644 924 730 125 896 715 419 367 159 67 765 413 437 102 125 556 754 588 163 194 908 285 595 942 672 388 75 184 23 646 994 667 618 956 983 337 146 873 902 422 959 34 266 522 468 828 778 894 580 74 516 4 665 597 186 846 762 980 447 597 74 311 879 545 813 851 760 916 621 369 363 781 926 66 240 471 559 276 842 871 942 215 241 16 932 170 618 495 904 627 938 839 263 459 530 531 832 284 971 630 693 823 101 674 575 880 563 750 439 377 994 323 198 221 680 443 854 929 600 977 528 192 185 848 531 102 872 275 334 511 577 524 925 337 579 414 357 901 543 944 597 944 669 834 314 524 819 813 726 18 32 925 785 529 147 989 365 682 720 376 612 457 303 901 676 994 43 811 119 998 1 190 342 739 763 512 114 880
160 246 555 525 921 996 684 229 122 43 110 786 492 392 151 317 321 608 939 859 312 497 178 980 513 357 255 942 77 132 232 643 881 475 808 251 923 302 666 398 538 226 334 151 563 356 489 699 173 11 162 212 100 1 460 44 479 390 401 608 143 861 564 156 76 250 302 963 280 518 919 27 452 125 502 583 482 525 112 27 912 859 543 37 769 420 587 143 407 961 447 868 494 919 598 429 975 40 940 665 173 883 181 327 453 969 812 879 589 634 938 240 386 546 686 540 119 983 305 747 567 292 214 597 585 393 733 173 107 380 462 533 117 832 353 727 538 355 260 64 848 466 954 870 991 26 766 835 597 145 955 799 464 344 884 161 82 988 752 55 239 638 998 192 455 56 732 560 380 681 45 879 690 693 285 720 76 910 441 417 638 164 184 175 285 786 226 786 1 560 225 587 450 901 569 273 310 754 135 833 86 677 825 988 227 569 190 729 15 280 42 307 991 224 137 512 996 726 709 850 774 822 780 143 570 254 701 883 570 210 394 784 709 959 253 350 53 891 85 790 556 160 485 76 596 118 114 384 753 597 950 948 224 503 309 851 381 398 654 988 126 46 694 285 735 63 231 763 111 705 693 531 383 878 618 57 41 631 403 680 625 108 809 339 445 405 959 165 539 828 272 388 981 713 258 760 425 646 782 234 954 911 374 48 465 903 290 831 124 854 162 987 374 675 410 376 644 120 351 66 743 383 759 410 268 993 903 182 141 255 580 422 435 416 870 488 182 739 974 591 747 917 737 812 252 189 873 515 513 409 847 24 976 604 597 107 468 183 948 180 701 265 14 322 286 151 751 630 148 374 419 734 803 112 871 55 234 30 393 711 770 394 925 360 409 235 399 337 587 356 684 797 349 246 262 627 159 31 529 453 468 728 781 993 75 249 925 812 662 465 406 856 451 695 170 13 930 800 16 695 462 29 92 539 472 292 225 174 845 543 351 657 710 359 555 540 289 788 168 660 670 675 27 436 214 868 287 757 651 124 537 708 839 55 341 530 955 487 82 193 626 929 404 938 662 447 69 547 987 463 652 653 358 337 949 636 426 341 299 589 536 856 812 223 127 50 966 520 90 153 10 192 980 815 31 344 840 956 974 116
409 516 102 686 850 140 748 323 174 44 976 44 619 991 524 121 626 506 612 659 561 144 384 511 44 388 864 830 516 674 509 116 593 206 546 371 274 523 319 133 517 103 812 642 999 108 375 248 770 637 548 867 305 923 151 212 900 225 449 989 993 63 351 989 126 188 101 343 613 390 258 643 67 396 336 989 784 224 157 890 977 310 670 523 313 600 929 898 962 597 890 699 526 901 607 269 652 288 87 661 18 697 176 638 923 388 580 881 252 113 361 509 83 805 521 763 887 740 867 981 296 109 927 612 186 827 611 732 799 405 507 871 853 107 607 566 309 131 774 593 867 984 530 409 147 243 887 65 873 403 571 279 924 848 196 430 141 852 128 804 558 819 931 547 243 118 859 416 438 11 151 897 28 227 825 995 726 728 409 735 395 441 651 392 16 193 261 622 466 699 700 326 786 632 234 566 239 171 758 959 184 653 546 328 681 469 396 487 828 706 701 231 913 489 551 805 151 957 251 30 958 280 81 205 376 937 713 588 649 339 141 366 369 128 300 830 126 476 84 562 465 430 397 100 822 365 465 284 90 95 274 338 183 429 361 900 369 368 377 335 945 548 211 387 785 948 159 494 986 594 864 822 173 915 204 436 838 650 524 442 730 218 869 106 182 995 906 60 290 131 332 251 340 349 693 629 101 961 300 65 483 901 321 414 227 948 490 793 937 996 299 929 700 814 596 861 779 594 568 843 363 76 482 505 580 20 236 748 665 338 774 913 41 797 658 511 467 18 467 687 771 946 567 607 787 602 777 574 140 284 526 326 85 807 796 422 637 649 224 678 949 220 838 711 642 110 594 569 331 653 778 155 264 226 252 722 476 944 28 781 42 207 951 431 784 380 780 405 405 632 347 279 926 924 174 310 378 728 933 16 8 738 428 740 894 352 946 591 327 239 282 951 388 460 99 410 795 367 217 198 67 623 204 320 198 236 801 785 106 823 838 0 233 334 133 461 648 551 800 510 69 915 153 718 599 394 584 368 545 484 500 173 588 175 969 430 590 969 549 159 359 27 137 159 171 638 768 436 320 631 565 239 338 590 757 30 966 56 954 803 497 472 483 948 811 574 717 481 893 716 135 398 47 367 405 18 747 861 10 249
322 509 856 350 905 79 95 0 499 35 377 465 211 830 604 822 586 983 359 602 615 258 117 99 356 560 227 503 791 412 437 304 174 588 533 359 487 165 502 523 912 873 523 420 19 703 118 598 731 859 408 139 618 831 633 561 822 253 432 637 578 518 862 201 742 314 515 484 780 330 326 68 685 885 322 875 952 127 187 527 350 173 799 573 174 683 378 425 302 51 580 402 719 511 148 774 702 102 53 169 694 691 764 112 742 133 907 865 347 57 151 11 192 775 159 80 227 325 481 920 38 550 760 738 912 729 200 784 172 104 385 890 727 132 964 666 610 99 643 701 213 105 872 400 817 46 528 137 527 349 97 533 639 639 481 609 234 592 642 324 339 206 828 100 294 114 655 291 301 198 913 79 20 374 987 906 528 156 312 640 368 571 512 681 238 748 819 456 565 205 254 95 953 191 778 59 512 805 806 773 833 895 177 954 875 895 220 549 359 361 64 522 908 71 916 380 311 485 882 199 144 638 813 940 29 538 300 633 244 969 918 407 551 39 124 785 736 303 847 499 835 700 203 325 48 125 403 563 500 460 531 787 265 87 184 882 806 534 527 343 993 477 326 750 133 290 366 601 394 329 766 410 276 849 914 11 816 543 645 856 583 498 715 749 790 897 837 754 947 435 52 206 300 287 956 47 299 56 262 559 653 765 686 416 147 458 146 977 561 376 591 979 363 256 963 322 948 43 784 91 166 195 493 489 191 688 352 203 811 792 66 206 278 99 640 659 500 462 31 560 966 326 518 752 18 728 994 600 816 845 575 401 686 277 735 338 203 614 961 421 958 427 589 981 333 287 243 484 753 932 280 615 231 743 380 170 584 977 504 362 913 994 198 322 839 972 95 467 583 627 343 711 368 764 295 497 105 336 883 80 289 852 15 130 82 438 417 695 527 539 196 67 254 178 275 332 764 561 915 588 880 272 533 481 503 188 159 866 662 997 706 581 602 98 90 228 713 756 761 929 117 91 763 123 561 217 259 831 153 818 586 517 219 929 721 399 202 375 568 974 695 472 812 941 110 28 43 803 562 372 884 474 812 584 271 171 557 911 377 92 871 684 188 295 339 355 708 664 941 583 711 877 681 940 968 486 785 353 4 283
826 965 101 856 631 194 737 303 938 804 382 221 115 19 969 508 160 699 283 874 760 193 133 307 484 253 305 598 761 414 950 400 393 619 465 631 585 433 426 871 626 348 79 271 896 62 707 304 939 381 886 500 601 739 396 551 963 173 294 486 784 132 754 110 893 622 137 582 480 56 230 3 454 955 678 212 78 482 478 743 65 455 162 462 793 271 208 726 148 694 300 373 146 742 902 46 22 426 830 690 792 890 378 879 952 938 90 593 714 690 218 541 862 387 389 130 36 802 322 508 439 468 93 30 695 521 797 791 333 464 358 410 863 967 689 638 247 8 966 391 81 241 987 591 303 53 77 148 532 681 737 476 840 29 48 995 0 380 674 103 630 719 436 341 998 481 250 726 81 319 998 36 256 120 503 255 565 353 667 998 815 114 63 41 680 130 442 230 800 883 626 792 434 797 561 622 81 743 113 548 129 254 663 562 538 429 631 238 892 910 806 48 915 689 484 905 481 61 656 18 882 463 370 975 299 998 887 906 488 935 430 127 804 624 773 718 873 84 591 334 797 218 354 389 792 222 43 897 262 965 24 75 779 485 842 133 329 499 825 358 374 690 985 5 558 898 960 403 358 531 795 587 168 950 786 890 114 764 442 453 832 859 224 494 462 974 356 561 909 883 591 566 230 562 179 705 686 291 794 918 124 220 263 501 693 552 148 82 309 648 401 881 371 60 818 469 829 48 987 724 365 315 787 401 762 383 226 275 855 126 290 779 772 875 75 679 852 764 128 260 825 635 780 814 116 213 877 936 543 188 49 761 160 196 557 80 198 600 438 674 708 166 167 549 296 612 411 539 855 141 11 307 480 799 239 253 15 137 262 430 41 320 508 516 648 418 99 336 99 108 111 31 724 428 943 579 242 168 402 972 577 339 537 958 118 255 204 223 257 311 105 653 69 376 731 722 763 187 768 463 849 969 986 774 67 30 249 95 874 533 956 297 455 962 894 286 469 294 592 480 419 998 527 150 511 920 386 649 374 264 690 808 13 537 98 332 306 315 226 626 732 488 459 160 850 984 349 360 241 288 188 616 628 351 874 169 182 232 95 765 306 393 43 867 606 397 861 436 542 270 511 689 529 841 74 759 552 929 180 976
942 185 261 909 562 886 466 902 72 336 846 146 442 607 47 187 549 144 369 274 180 525 597 334 594 73 46 122 847 514 478 36 188 970 889 152 715 469 274 619 179 556 112 40 564 531 455 725 230 154 473 651 790 186 839 352 883 337 920 194 641 508 799 908 86 891 0 586 955 932 646 368 125 513 28 211 419 241 240 837 638 316 605 317 269 449 624 43 338 273 25 859 820 779 125 930 201 671 606 684 653 138 214 672 459 410 610 900 600 967 209 476 133 112 168 859 382 686 51 960 626 535 757 988 907 747 680 475 992 373 967 903 986 546 985 605 564 518 226 545 976 20 596 700 62 853 549 287 76 580 441 499 745 108 653 456 326 31 918 278 11 263 43 542 580 973 408 730 414 304 844 451 151 367 774 839 584 129 532 338 15 832 902 608 818 18 331 936 172 126 219 319 605 993 190 11 308 139 742 670 901 746 766 231 181 66 132 540 658 682 211 325 196 748 706 218 550 352 720 816 224 922 224 387 948 359 884 696 330 754 975 564 406 618 161 343 699 161 69 556 862 701 508 661 872 937 888 754 81 939 824 293 305 279 67 675 452 30 299 737 876 413 896 65 643 636 286 794 685 46 724 697 284 45 278 307 419 106 159 920 370 253 895 596 154 559 95 263 444 827 740 109 70 959 919 966 419 192 155 46 522 564 425 101 687 182 816 121 293 552 718 757 233 220 709 173 270 160 808 468 628 46 12 891 131 445 797 410 645 196 540 833 866 459 667 609 545 684 345 894 499 371 785 724 422 301 638 711 97 877 176 831 559 263 25 248 167 472 337 453 676 39 416 495 821 759 7 172 851 770 920 438 452 265 184 156 76 266 207 975 339 433 955 352 799 9 766 187 641 473 970 562 869 856 643 251 154 844 980 511 200 265 937 961 551 648 349 532 396 449 237 927 185 694 143 496 407 292 838 262 622 776 263 936 736 985 545 230 212 283 340 528 549 271 521 629 231 654 848 751 122 166 376 441 861 503 691 860 183 189 48 994 631 488 382 568 547 652 97 249 890 753 173 287 443 780 927 126 605 550 500 557 560 37 737 591 452 282 722 596 514 102 959 470 971 944 738 956 162 436 632 463 364 73 316 965 704 753 400 652
732 524 400 284 499 390 94 158 854 133 986 163 865 626 839 675 527 563 157 854 105 320 402 246 12 168 733 51 978 956 585 643 625 534 157 809 173 896 662 77 944 924 587 377 860 202 200 195 651 317 90 180 394 202 491 320 846 420 843 994 530 541 960 754 905 923 979 235 342 150 142 190 787 931 342 732 864 994 990 762 67 323 607 160 210 64 110 609 687 248 643 746 690 286 897 532 687 681 47 167 732 342 634 598 602 204 356 165 124 370 313 429 935 510 241 238 848 805 93 439 762 823 870 893 981 906 480 905 933 876 237 423 81 64 75 277 652 382 88 811 236 781 41 634 6 812 956 886 587 564 731 98 233 858 252 483 383 407 628 997 572 58 779 507 811 307 224 491 530 984 446 784 943 983 743 262 969 274 249 381 908 110 15 528 382 833 371 913 992 808 802 104 611 61 350 829 368 31 718 537 699 606 732 554 327 403 50 299 669 880 712 323 487 757 670 650 789 36 898 689 146 781 357 70 810 111 967 642 904 394 565 121 533 826 634 276 887 940 961 981 383 593 896 163 980 949 482 599 935 23 860 922 139 664 507 694 308 212 961 656 309 357 416 93 727 832 442 49 950 701 496 938 167 191 258 166 518 1 274 194 646 302 237 583 578 113 71 393 468 680 626 155 320 608 308 655 321 286 982 225 419 90 68 136 366 8 322 383 526 853 865 253 861 791 451 500 430 986 822 958 387 653 714 667 340 153 310 868 397 619 376 83 975 965 828 32 984 336 471 352 824 660 419 965 889 699 708 102 58 262 39 497 283 656 453 930 208 289 684 632 952 111 503 799 613 130 240 293 364 213 365 991 2 951 322 278 629 697 115 305 712 876 743 358 894 819 910 46 182 8 676 886 316 226 488 33 158 86 349 570 460 833 520 0 222 886 191 758 204 388 717 178 556 158 980 65 845 894 128 644 737 968 684 234 884 789 659 756 110 410 696 273 383 314 906 430 113 647 728 367 869 458 344 175 342 289 634 513 253 128 296 802 641 412 60 216 325 817 349 220 725 10 183 113 433 243 542 536 615 889 976 235 730 951 157 613 759 7 997 731 770 467 627 491 251 944 173 839 953 54 460 523 519 21 437 106 143 985 272 69
85 242 218 733 581 312 523 949 187 806 456 437 305 836 168 40 504 973 305 719 388 217 234 656 528 424 318 265 809 210 956 303 503 369 39 790 831 315 67 356 754 623 676 916 369 718 926 109 517 122 484 566 22 459 236 468 104 851 360 365 802 610 206 454 126 483 428 949 929 734 109 805 878 359 431 588 611 974 976 774 316 910 980 554 398 573 484 338 75 637 127 356 762 502 416 409 64 522 81 664 610 437 29 726 71 337 575 116 433 599 471 615 264 155 661 850 395 426 718 53 573 310 234 694 180 902 133 607 141 342 37 141 559 498 91 26 737 774 214 552 742 524 812 253 208 28 997 241 52 267 770 299 74 936 102 296 742 541 744 415 581 531 749 992 185 729 466 956 218 385 660 41 272 552 805 663 319 596 589 997 392 494 149 53 780 407 421 341 953 651 69 689 958 842 749 977 972 939 745 965 294 421 740 336 600 221 414 929 823 75 320 611 951 551 724 853 864 740 357 78 105 301 867 718 384 354 431 278 453 481 502 946 965 821 863 796 186 539 361 23 468 852 446 425 97 306 417 367 75 135 398 754 952 42 906 545 909 144 199 495 564 540 311 756 865 466 876 820 61 478 940 710 259 543 955 205 685 167 550 212 49 112 678 642 310 445 62 322 824 775 474 923 968 18 82 112 877 164 235 625 966 802 742 477 447 280 300 579 69 961 28 475 756 756 312 779 108 123 514 163 927 525 304 816 304 585 401 181 596 293 796 34 504 287 307 19 909 44 530 496 982 257 247 170 221 663 136 806 25 762 956 438 860 795 196 274 437 272 798 840 536 930 839 540 438 940 109 404 175 855 671 964 546 492 583 916 349 137 151 965 187 693 252 637 653 952 977 718 496 988 852 64 202 664 791 208 228 659 747 15 884 259 414 729 576 553 151 674 915 214 857 848 683 761 486 163 768 850 546 180 430 372 547 454 893 156 854 486 841 469 290 386 901 715 423 532 778 354 884 112 409 334 696 335 406 327 524 934 727 902 973 525 595 694 443 849 289 459 272 884 410 967 306 529 456 290 159 376 204 166 629 42 200 529 604 916 723 76 122 327 289 864 665 370 122 724 473 451 824 805 270 281 86 202 758 685 692 428 57 74
830 501 209 750 404 52 559 516 707 231 622 447 515 176 274 369 287 832 528 21 620 215 167 462 397 51 671 122 86 79 980 164 713 497 307 85 894 11 975 210 554 179 16 295 836 863 388 755 342 577 38 76 356 350 30 656 830 824 120 961 545 503 96 200 265 416 960 651 414 621 997 474 949 616 465 447 503 327 764 459 559 235 108 27 889 509 925 146 946 930 693 249 515 103 327 620 466 587 757 483 837 475 92 444 362 442 925 869 603 919 127 835 11 984 179 946 468 364 113 996 898 221 37 37 333 975 389 264 723 158 803 635 267 944 921 671 707 183 344 443 637 751 944 398 234 646 365 55 536 380 235 104 195 884 80 634 897 628 793 177 95 447 502 374 963 187 623 869 359 36 628 177 975 717 572 75 334 84 727 815 576 695 617 982 804 33 756 384 94 302 216 243 395 591 445 876 452 907 333 599 983 508 353 351 572 846 121 572 280 176 759 452 388 843 302 387 14 662 914 125 418 489 891 617 279 232 675 8 249 111 326 718 757 442 825 750 58 756 568 552 631 185 437 56 664 405 81 496 531 686 654 142 75 397 73 973 470 113 746 440 747 935 592 729 197 768 771 388 767 408 913 885 512 237 415 174 815 115 186 902 565 726 633 79 652 100 133 471 681 944 970 623 172 435 382 944 286 559 815 881 69 848 772 877 267 859 48 275 636 718 250 65 45 414 349 700 296 695 618 608 551 462 168 5 701 744 385 859 467 368 91 126 425 766 795 976 653 330 487 594 975 361 676 973 947 260 866 825 198 500 143 157 138 378 889 869 129 214 244 56 737 274 910 584 165 872 85 464 557 501 397 288 752 239 676 403 633 276 986 919 947 262 411 183 5 186 698 726 367 166 315 908 357 765 60 746 251 887 763 142 307 608 900 138 390 298 436 451 958 537 794 720 802 446 170 38 750 965 474 814 8 162 109 79 801 64 255 330 687 726 56 998 794 797 306 756 790 788 961 653 280 180 397 736 455 628 642 143 338 468 856 693 450 319 494 626 195 426 666 847 919 689 812 494 94 956 697 955 991 912 90 259 562 94 113 417 155 485 393 447 931 742 33 232 918 926 862 665 949 926 300 176 530 697 376 812 691 80 363 552
238 60 413 366 38 848 200 571 881 367 991 322 697 409 675 258 522 932 442 620 67 114 347 450 844 243 722 910 399 383 793 468 57 106 121 972 538 431 546 26 313 824 159 540 78 849 255 211 319 275 244 581 879 345 98 402 543 120 616 339 571 332 318 146 179 369 74 990 880 944 75 741 501 929 219 734 853 885 637 972 96 773 801 964 493 842 993 42 945 724 319 665 289 903 460 647 185 557 342 459 525 236 132 300 843 574 841 578 687 427 135 86 539 12 747 143 799 416 140 871 914 585 296 32 68 788 806 256 201 791 547 182 889 792 276 865 470 436 885 436 50 228 366 796 257 597 977 759 532 838 302 810 117 470 654 863 529 337 70 985 164 693 684 459 837 416 110 625 179 354 267 254 853 201 299 226 888 801 589 21 563 101 583 248 444 292 239 706 631 964 810 405 4 932 254 609 628 815 5 261 815 72 765 273 125 169 992 995 615 275 879 82 913 418 880 232 624 380 692 210 206 883 989 370 327 686 168 740 891 947 751 510 837 245 222 88 622 192 832 843 216 894 775 227 930 39 284 204 180 362 296 453 252 944 432 684 933 565 328 999 328 132 207 263 331 13 836 561 416 965 572 362 744 590 116 546 389 289 49 182 246 134 722 183 420 395 449 733 743 474 8 881 168 225 179 554 473 198 283 321 548 235 685 597 724 655 72 630 604 419 349 571 640 610 227 425 529 895 352 672 692 167 891 35 514 561 706 525 454 485 411 92 839 375 393 320 403 718 271 106 857 27 452 314 598 189 435 434 591 968 444 551 741 741 309 819 648 210 775 236 942 746 381 567 788 681 377 959 378 387 366 687 311 780 101 763 715 292 253 650 2 218 782 506 759 58 592 338 752 420 329 131 954 16 860 304 678 105 654 443 991 496 130 519 193 961 138 614 967 376 42 414 873 337 774 137 233 103 960 243 712 431 540 564 195 199 828 75 256 46 466 352 713 707 271 446 591 894 432 10 902 482 341 122 950 755 214 858 46 132 132 840 788 372 240 44 227 309 978 572 201 883 41 487 470 354 560 307 621 399 452 59 301 892 967 57 147 446 611 770 788 930 727 52 407 50 427 891 673 702 661 824 83 799 96 990 516 273 3 320
741 455 235 864 899 36 67 866 443 820 233 508 546 49 78 519 205 357 231 225 817 287 106 172 598 341 691 622 449 848 794 145 264 888 311 456 97 660 262 111 285 31 481 403 778 746 978 601 505 312 122 845 905 294 383 636 376 490 325 969 718 449 431 542 51 671 948 176 294 73 743 992 218 159 10 707 863 411 273 367 122 286 435 552 170 592 58 945 573 224 218 799 234 463 421 933 126 742 943 532 296 977 560 247 899 397 133 802 409 238 291 181 731 532 103 629 62 577 223 79 366 518 471 857 724 926 26 897 389 756 625 162 309 628 582 499 731 43 439 584 90 68 471 301 387 677 222 575 125 774 172 621 547 531 88 910 46 135 290 519 79 631 522 418 432 346 999 384 231 119 497 328 389 592 677 170 693 432 159 359 638 775 9 30 408 605 139 11 140 275 798 162 412 536 8 638 876 290 954 646 644 90 651 604 92 28 863 185 576 802 18 322 763 475 196 175 451 321 202 889 85 936 895 54 272 717 44 520 691 474 801 486 814 821 930 424 632 840 801 850 982 952 971 188 47 799 687 414 879 22 285 670 102 641 706 310 692 608 762 309 982 397 649 753 728 344 260 735 781 54 732 877 829 771 328 663 700 337 562 911 594 136 64 197 162 39 551 234 683 773 54 335 86 96 820 2 537 442 481 107 170 601 824 508 422 882 647 952 29 311 127 931 982 813 137 170 801 643 25 558 951 130 89 904 192 168 789 595 98 13 281 588 402 368 85 501 432 304 950 191 680 611 223 848 468 774 334 323 778 645 829 821 157 50 298 676 349 447 134 922 445 896 19 602 27 875 368 436 207 615 939 921 705 171 11 741 574 26 946 724 933 634 825 953 857 907 239 377 703 253 892 776 259 798 288 518 463 406 737 587 845 165 121 993 268 868 935 926 82 331 394 728 200 890 941 396 480 190 11 6 185 119 989 322 144 281 405 978 275 34 618 535 322 625 950 965 465 199 15 849 956 660 142 983 388 716 841 126 378 831 401 940 11 320 38 71 380 779 296 187 502 719 259 190 218 726 634 565 614 792 538 58 653 776 759 480 838 534 260 662 226 663 606 488 756 40 246 354 619 565 274 156 951 114 254 450 882 952 306 116
547 163 702 974 887 723 143 868 160 674 313 875 139 210 68 910 821 177 544 688 385 40 274 77 730 29 710 366 312 261 783 605 488 90 432 558 673 465 678 151 93 497 925 546 7 327 783 557 103 247 386 392 638 371 796 218 629 952 559 850 894 137 430 840 142 675 457 238 72 317 739 615 759 382 919 958 594 116 811 392 978 988 222 336 688 626 952 442 482 381 114 456 17 905 78 84 660 693 281 69 567 432 675 186 416 476 785 163 30 653 711 31 455 886 140 235 579 827 72 584 842 220 177 223 242 455 879 626 297 618 878 691 25 791 409 689 335 920 481 683 829 459 118 807 95 939 641 510 831 96 877 72 551 40 772 648 853 811 32 796 872 531 614 815 187 201 991 278 370 648 99 591 85 9 951 894 33 904 210 361 632 516 371 374 796 950 921 435 859 630 192 827 198 570 486 291 398 341 119 323 618 245 240 48 571 576 488 488 932 446 935 450 366 877 501 926 898 425 664 343 251 254 950 107 439 942 189 484 672 311 577 270 435 669 419 358 431 736 650 155 714 811 692 57 150 944 795 430 735 576 997 407 101 712 759 236 185 178 504 568 539 33 17 716 741 399 783 954 356 412 661 554 599 560 142 759 272 471 743 189 32 233 76 659 620 681 279 403 326 25 999 579 590 460 232 766 260 53 358 716 993 536 417 553 364 836 577 596 224 863 749 68 440 85 216 615 483 339 79 583 731 659 331 417 639 55 554 257 245 409 534 868 821 702 175 539 544 330 666 211 911 876 232 391 315 528 786 401 31 537 230 120 884 279 124 887 87 750 53 471 708 472 854 155 931 748 962 176 244 552 604 287 322 387 232 771 302 122 737 934 65 439 342 855 749 797 45 233 388 889 326 114 892 542 265 390 412 523 675 440 222 453 347 330 226 67 967 164 861 105 869 723 473 442 318 977 822 258 590 733 664 214 791 584 193 547 951 909 490 522 212 473 855 126 7 318 454 725 781 937 100 423 538 412 446 847 625 543 21 553 863 132 328 245 261 645 132 467 889 488 884 645 24 912 954 498 930 653 146 729 176 389 362 706 928 143 651 782 259 750 298 578 548 110 626 408 119 400 928 805 115 525 217 611 529 472 626 697 243 629
421 302 616 376 277 972 696 496 125 570 48 316 922 147 80 371 86 50 491 943 488 403 305 158 916 957 164 760 123 819 914 904 505 471 117 435 864 458 775 278 433 855 399 542 416 606 178 631 755 279 248 436 311 480 180 890 122 573 485 134 653 870 789 512 502 433 145 924 443 641 51 173 413 882 704 938 728 777 288 638 920 862 584 61 197 319 96 154 797 5 40 108 117 810 117 164 481 210 82 501 662 807 584 566 690 72 660 699 601 221 921 782 885 676 322 90 151 27 290 879 22 38 988 535 949 884 288 663 776 891 507 743 196 255 129 530 594 812 407 108 294 968 857 232 225 561 361 423 270 838 151 47 825 822 919 882 959 79 407 301 362 953 874 758 217 211 182 288 253 461 189 696 196 457 21 563 52 305 740 761 501 629 904 523 437 120 529 651 318 186 74 524 495 879 25 0 604 106 780 301 705 969 729 855 543 529 329 392 498 992 540 967 76 156 755 970 449 389 561 69 454 426 453 786 663 560 86 262 65 120 419 973 505 838 549 143 677 860 789 64 431 349 663 843 976 310 498 398 949 447 764 786 739 190 547 622 486 145 390 138 916 705 207 621 439 762 612 76 957 602 342 648 572 25 675 752 116 586 691 878 804 296 572 260 936 207 152 115 762 36 635 293 868 131 151 147 798 487 76 838 755 109 134 206 336 55 441 328 407 660 135 221 502 514 326 584 515 344 605 511 83 907 863 113 791 181 878 182 900 609 759 466 132 60 109 968 732 435 178 319 129 750 926 284 344 68 591 248 254 990 455 872 606 701 154 617 703 831 910 19 264 933 635 390 42 321 241 70 505 59 79 682 235 692 592 191 851 216 879 507 306 476 151 52 404 266 269 446 139 516 351 328 195 550 708 733 469 985 117 162 198 77 336 177 459 855 553 496 609 749 841 827 900 232 295 246 530 372 168 278 437 862 746 238 26 202 167 63 540 364 937 833 241 115 729 874 771 140 463 414 95 825 396 651 317 485 794 756 385 158 88 880 853 751 176 692 832 854 433 833 422 355 884 282 459 428 105 751 64 219 944 512 115 225 440 72 455 260 462 270 143 582 882 299 906 581 199 601 888 84 595 376 170 238 221 913 152 820 224 814
522 805 603 343 631 397 867 691 997 341 785 685 98 916 603 688 105 747 961 52 673 102 398 195 908 717 997 767 716 541 293 816 522 755 191 795 623 274 774 975 866 201 636 480 756 528 608 745 212 297 732 602 421 226 970 702 667 171 88 801 224 468 441 263 198 522 360 333 902 702 429 2 182 876 102 233 344 159 965 41 88 470 401 277 305 97 462 234 979 11 900 287 817 578 428 113 596 806 519 132 382 4 977 551 101 818 980 330 981 794 908 394 768 10 682 977 583 385 454 281 850 110 792 652 761 303 611 728 471 224 113 948 924 375 436 385 38 453 518 162 457 594 874 765 134 84 941 473 914 29 595 48 929 988 311 93 334 639 717 207 762 412 952 73 914 436 627 119 160 756 116 660 16 161 207 662 394 998 346 225 2 23 568 499 36 789 396 371 791 928 547 152 420 782 81 974 463 985 103 718 138 690 663 558 119 619 570 508 607 659 465 821 699 733 775 4 680 16 477 625 752 674 316 992 719 855 810 248 879 293 904 852 312 37 594 967 640 600 976 687 681 801 747 743 13 163 480 232 750 451 717 950 72 978 659 162 171 868 515 24 389 660 505 242 439 169 661 904 101 103 584 221 295 106 613 649 61 444 776 59 964 536 337 698 665 929 700 271 578 570 338 659 830 178 760 166 890 160 765 715 361 55 288 964 978 23 27 757 24 272 954 557 709 413 146 859 161 370 412 543 758 371 954 594 207 180 587 877 112 193 130 797 328 182 359 225 341 404 618 426 683 965 873 805 985 619 897 136 39 764 70 862 151 631 728 735 468 390 483 947 711 304 290 673 97 507 564 12 15 758 882 706 788 817 330 609 2 471 954 362 813 296 476 177 324 243 636 601 229 105 293 687 888 746 797 111 682 428 617 203 316 147 769 864 456 995 408 120 634 951 916 167 415 397 682 647 620 399 243 15 20 256 248 889 217 171 436 312 169 559 905 381 469 10 135 593 360 84 501 300 485 844 396 555 844 805 95 138 597 617 315 91 877 472 64 890 95 534 692 900 271 22 997 793 766 952 969 810 355 628 194 497 514 346 633 287 295 279 181 669 777 837 152 928 315 401 11 398 660 384 468 781 34 858 967 513 321 174 971 371
507 580 925 419 11 563 658 35 543 109 428 96 744 753 408 896 417 233 457 221 939 996 243 439 179 269 339 96 983 210 589 949 618 961 751 731 543 856 594 115 230 477 259 334 297 545 847 869 130 418 492 857 276 511 331 660 26 624 497 535 723 872 869 252 885 989 504 982 829 836 261 144 972 742 836 903 416 164 19 94 509 455 40 870 426 580 718 170 525 395 1 411 505 94 362 429 350 467 591 640 58 479 568 514 682 584 900 579 286 128 611 445 804 740 5 15 666 132 405 998 650 647 64 927 253 844 39 79 967 921 175 792 43 923 958 983 773 542 81 328 553 201 182 342 576 912 871 116 238 672 773 697 169 768 85 988 364 802 513 333 566 768 482 315 388 513 319 377 647 407 987 516 425 812 586 935 775 892 479 203 266 175 774 441 880 659 750 276 873 471 95 581 264 141 754 455 717 463 650 946 793 732 255 978 262 64 448 888 415 259 196 816 942 625 885 340 356 660 28 522 625 69 328 211 830 644 729 545 805 463 167 13 906 760 125 633 607 724 76 131 953 6 640 920 161 254 193 285 735 416 957 325 561 291 608 552 974 726 181 217 350 469 236 360 885 392 899 677 526 279 701 318 347 477 540 345 952 198 712 29 18 703 980 481 476 898 204 720 816 655 534 492 751 571 324 469 898 189 783 427 650 229 898 667 538 715 950 205 5 193 665 783 146 751 777 73 303 218 527 276 666 872 355 513 770 65 893 757 346 779 990 494 896 533 505 664 191 621 505 882 508 296 948 380 798 434 616 782 380 329 724 951 943 303 564 410 184 11 805 739 627 189 252 231 681 687 473 787 336 574 71 315 388 44 203 8 526 757 630 731 871 275 195 977 325 238 320 314 501 581 29 728 318 805 771 219 932 984 500 644 527 297 428 311 408 473 511 117 292 8 826 359 208 860 318 711 524 38 544 797 910 933 401 125 813 173 157 739 640 795 751 288 835 263 170 652 0 959 639 867 750 687 343 215 177 283 41 736 747 864 407 589 43 157 383 423 700 597 0 822 418 113 587 304 502 569 667 302 179 350 806 41 847 994 639 676 768 37 589 630 809 628 315 743 456 417 926 571 236 323 323 332 475 455 703 382 562 344 80 786
666 812 259 211 64 801 441 809 553 270 395 32 52 440 416 147 279 770 176 580 954 161 135 973 795 798 599 918 376 712 124 508 510 13 752 380 682 319 632 550 342 734 312 659 457 592 291 339 305 63 813 333 420 846 828 318 9 146 202 702 751 708 142 765 369 6 536 655 728 815 842 686 233 537 865 48 519 792 927 866 78 563 668 619 67 155 701 405 433 612 588 578 624 657 120 113 527 371 423 21 199 759 697 464 117 279 976 621 718 470 991 257 742 475 392 592 770 356 429 342 503 303 979 852 242 327 287 77 601 134 885 529 917 572 385 517 474 727 3 916 714 571 26 78 637 781 917 711 848 737 163 769 199 115 50 539 229 919 973 204 660 958 339 12 226 234 583 76 518 647 478 400 350 565 293 768 30 212 307 954 975 346 231 536 651 281 189 409 602 240 568 739 228 766 587 478 168 306 876 240 242 561 691 680 379 763 338 883 90 488 147 168 115 665 505 800 985 498 328 645 200 917 901 884 576 358 11 407 437 666 869 359 54 334 292 914 654 109 368 872 520 260 842 814 182 550 110 195 408 174 381 383 117 712 237 823 136 779 347 253 902 463 218 135 110 771 338 916 628 842 492 322 894 686 116 348 266 264 254 204 343 830 198 301 214 196 304 16 615 57 912 968 764 961 174 459 561 269 741 931 294 950 829 344 306 724 258 868 217 360 465 785 22 449 918 205 274 655 220 762 579 689 443 815 980 41 553 264 852 526 597 444 26 217 884 484 649 520 420 456 550 169 791 250 520 503 294 748 465 942 822 377 569 535 412 89 90 382 222 250 597 29 64 454 447 65 514 4 267 970 378 834 622 253 103 151 242 821 306 976 717 662 534 596 474 644 86 594 810 761 443 157 704 241 17 428 427 998 615 244 421 687 81 499 672 110 425 246 2 409 2 311 683 784 966 242 151 441 137 960 121 908 332 618 481 645 733 292 830 990 82 789 242 892 493 708 547 932 74 176 881 63 534 690 254 620 886 116 122 26 625 938 857 919 24 105 288 572 240 762 17 631 374 440 666 850 178 263 871 475 715 221 678 802 778 852 678 251 187 653 57 906 108 962 410 475 326 981 999 558 456 977 103 106 990 285 902 573 370 468
44 86 81 317 876 176 54 524 422 990 134 325 797 67 530 310 122 926 485 79 531 529 476 885 582 250 898 954 946 662 682 37 798 196 900 687 986 576 537 598 104 439 796 974 121 523 347 811 332 290 300 689 286 190 978 202 188 529 604 943 319 413 258 358 878 173 448 511 766 425 928 943 832 370 205 3 502 837 594 622 547 63 442 658 928 418 439 565 726 234 70 303 889 801 237 813 215 895 768 344 130 308 283 76 818 313 626 431 378 475 433 298 314 202 570 230 963 900 689 999 363 740 946 52 722 44 62 25 258 700 760 132 892 346 736 879 684 439 18 395 256 512 541 369 807 811 473 436 612 221 463 554 913 827 356 860 345 781 518 909 703 193 819 254 202 392 535 811 374 446 408 349 437 136 849 541 169 661 422 806 690 802 815 262 338 980 533 176 172 713 310 3 322 651 265 417 736 778 400 715 196 202 667 498 690 421 987 831 685 90 706 451 434 404 655 53 29 948 294 971 406 917 3 86 981 886 828 258 111 267 110 561 557 214 596 895 620 208 465 672 630 933 963 219 52 72 849 83 138 149 549 337 50 369 816 533 707 604 399 276 911 689 165 452 729 571 935 834 984 743 348 644 232 542 312 520 207 564 724 7 133 713 668 161 723 90 791 836 28 122 507 698 483 283 26 667 853 835 799 228 891 5 238 361 437 717 717 586 4 247 61 929 626 155 941 82 128 935 258 324 6 546 173 783 278 653 222 748 940 295 998 871 91 737 348 362 692 206 367 747 486 421 717 557 894 284 923 243 597 209 40 574 822 301 735 316 757 778 188 996 336 57 718 773 429 732 804 272 998 826 136 672 64 744 74 35 343 227 638 599 738 246 989 643 168 40 460 79 166 85 474 592 709 35 258 714 459 732 180 433 97 785 139 882 489 145 503 240 123 550 321 412 299 967 397 579 666 165 823 85 878 391 557 946 770 70 798 341 635 780 365 818 761 375 898 159 107 542 400 288 0 891 298 538 867 379 644 157 446 33 689 745 546 681 180 978 142 881 77 160 893 989 603 34 491 540 90 661 681 635 561 148 935 584 372 105 122 928 726 492 792 292 821 480 952 842 112 996 100 668 683 667 344 867 247 807 700 427 6 152
124 192 826 409 403 415 221 814 375 928 539 986 357 137 126 656 597 343 295 487 766 943 984 201 697 322 209 190 104 150 924 10 516 283 904 472 515 796 754 529 407 996 390 104 313 390 871 875 750 478 245 536 446 842 808 234 998 633 947 471 489 945 198 674 211 785 706 728 971 263 340 924 845 117 883 945 448 990 774 374 576 387 861 973 10 705 600 508 345 873 979 595 717 345 940 985 836 176 73 208 24 11 644 159 185 732 790 960 995 967 252 69 258 964 264 601 887 21 281 392 199 571 266 346 924 218 364 528 122 793 519 730 907 118 210 644 266 895 267 485 505 218 227 96 183 977 597 692 147 680 419 997 409 504 337 803 243 427 217 782 951 161 723 493 186 164 479 429 571 842 246 802 37 813 175 206 178 217 446 329 469 414 369 713 860 884 352 329 706 429 882 166 800 129 425 348 868 859 10 743 523 248 724 450 114 10 755 445 34 614 854 253 485 504 864 546 548 515 996 115 489 20 849 108 807 158 614 740 226 308 961 77 675 645 613 559 937 340 818 992 585 768 844 102 564 906 852 155 835 162 296 314 555 830 124 350 129 731 491 366 45 287 388 434 277 167 583 11 887 375 331 904 3 438 408 543 747 418 820 88 755 978 854 820 649 218 690 695 646 956 4 554 470 630 173 146 238 799 906 526 92 563 770 249 334 57 203 659 373 552 771 195 432 224 255 101 207 520 765 204 276 979 831 256 679 749 462 452 18 187 457 372 988 307 14 471 607 512 991 751 715 346 38 274 150 113 648 378 158 95 574 589 935 326 751 636 485 64 987 90 844 716 629 855 845 286 616 88 377 155 452 207 988 498 694 79 716 153 11 716 417 344 217 577 265 240 634 807 483 50 516 595 164 263 90 165 129 867 194 474 770 66 686 474 785 144 634 355 881 755 133 835 620 871 351 383 504 810 955 352 700 387 794 649 12 902 866 62 307 688 379 928 809 718 901 189 99 359 54 809 552 99 302 13 67 532 584 573 987 419 957 549 698 189 677 867 618 449 569 354 738 446 789 742 317 212 301 472 506 322 303 332 366 688 115 124 628 835 458 686 847 959 110 197 257 813 264 505 472 838 451 178 946 796 299 162 106 23 382 859
809 947 907 695 940 178 978 904 995 736 955 505 892 451 779 25 226 877 901 332 232 633 756 915 715 404 238 671 362 982 641 557 624 825 428 899 756 368 935 776 77 925 218 695 152 953 252 312 152 416 845 299 267 731 248 636 146 148 826 63 23 298 887 416 191 559 541 810 864 244 636 272 48 628 615 468 586 208 285 690 31 372 136 410 572 300 643 205 901 197 778 965 578 535 447 932 66 495 45 325 939 127 121 748 761 27 716 206 201 105 151 431 197 937 24 441 638 790 596 709 508 49 421 508 69 687 587 10 648 876 304 897 239 941 521 931 823 930 812 166 221 985 519 766 316 272 256 449 922 158 475 503 485 265 569 33 241 39 671 236 13 768 888 22 824 868 447 152 857 846 630 292 241 363 867 583 193 60 721 669 649 686 846 626 856 79 849 735 278 297 726 318 502 158 910 655 394 74 666 326 569 15 843 536 983 72 503 593 105 412 195 725 389 672 758 719 342 159 224 198 835 589 433 71 163 305 754 552 967 147 237 149 127 179 64 945 163 200 932 616 731 837 50 640 840 405 311 314 154 887 51 913 300 212 420 5 635 221 204 531 460 720 444 171 507 545 657 196 948 223 98 325 165 983 10 766 320 754 11 666 773 257 950 588 592 143 630 592 523 498 879 962 987 597 298 957 658 826 730 99 324 890 897 768 820 35 237 196 921 595 601 796 468 412 885 322 871 988 351 486 587 337 877 792 841 58 611 950 271 12 876 75 910 849 391 275 667 624 218 670 664 215 386 689 127 555 985 228 414 917 722 887 359 468 883 511 717 932 761 767 692 694 796 575 850 31 334 360 749 838 222 21 974 111 658 851 829 268 478 235 524 970 62 323 803 221 294 587 717 488 442 578 214 33 853 382 523 582 664 362 12 71 194 811 489 916 459 755 724 760 168 362 886 355 780 704 650 148 668 652 44 427 472 574 263 756 711 814 285 440 221 343 10 287 488 128 668 308 183 131 12 435 742 245 359 70 432 499 344 8 884 571 557 761 813 263 814 100 542 639 705 246 881 869 278 441 81 891 367 968 808 128 648 158 311 73 433 675 761 430 999 42 598 794 975 729 418 564 472 448 192 541 295 451 4 701 460 382 566 868
313 947 677 261 412 414 724 502 892 597 787 711 179 724 131 506 910 755 524 570 218 358 899 162 119 977 563 919 875 510 887 361 358 606 381 962 464 164 109 766 390 167 569 798 114 732 352 564 34 749 894 432 283 85 489 147 849 975 310 223 795 626 358 338 964 864 221 594 181 752 80 244 313 312 861 428 323 503 709 387 254 16 646 963 951 296 792 691 801 749 526 183 221 878 786 349 95 230 15 82 229 834 952 802 888 427 107 870 668 435 268 538 410 155 854 913 626 431 41 158 561 241 929 770 193 51 368 225 179 630 709 494 612 896 400 863 284 340 541 642 554 311 656 309 60 641 239 249 348 144 63 966 149 792 933 808 309 578 211 854 710 444 439 325 906 947 977 963 552 165 798 14 579 595 763 577 790 740 73 742 596 412 950 349 991 628 766 636 946 771 572 709 77 181 695 209 405 315 902 898 983 683 187 66 390 943 338 114 369 3 150 888 900 259 586 336 855 188 525 810 676 471 136 123 280 168 734 666 838 692 52 790 988 835 553 147 249 283 766 970 874 368 213 917 407 699 83 387 704 550 324 565 925 98 157 664 443 187 924 597 43 154 934 993 166 980 500 110 435 112 193 956 591 466 914 687 414 354 503 419 598 819 330 475 462 356 228 582 163 33 213 430 303 279 488 258 989 117 582 9 745 96 669 782 460 401 848 8 327 513 740 352 460 951 473 691 227 291 884 553 703 300 506 649 563 763 62 757 174 14 451 446 424 702 484 262 978 312 511 962 159 155 402 241 796 326 452 468 326 323 526 587 26 230 798 787 238 95 673 115 67 937 240 690 616 369 117 823 366 921 567 370 330 916 728 644 927 491 66 538 157 926 213 752 142 524 547 914 398 153 307 636 934 590 195 732 973 104 751 647 412 252 105 42 726 250 773 322 881 369 9 11 833 322 802 970 61 565 828 155 353 412 620 39 458 601 288 948 812 453 820 143 818 527 434 197 673 956 539 49 133 938 466 196 280 397 984 581 217 833 840 927 293 645 742 445 282 210 515 510 76 887 212 627 397 391 921 560 986 293 310 628 353 475 27 51 842 598 702 572 301 929 194 446 217 550 969 210 708 591 533 633 325 774 366 710 131 627 88 328
614 764 274 593 556 104 382 561 299 624 484 36 319 425 791 851 519 639 502 141 806 111 711 137 431 850 632 94 510 296 328 738 553 496 861 6 136 882 500 631 165 954 471 633 157 668 816 255 276 453 812 815 691 772 68 253 274 119 860 181 326 936 945 304 56 237 689 418 236 921 185 121 897 861 363 990 898 193 223 236 768 951 154 780 640 287 722 161 960 786 195 386 914 536 755 465 617 726 627 475 299 874 29 57 280 708 556 782 169 857 146 718 241 391 353 344 682 962 44 689 389 385 46 100 114 602 108 763 464 213 653 854 62 467 446 491 329 302 153 53 11 654 253 75 67 334 423 656 315 515 320 276 759 53 331 729 374 526 6 757 475 389 56 557 138 29 633 36 234 420 732 868 655 78 93 45 510 299 998 720 425 149 887 282 68 262 852 634 984 495 479 535 50 650 228 420 604 150 445 173 619 328 76 547 53 77 158 891 256 566 962 780 7 646 613 625 428 602 557 749 222 649 870 429 290 280 541 476 739 693 688 276 802 711 287 114 821 548 434 888 393 204 264 153 284 342 723 50 311 748 244 359 678 281 224 267 729 634 65 383 13 91 421 719 497 616 558 620 325 138 944 231 213 559 622 319 75 406 640 940 887 57 807 440 224 211 629 576 441 821 533 500 389 866 623 49 661 185 731 330 126 602 149 864 159 374 481 867 734 30 783 526 264 877 161 70 802 662 107 118 739 311 821 479 229 304 797 614 705 905 493 184 382 53 878 857 903 497 648 915 492 125 199 743 662 264 343 752 762 146 822 972 534 667 189 650 23 912 28 176 145 582 319 743 255 12 961 840 921 660 65 648 573 231 351 849 168 783 161 410 591 856 8 353 984 729 603 612 350 6 244 210 897 257 113 997 200 57 894 231 483 528 163 615 471 266 387 940 621 949 169 172 235 490 919 264 19 797 183 93 217 207 324 478 953 184 372 576 856 8 571 504 190 934 458 582 134 835 67 38 989 85 21 224 99 733 963 179 969 382 748 120 335 99 762 591 65 967 471 115 622 467 529 913 578 68 866 441 656 11 570 275 641 707 715 431 536 109 172 607 479 408 292 886 62 632 438 973 571 266 932 315 35 819 428 48 279 30 973 791
919 389 14 201 840 909 410 904 791 423 221 751 583 359 997 993 871 209 751 760 518 563 421 880 617 859 38 397 387 593 43 867 558 13 896 854 587 511 245 879 695 639 840 84 631 660 111 87 844 600 533 490 961 113 860 254 785 640 953 554 612 427 227 803 934 304 563 2 836 617 18 296 789 710 987 174 255 714 673 755 242 405 102 207 596 834 485 17 376 652 994 952 997 701 910 442 904 575 84 757 210 398 681 450 104 423 388 291 615 326 142 32 478 526 90 560 566 619 21 194 843 505 991 964 634 410 446 613 4 341 553 756 840 743 586 965 79 360 499 580 340 267 751 262 655 728 426 302 554 991 819 617 617 209 676 146 719 896 991 51 192 869 175 627 597 628 51 226 173 868 362 857 163 24 420 753 669 266 357 739 497 163 406 365 15 883 253 588 669 425 140 656 493 211 643 723 59 527 73 970 225 784 358 430 796 427 549 5 999 407 911 121 621 925 528 95 198 78 398 727 485 234 741 385 680 360 386 125 301 503 1 674 577 775 433 924 599 988 835 443 276 666 954 80 41 626 179 816 217 246 602 791 787 497 650 867 819 715 772 81 967 828 215 414 226 207 236 194 624 912 206 85 738 429 228 484 927 47 221 0 120 605 510 563 199 630 690 27 220 791 58 877 985 552 995 458 837 70 574 851 930 782 287 948 336 600 671 184 562 910 361 842 362 664 188 765 772 360 809 961 365 567 50 226 160 285 348 778 838 466 643 590 634 520 203 295 878 607 856 739 693 856 289 543 170 780 128 645 70 182 71 993 795 823 105 968 914 653 725 236 90 24 515 304 760 804 540 630 320 316 891 19 708 982 418 767 545 751 529 369 751 156 115 667 932 471 593 330 981 8 927 856 73 248 926 762 700 47 519 157 305 900 86 321 836 855 640 771 614 39 200 164 170 362 51 64 490 937 808 353 255 278 303 236 794 874 614 707 630 270 247 831 37 462 404 674 130 962 883 106 741 126 677 110 494 490 702 954 140 527 650 83 863 596 581 774 131 564 211 340 437 20 605 384 615 378 87 594 41 944 929 61 831 344 544 56 76 469 252 721 995 99 687 877 569 776 26 120 260 984 878 396 370 103 592 150 505 74 270 585
741 321 789 708 918 636 343 313 176 299 776 75 389 19 212 183 117 12 157 878 533 452 825 710 115 736 740 258 616 855 878 889 53 890 105 485 955 218 933 309 16 336 460 724 38 864 300 977 670 629 767 49 257 405 108 25 23 188 817 56 931 767 405 117 584 940 381 270 640 427 40 635 479 382 645 371 924 847 194 546 980 789 918 668 896 617 786 122 279 270 924 205 788 902 813 859 539 32 561 578 583 271 497 260 583 900 23 667 716 351 782 254 775 148 135 353 342 126 726 136 370 865 848 616 139 30 453 588 24 262 360 566 201 846 419 681 403 893 926 205 777 913 27 144 979 268 58 767 671 671 812 636 774 597 456 23 738 943 563 780 919 197 797 108 322 993 925 516 468 803 537 179 582 550 618 441 901 61 842 825 622 965 236 64 37 14 601 955 423 551 751 386 355 195 221 632 441 527 982 517 790 899 839 484 408 420 315 561 342 869 623 925 633 337 440 40 77 622 475 511 868 233 640 133 290 217 437 335 460 940 838 481 56 554 710 557 691 282 329 206 74 714 611 235 508 690 692 997 965 596 364 519 662 588 504 657 29 879 770 579 731 76 574 581 942 791 24 344 331 153 613 283 698 991 841 31 678 879 280 766 546 900 223 236 679 119 375 384 867 430 359 455 47 899 650 539 939 798 343 244 866 967 538 292 233 171 257 278 69 774 940 318 497 934 93 275 783 244 594 861 129 967 419 615 818 933 852 745 698 571 766 852 245 397 688 736 676 167 457 905 387 609 534 600 763 219 93 692 371 926 213 685 430 715 446 887 767 582 668 776 109 776 545 628 126 694 958 54 401 700 208 473 967 246 78 512 108 881 77 283 744 733 519 671 595 512 574 73 79 561 830 464 180 491 474 127 55 895 141 106 526 871 990 910 769 190 135 579 766 426 515 344 113 895 166 829 839 809 412 377 340 546 473 233 707 432 295 357 784 717 317 406 394 814 929 477 109 774 179 842 522 208 226 792 427 688 973 18 910 18 450 322 335 967 770 842 245 624 422 884 355 450 603 492 158 189 225 187 850 125 583 876 850 356 473 576 474 374 900 557 267 830 907 851 786 412 240 576 734 908 982 993 236 510 798 643 261 651 998 589
308 520 925 357 679 55 274 330 233 669 952 545 299 94 163 174 594 558 511 616 174 253 279 334 43 51 332 840 983 533 517 282 990 770 596 139 761 336 555 783 274 75 801 63 838 449 699 21 382 188 91 880 466 367 168 364 175 789 427 392 215 193 549 486 535 239 906 672 359 847 96 9 339 307 374 349 957 205 94 553 777 78 319 321 355 352 925 811 734 702 398 191 802 741 964 792 530 733 97 56 305 287 579 594 318 982 199 770 147 718 0 331 177 488 6 222 920 341 13 728 309 52 430 950 881 594 614 777 243 767 511 478 611 841 847 575 627 880 519 71 167 103 90 596 855 542 688 199 780 60 851 870 161 717 671 331 951 43 635 921 451 576 281 694 92 29 38 769 478 112 265 996 655 102 26 917 750 654 34 492 520 525 235 417 166 227 573 529 398 472 959 353 868 748 103 186 948 171 254 35 360 663 623 218 365 648 370 806 712 553 18 107 121 604 872 290 777 953 753 933 576 641 229 982 333 962 159 990 203 858 291 449 950 443 834 666 473 15 907 82 328 750 47 695 460 14 295 186 732 352 971 115 975 410 812 826 6 12 172 584 599 957 671 19 210 82 533 174 798 881 280 493 30 840 428 132 601 747 890 816 925 956 747 606 743 164 519 844 844 949 631 474 721 112 246 189 982 987 902 887 409 344 868 75 954 810 154 683 881 87 981 864 458 182 95 123 28 700 212 714 391 8 319 113 273 963 308 652 16 92 879 669 107 782 238 230 448 820 536 292 761 850 592 737 727 749 474 119 588 377 304 432 590 433 251 391 911 994 711 904 252 478 592 925 151 292 455 776 5 315 549 119 406 918 830 445 817 516 945 786 923 98 913 183 175 534 814 8 301 366 603 295 28 118 103 993 806 181 153 479 928 476 897 453 673 575 157 191 568 260 219 236 212 562 74 757 925 157 476 753 757 356 852 884 217 208 838 721 50 352 164 334 570 186 46 468 835 160 526 462 847 81 7 704 121 451 426 796 623 879 613 464 167 803 665 372 418 444 86 637 732 456 463 559 614 162 329 1 824 127 911 142 417 727 805 175 519 586 78 529 978 872 947 984 884 611 955 169 41 869 463 352 399 136 942 809 975 821 858 637
277 562 257 859 401 866 391 936 356 628 687 107 672 238 936 694 972 152 87 669 63 56 768 649 390 907 850 534 539 167 745 679 645 225 603 876 534 56 897 939 573 987 233 717 58 213 371 307 171 564 164 846 606 378 32 648 959 986 1 439 157 74 615 459 332 470 608 36 503 792 71 428 451 788 911 739 56 966 238 924 317 92 535 612 790 191 850 79 412 250 402 740 503 11 209 872 175 610 827 721 452 512 845 631 711 50 367 355 907 455 900 663 123 765 227 953 674 783 436 473 359 214 740 46 235 76 307 766 255 397 410 287 815 109 581 777 667 124 431 624 452 781 536 940 589 11 676 374 803 716 276 127 541 958 183 424 683 580 705 413 298 963 312 857 395 502 459 634 761 619 165 594 20 546 264 432 60 376 946 663 440 128 880 851 831 403 151 178 831 870 572 356 579 641 592 998 519 255 952 828 293 954 275 409 717 8 158 127 895 534 432 927 226 786 264 602 330 125 861 547 516 111 489 377 707 164 138 575 538 926 266 149 292 788 895 824 261 626 256 55 857 73 532 544 274 980 383 457 962 980 514 49 625 442 418 570 324 602 870 406 857 627 601 658 97 867 410 538 381 207 820 199 755 973 744 580 800 613 465 647 280 831 510 582 393 396 150 925 169 597 208 3 616 75 247 91 688 363 860 203 840 701 640 602 631 667 660 628 968 291 841 707 6 277 958 624 613 994 540 125 806 242 55 75 285 654 14 219 970 607 710 110 0 156 629 616 780 539 664 264 628 107 866 340 509 561 596 240 784 618 402 681 977 512 731 340 382 816 685 428 763 79 396 951 132 717 943 361 416 619 588 5 568 170 702 599 6 220 432 615 9 519 231 940 518 150 195 561 24 538 789 46 16 769 697 25 873 774 974 485 727 773 727 5 282 39 146 564 470 813 230 328 193 298 699 579 589 466 558 83 397 634 464 237 338 534 936 801 900 590 272 443 686 398 946 157 93 797 276 207 575 623 167 928 720 460 580 497 450 758 230 183 658 782 583 76 200 911 176 882 347 938 108 891 162 244 954 819 270 304 633 575 239 853 200 198 266 710 276 370 23 490 277 429 715 311 756 969 899 550 144 354 345 847 284 573 294 130 729 296
837 114 320 85 164 467 330 282 262 898 11 959 657 964 556 960 227 14 23 207 321 795 836 8 445 562 680 851 660 301 837 142 346 725 941 759 488 677 622 551 258 961 595 344 376 698 359 689 52 219 373 426 334 206 598 485 620 616 492 112 128 448 704 922 429 532 146 333 222 510 680 85 833 886 744 210 46 538 424 751 606 200 8 121 628 554 267 275 461 231 173 886 750 765 595 180 955 5 352 545 834 448 112 231 273 976 960 759 326 241 490 829 121 859 443 715 166 216 713 218 314 241 815 567 564 808 978 452 734 939 215 531 481 346 21 638 629 137 96 707 165 522 594 680 653 457 872 567 213 94 442 342 203 13 404 477 474 319 712 808 967 887 607 611 393 650 165 854 283 760 652 857 549 560 210 91 56 865 262 838 27 835 618 419 33 102 66 215 667 124 780 74 773 601 525 779 200 951 638 166 217 540 775 940 663 290 540 394 288 833 841 918 857 479 333 524 782 758 978 211 697 603 599 634 544 567 755 577 663 169 605 643 307 942 348 975 207 171 751 1 40 381 511 293 379 51 885 697 412 180 642 935 979 449 271 648 721 880 951 260 977 740 641 228 865 592 836 397 839 318 615 420 977 406 939 35 974 431 772 394 884 8 763 869 970 129 732 331 552 231 920 67 121 855 573 732 115 490 963 443 847 202 373 574 912 459 754 706 74 154 655 443 126 591 715 178 832 364 741 306 561 959 230 392 356 458 554 310 572 845 528 591 61 608 512 462 659 877 648 323 894 960 500 24 563 981 290 812 534 895 685 173 360 347 482 741 191 371 857 757 334 825 437 589 551 461 159 738 822 641 318 636 107 569 2 549 334 630 204 614 843 444 808 751 442 642 149 611 466 878 747 121 324 884 743 474 256 839 173 960 265 941 702 917 185 721 143 193 542 802 299 647 304 157 182 672 454 461 181 491 85 258 446 123 904 663 855 270 286 914 81 666 383 989 757 433 844 647 982 280 195 334 676 878 352 58 751 902 953 425 991 243 694 317 423 864 235 902 19 40 179 351 48 55 566 446 252 560 882 433 969 574 180 697 362 706 337 990 354 801 714 64 269 635 634 477 273 174 61 482 153 479 813 245 32 681 601 836 657 806
887 279 154 135 74 622 346 780 768 874 328 444 562 32 289 743 84 102 890 511 265 320 275 554 494 144 646 195 525 623 723 104 374 395 80 856 421 833 281 835 164 722 985 826 560 439 637 951 150 886 437 236 474 49 203 243 892 796 706 924 677 221 156 740 30 63 734 678 26 126 733 343 798 487 554 230 371 17 774 363 50 649 192 107 261 733 527 364 968 238 150 544 624 44 952 38 359 583 853 38 542 296 33 640 477 604 865 475 73 120 576 391 627 961 509 902 276 364 212 527 944 921 905 710 669 664 298 606 439 654 560 882 581 443 121 244 690 574 527 311 700 787 687 905 748 473 323 988 442 503 8 525 665 956 563 739 964 710 321 260 627 22 736 420 47 533 555 109 219 776 66 346 521 682 124 781 201 507 259 995 499 62 303 503 395 874 876 756 420 666 231 379 548 275 69 348 544 226 232 879 954 425 585 510 366 190 558 532 213 819 428 247 829 777 298 180 879 692 625 254 842 479 560 886 973 332 46 271 672 732 402 288 998 600 158 331 580 919 395 190 912 65 660 435 399 184 236 954 894 359 406 706 215 571 974 67 584 125 781 142 248 731 138 735 643 691 268 190 636 93 592 850 710 800 667 959 459 929 633 885 51 888 133 424 460 366 179 533 593 517 354 314 172 437 841 107 399 365 554 696 448 299 380 414 992 579 724 849 570 502 101 947 351 829 485 494 779 27 825 447 387 583 849 495 655 633 663 633 41 285 503 441 35 31 319 145 70 297 929 213 890 482 773 185 864 521 842 728 669 781 652 819 571 352 498 506 133 35 983 253 162 667 548 996 10 154 603 892 76 430 583 35 544 901 550 953 345 842 278 483 752 354 656 841 253 41 630 124 400 918 454 897 882 761 45 560 200 685 363 343 653 159 243 992 444 117 550 267 261 430 906 83 407 302 96 941 906 379 924 134 190 207 697 904 404 534 550 917 600 93 507 661 860 291 768 456 661 335 799 703 739 636 992 28 219 796 783 691 185 688 297 753 375 732 491 739 453 96 422 629 233 291 217 825 381 655 533 690 357 468 174 777 240 562 743 739 814 688 304 910 78 102 207 250 25 417 744 103 455 538 40 676 134 318 403 968 42 637 8 187
46 224 865 787 382 171 142 847 614 957 973 348 170 909 609 107 660 297 880 50 230 55 145 814 852 51 476 111 662 562 692 673 621 921 344 70 276 271 413 637 118 906 530 715 789 171 64 152 957 73 961 486 294 7 456 207 845 308 632 676 478 175 673 518 827 193 667 231 318 447 457 358 317 700 631 740 357 665 234 944 563 757 485 491 267 601 77 5 396 41 808 798 36 263 675 123 82 74 29 337 523 36 462 858 588 824 414 311 196 90 378 709 635 875 987 385 769 537 279 354 153 764 327 631 825 257 882 5 874 857 459 798 741 525 243 760 731 806 168 153 695 985 65 948 641 734 173 317 171 31 375 105 652 477 205 300 540 42 783 66 261 375 313 896 306 774 109 1 366 223 69 369 514 11 597 920 536 325 585 62 422 504 622 600 17 965 345 992 523 202 341 415 484 471 701 353 18 572 79 627 312 133 760 116 672 137 90 613 852 296 551 529 662 645 979 464 112 49 61 614 344 542 261 350 53 752 781 776 165 706 976 966 86 771 167 54 458 147 73 780 976 355 692 115 663 908 109 430 239 387 147 509 16 116 779 520 133 824 720 476 87 582 973 801 872 387 378 2 8 877 16 540 24 924 121 185 164 338 548 366 881 295 532 800 489 568 849 386 362 991 197 582 751 181 117 472 361 728 161 771 678 996 907 537 412 301 67 330 297 156 23 438 989 534 257 729 23 638 638 3 734 691 466 806 388 541 695 775 565 625 533 493 344 573 988 23 349 685 377 231 43 815 854 189 608 820 411 389 765 92 510 643 729 694 8 61 806 440 554 644 361 627 499 826 191 386 171 282 628 981 798 621 142 525 867 363 812 705 236 6 826 412 781 41 911 777 645 714 884 288 602 923 529 903 370 175 606 329 795 459 649 955 199 551 660 805 207 258 598 971 765 911 346 69 880 862 77 900 301 308 254 608 79 959 200 648 862 517 637 959 961 682 307 569 801 274 217 693 487 767 328 438 945 353 393 65 739 37 981 78 732 147 969 334 639 281 65 91 563 394 77 137 438 806 882 458 673 634 499 757 479 765 479 534 364 573 833 115 334 273 223 699 614 18 469 463 843 456 928 448 24 135 179 967 82 221 553 156 156 606
756 427 779 56 312 786 130 79 761 888 311 129 35 255 545 652 62 17 363 711 108 240 485 651 773 305 570 236 512 472 320 355 42 738 598 55 577 273 225 506 395 143 918 601 300 978 916 400 703 219 81 771 589 178 622 252 778 219 206 214 882 871 984 957 634 461 54 250 102 532 140 267 524 755 221 116 279 512 242 93 642 939 31 99 416 624 919 632 798 46 971 316 84 534 570 798 682 490 552 652 557 961 243 508 92 177 186 533 393 677 151 21 205 155 113 495 593 727 418 819 79 319 768 494 89 499 637 899 461 249 238 303 656 686 737 99 228 718 631 821 122 93 838 743 159 622 18 972 889 263 30 75 928 330 310 853 217 643 625 791 329 241 800 62 228 706 6 849 143 476 406 281 594 219 652 179 948 450 818 205 263 885 261 861 952 145 120 778 463 380 139 333 152 439 406 644 955 167 495 917 782 210 671 160 25 409 583 312 523 689 708 220 200 304 761 500 92 715 906 38 178 588 381 829 614 81 548 273 924 792 141 877 575 970 56 743 809 695 783 578 220 851 113 275 360 150 540 393 670 812 598 248 691 416 820 105 945 686 125 342 483 516 254 641 226 718 678 465 135 436 539 811 834 765 783 527 790 68 835 570 370 553 230 382 23 501 921 310 930 674 22 673 312 712 365 28 9 417 833 906 287 49 153 828 670 578 869 393 810 457 42 247 596 492 921 21 350 447 436 305 994 552 147 211 690 212 433 349 328 140 483 170 25 917 494 791 332 857 650 180 176 840 439 510 128 853 759 274 401 720 378 660 22 201 835 19 871 81 627 212 795 518 705 775 437 613 316 796 800 55 558 682 694 446 432 221 359 732 50 117 489 134 335 460 656 128 183 502 253 261 209 971 137 967 448 710 296 637 105 683 595 987 236 289 184 289 614 632 192 371 834 860 39 715 94 136 943 151 964 905 652 410 73 870 53 496 920 735 946 322 589 208 626 377 772 336 452 770 521 679 103 204 718 400 82 153 843 83 290 336 717 126 530 427 595 182 440 498 520 936 328 121 306 655 25 328 670 65 883 949 636 483 546 721 15 676 884 939 267 862 120 445 966 371 751 690 149 15 581 563 980 762 408 990 755 135 0 875 261 96
382 653 347 683 685 909 125 196 143 398 279 716 740 861 82 307 530 556 784 670 492 450 733 810 50 727 96 640 983 12 878 425 771 401 610 229 603 840 45 567 725 468 265 452 994 166 205 95 23 852 215 134 288 491 70 428 538 840 657 632 10 790 480 439 899 514 308 325 10 837 399 680 128 929 29 924 393 550 145 541 744 54 924 269 502 751 591 767 819 714 863 865 543 280 206 493 810 505 71 341 726 993 960 336 35 316 98 622 986 471 713 458 947 552 326 178 457 451 241 572 76 78 710 709 355 592 331 12 351 350 454 698 338 203 108 717 552 2 462 831 78 914 863 876 191 847 933 39 479 910 98 776 216 477 21 759 684 343 69 689 997 470 925 234 474 559 864 396 110 117 811 429 128 25 464 725 459 294 727 649 554 95 401 429 678 472 200 978 629 304 35 398 365 242 132 694 414 678 405 790 402 607 532 507 267 73 816 241 390 767 913 13 103 550 880 528 951 753 979 259 512 794 962 571 694 370 780 123 733 943 235 929 333 477 485 887 211 224 422 315 768 492 770 580 940 263 889 292 719 659 910 439 190 365 511 331 950 907 588 350 818 493 465 234 864 625 179 443 624 336 821 915 819 758 660 807 325 676 671 976 854 902 306 138 207 829 646 259 166 303 457 885 301 38 787 59 655 757 294 363 797 876 846 599 469 953 439 161 277 454 111 921 528 417 777 514 315 176 254 417 699 841 616 254 666 178 981 970 669 768 506 372 62 15 271 566 776 739 480 969 128 991 986 426 901 718 93 346 643 641 99 767 643 226 593 950 257 755 262 967 621 631 955 797 403 702 332 397 842 336 374 749 218 374 41 53 491 46 202 979 587 873 52 168 557 936 157 179 711 507 313 875 200 299 275 12 418 12 458 408 799 671 756 123 366 899 203 560 345 291 169 840 603 359 868 868 32 202 375 252 318 591 773 547 709 281 548 630 577 534 167 859 861 516 508 418 430 568 70 772 494 265 520 6 842 365 527 159 212 370 114 208 184 677 520 516 781 157 910 841 8 262 742 499 183 549 785 395 804 972 369 558 143 377 908 323 531 719 710 113 974 49 476 633 372 3 309 508 195 319 530 400 933 540 331 607 225 455 654 580
711 932 854 62 169 896 547 885 877 752 583 40 397 435 51 680 31 716 106 937 564 856 585 268 101 673 808 226 304 806 600 886 901 306 784 479 686 296 590 545 2 610 121 493 123 338 556 98 621 784 226 101 133 818 952 739 957 333 222 141 505 498 64 692 912 565 106 672 379 319 945 968 872 435 659 410 614 972 364 570 986 397 379 47 197 215 995 121 871 850 850 202 893 502 690 482 560 359 712 330 55 734 777 615 802 188 669 543 133 393 479 73 762 693 113 856 421 643 12 871 108 878 834 326 240 532 836 112 625 887 649 255 877 705 358 895 229 312 283 777 629 546 177 184 212 309 538 238 425 147 638 658 82 727 528 580 907 418 442 111 101 833 796 226 177 947 476 604 707 855 339 158 419 652 642 937 379 501 342 40 23 177 946 964 832 434 530 150 140 997 177 74 454 120 990 281 537 636 754 575 519 174 464 313 166 1 664 652 249 948 537 509 428 347 807 70 854 458 838 409 51 215 533 438 327 518 985 107 546 576 626 564 19 662 70 7 256 768 693 552 105 83 522 456 442 867 146 926 182 962 674 508 569 633 847 910 741 761 954 800 553 298 893 386 632 598 143 629 189 327 346 661 131 755 522 727 329 952 322 104 626 335 51 613 862 444 145 932 53 88 575 797 920 223 552 645 75 932 382 385 10 441 574 271 701 832 77 931 458 890 330 778 47 744 909 361 861 86 707 117 502 801 523 308 536 769 192 226 768 923 530 921 147 697 325 953 593 429 939 28 45 310 122 644 760 884 421 14 528 329 978 188 55 104 240 73 400 140 62 772 953 273 208 27 314 57 274 251 9 90 453 922 84 750 856 377 197 286 689 174 320 330 312 214 623 572 514 988 456 362 905 844 100 775 419 425 95 520 473 247 711 244 290 900 962 611 341 381 335 778 706 694 607 923 188 279 677 629 814 75 792 810 630 807 232 603 36 775 396 463 99 550 191 4 770 228 852 692 725 711 432 660 239 418 979 395 368 184 194 721 306 660 145 858 487 638 206 375 654 548 54 40 447 71 444 40 469 984 131 522 620 481 848 958 620 529 995 799 519 950 908 444 162 328 409 251 965 248 871 467 810 463 309 72 346 781 381 551 756 566
470 263 859 809 398 288 4 718 988 662 402 609 363 343 304 519 590 242 240 461 509 456 520 820 517 986 953 862 774 578 863 853 183 722 66 621 847 750 632 896 444 82 368 822 826 618 395 689 664 270 6 281 391 477 338 674 414 368 126 315 389 62 682 486 408 951 50 169 223 498 423 882 277 928 0 92 720 939 51 380 818 415 820 589 175 944 456 176 9 104 841 661 316 35 371 458 255 522 224 618 919 203 731 272 944 267 127 38 331 159 377 339 965 269 43 503 460 456 160 483 674 437 468 44 238 844 255 682 282 531 402 379 765 436 267 683 513 757 771 178 115 697 182 658 85 797 177 995 835 383 823 739 29 740 534 465 774 779 319 742 675 366 549 971 584 304 374 145 573 807 492 356 582 629 885 218 85 377 996 682 514 41 843 136 460 491 129 578 829 810 684 731 399 33 183 264 43 248 739 968 189 152 621 857 708 411 726 956 354 842 988 417 844 667 226 146 634 638 289 218 572 205 398 909 725 830 513 301 331 126 58 250 480 754 997 939 483 251 90 574 660 393 199 794 745 295 225 568 129 84 781 859 515 302 901 37 553 575 617 983 60 99 793 932 546 20 319 375 734 166 55 642 385 634 57 965 625 346 25 170 240 28 938 549 536 473 784 690 987 498 495 997 691 672 8 519 108 507 162 557 382 664 750 492 294 785 837 539 70 335 356 72 58 527 555 619 504 297 385 827 897 216 884 797 885 198 272 993 928 357 40 667 823 130 61 744 996 620 268 563 715 568 123 566 670 16 345 190 440 873 139 642 758 758 68 323 475 604 207 863 873 778 364 440 705 217 520 544 817 316 636 535 102 744 755 24 128 178 453 88 133 853 913 553 230 605 182 984 535 525 9 738 448 140 399 864 167 954 871 927 228 736 752 277 347 461 863 58 395 985 592 731 968 247 271 998 955 204 125 174 717 979 775 378 168 820 5 630 62 365 367 210 766 352 868 796 725 570 626 534 175 52 922 669 708 473 791 790 419 307 105 670 688 755 186 276 382 84 348 816 890 687 925 408 682 94 616 32 313 362 303 542 222 425 160 492 277 742 914 596 336 905 64 814 391 714 415 645 114 746 706 991 980 580 76 197 73 77 234 629
761 281 647 709 341 940 416 198 976 215 412 792 652 688 932 302 356 918 653 843 809 986 430 628 484 762 158 136 700 676 236 762 949 334 781 587 701 629 378 160 801 509 741 3 998 213 762 26 815 7 787 770 106 913 819 497 332 930 819 660 472 389 272 629 429 321 544 569 797 928 234 855 170 470 86 315 565 972 29 169 522 947 26 405 566 569 257 140 581 441 579 63 31 813 413 826 909 224 622 160 588 496 24 273 279 957 489 610 901 586 216 203 578 554 877 480 273 869 349 592 163 846 185 524 762 457 212 758 201 288 635 48 322 182 500 689 265 643 413 660 30 586 791 746 625 971 400 435 139 677 326 761 645 706 663 757 889 504 230 679 865 550 476 235 974 532 834 776 464 676 878 676 351 684 683 493 783 250 381 943 79 59 306 587 29 191 971 837 423 229 265 869 887 465 967 1 423 780 287 336 801 66 61 648 925 504 395 938 346 865 489 897 87 470 339 846 13 496 491 190 111 256 124 994 240 990 604 302 387 435 257 811 158 260 631 512 556 502 82 907 750 803 314 54 546 288 771 140 290 843 26 905 149 931 345 596 317 734 32 144 376 797 47 188 406 389 475 925 681 908 70 928 231 469 825 308 820 575 162 591 15 185 285 642 510 947 29 708 890 134 626 947 817 284 819 998 150 613 414 694 489 656 255 66 470 554 706 278 773 572 509 229 291 905 271 683 560 733 17 191 421 947 744 612 49 584 459 52 143 139 247 813 824 366 624 284 675 337 82 274 624 197 40 702 482 175 856 736 687 882 533 957 445 660 739 563 34 986 613 743 425 678 117 579 533 292 862 610 239 445 262 272 636 699 998 919 311 544 849 913 583 344 662 484 181 335 77 605 205 481 324 111 130 856 315 608 578 855 771 436 574 265 380 305 403 213 793 405 906 884 449 622 571 305 876 220 401 684 119 909 127 229 744 522 555 90 966 866 350 509 671 943 73 695 672 365 45 319 189 473 528 133 82 745 876 326 991 414 924 980 224 231 328 139 104 691 452 674 974 728 170 989 970 878 697 493 614 206 433 604 422 902 955 981 619 769 631 640 256 670 70 700 405 578 976 941 6 402 250 308 702 502 588 375 279 561 474 494 627 269
397 869 646 640 523 964 278 60 823 207 408 300 546 107 715 253 8 182 340 784 769 43 428 317 522 397 223 128 530 402 598 413 379 88 74 466 735 455 715 258 410 709 825 337 985 309 465 625 498 924 529 444 733 497 418 548 269 172 427 686 855 760 795 119 615 709 710 855 515 176 919 559 888 89 896 268 717 843 893 89 737 915 283 483 569 492 454 104 800 900 118 788 644 309 825 686 906 917 124 205 656 126 54 101 433 253 238 21 251 615 838 406 327 849 326 379 254 689 948 782 380 66 987 839 362 806 796 10 635 65 716 89 306 573 162 467 108 464 289 17 850 65 940 853 324 620 526 987 449 806 994 918 69 291 628 580 652 378 653 810 197 409 224 962 599 922 764 838 612 368 927 415 223 76 293 324 637 758 348 136 345 149 513 599 723 29 812 769 894 884 35 18 618 716 116 307 773 27 399 412 569 621 689 19 791 829 379 395 431 995 229 614 244 704 259 812 75 384 829 885 944 111 205 482 939 526 859 368 828 966 256 71 647 918 176 503 633 842 598 336 896 710 427 381 236 570 75 718 949 809 685 299 51 869 672 420 104 453 95 947 356 771 956 815 27 146 140 574 956 656 821 351 616 974 4 902 76 763 527 724 349 506 226 302 897 392 36 639 823 400 597 135 793 847 929 17 233 741 403 751 115 808 476 450 950 888 534 912 89 249 473 151 964 82 444 254 101 884 374 405 37 393 452 849 775 107 348 54 996 903 55 464 281 902 372 909 33 400 224 930 209 344 254 612 113 618 352 30 967 378 569 102 918 241 224 535 869 289 580 39 494 441 605 50 207 990 8 689 416 397 844 430 44 288 520 75 183 586 408 576 840 651 228 526 528 392 202 511 235 908 277 897 587 135 376 569 767 407 919 70 999 886 778 442 220 786 159 462 795 116 696 598 573 152 517 663 335 634 733 411 440 453 756 144 398 850 614 2 583 172 235 245 54 600 880 851 301 418 104 734 942 456 4 294 266 345 863 57 944 231 952 808 105 243 770 703 52 504 99 859 498 48 167 72 375 340 441 465 638 372 135 366 147 434 185 311 790 898 814 266 623 833 364 307 237 230 664 0 698 454 902 867 865 269 443 508 524 871 366 545
163 529 129 872 2 761 836 583 568 774 486 812 459 115 647 116 357 303 111 820 178 115 860 460 129 45 375 150 219 388 950 176 20 110 521 128 53 782 807 913 311 178 232 927 735 906 614 891 864 123 865 448 314 911 345 879 960 111 794 985 660 715 747 568 511 349 556 766 211 423 852 567 111 106 229 819 127 181 575 504 214 722 899 864 904 361 161 592 923 108 976 307 563 154 224 474 438 427 312 16 617 752 738 33 401 45 979 373 643 295 905 147 121 701 54 646 40 877 21 315 490 218 872 821 939 203 115 980 421 171 896 387 413 834 61 845 465 546 874 413 366 615 583 789 734 677 141 887 256 56 24 677 235 659 401 889 639 992 791 809 809 274 310 474 707 474 877 676 330 518 67 157 523 299 412 724 771 16 512 348 992 167 243 929 286 879 569 318 310 222 323 941 553 327 553 811 741 667 51 749 307 371 835 715 240 614 601 690 474 500 245 290 529 574 874 342 349 117 252 707 630 885 739 199 992 545 77 119 158 8 968 662 382 435 126 758 776 668 98 447 757 402 979 698 337 300 942 619 172 916 72 76 565 37 124 593 383 965 268 940 822 139 352 44 319 576 852 655 367 595 321 460 66 929 785 692 381 136 453 617 381 502 812 177 928 744 736 259 918 817 869 699 418 679 680 954 586 433 135 346 463 13 652 691 918 214 752 8 636 855 266 368 308 65 263 400 257 827 721 307 855 582 575 902 32 929 365 992 455 71 436 472 751 930 207 342 609 297 124 915 371 32 967 95 396 259 562 808 902 674 444 388 645 553 757 801 348 611 484 319 151 981 186 988 849 125 281 899 535 617 678 812 893 292 106 932 171 546 829 448 963 697 653 964 20 476 454 868 282 747 104 271 668 140 780 538 163 87 8 196 452 865 456 571 708 97 107 761 43 599 386 361 468 724 214 169 526 207 658 185 175 330 459 643 429 902 46 103 751 607 587 428 882 303 352 496 349 334 555 503 706 827 179 106 554 101 741 330 319 981 474 39 882 974 273 474 661 262 65 284 673 851 499 71 391 519 328 570 600 506 683 402 729 298 912 843 839 402 49 618 18 860 507 500 936 576 935 346 73 399 867 92 597 96 227 687 222 451 327 483
243 736 456 100 991 729 275 767 114 870 848 835 449 234 581 669 648 736 345 340 778 94 323 480 133 275 274 868 931 108 465 670 489 963 941 449 441 909 192 862 921 242 224 295 772 85 673 877 462 782 914 549 474 55 989 269 38 886 773 365 773 905 663 444 391 479 627 752 279 75 435 692 480 670 720 295 181 464 799 644 127 568 800 142 589 114 647 912 613 173 400 702 157 840 113 784 858 833 392 918 818 29 92 564 120 185 875 569 227 278 747 24 229 747 173 848 781 866 438 843 176 798 797 644 644 366 992 302 986 21 31 764 680 936 993 828 844 629 672 702 24 650 937 298 326 264 602 457 567 49 192 511 169 938 986 332 12 683 385 815 217 446 731 521 26 702 884 8 516 16 674 431 54 898 590 994 262 654 872 867 981 434 779 267 892 9 85 417 399 775 146 487 300 234 697 340 358 949 703 29 960 9 295 704 269 579 132 997 132 705 728 10 488 531 405 307 744 154 347 43 587 283 407 185 219 527 827 77 459 36 203 722 493 369 959 813 76 373 980 226 147 760 84 486 840 111 489 399 941 65 175 397 220 151 221 726 770 668 384 607 827 694 246 731 845 508 154 382 693 906 455 192 269 922 910 5 929 343 981 66 542 304 724 709 574 694 522 703 943 568 789 228 666 637 84 749 837 558 843 500 516 355 966 736 300 586 540 111 624 340 304 513 486 654 976 589 552 75 308 406 542 744 454 742 37 332 803 869 833 79 9 98 827 701 894 582 31 278 442 625 14 811 274 925 124 16 384 938 223 18 692 359 332 154 415 989 970 659 541 783 147 622 612 707 448 985 621 270 618 129 833 188 352 550 897 300 185 747 832 874 886 274 236 195 529 942 273 125 625 602 208 906 919 577 423 818 869 179 33 727 379 38 155 569 629 569 663 390 428 237 448 163 296 57 82 956 679 309 912 255 729 236 351 440 338 525 541 937 174 273 951 297 296 325 824 873 723 636 147 385 668 196 878 672 752 331 333 684 949 742 67 698 778 332 13 278 216 179 492 824 962 334 745 642 707 826 525 349 162 391 468 969 766 187 973 396 359 905 323 795 184 975 319 761 135 934 660 102 223 873 708 121 784 959 682 137 531 190 223 412
865 861 914 349 726 903 988 719 917 435 457 636 807 96 16 185 687 632 830 167 583 401 239 237 342 416 961 18 804 844 962 357 724 212 252 466 24 406 606 453 727 649 826 676 551 451 575 673 298 232 829 986 255 27 111 195 774 745 466 109 801 662 555 40 185 369 247 645 429 660 122 390 583 417 845 563 362 113 521 874 65 472 236 501 563 764 933 353 848 873 696 40 116 985 320 739 18 19 264 963 886 850 670 860 808 634 126 517 234 153 449 501 903 229 674 294 946 344 887 833 867 394 589 141 237 168 183 975 721 905 241 179 914 237 911 362 83 777 703 576 194 122 391 639 139 636 981 911 976 391 754 420 972 229 632 645 337 729 540 716 491 170 340 388 712 843 690 243 672 955 243 81 398 439 929 714 972 863 210 807 42 35 904 184 566 366 444 258 283 401 490 302 988 135 786 301 391 761 292 233 63 175 790 961 363 325 312 427 761 67 438 833 862 455 698 548 960 990 302 742 530 902 888 162 993 814 94 379 483 378 977 100 924 487 732 290 882 90 221 224 515 509 169 956 187 577 952 263 965 228 743 804 525 801 807 104 334 192 958 180 136 733 43 646 780 215 170 929 511 396 153 973 162 339 9 239 976 768 158 924 426 965 824 989 48 873 257 208 757 413 239 992 182 310 244 280 111 722 457 410 972 266 755 79 55 539 839 123 31 629 119 59 447 69 598 428 838 773 529 542 743 977 960 212 430 394 195 544 520 392 580 29 638 710 934 746 634 136 515 8 98 913 913 823 877 485 485 50 15 301 61 105 657 0 766 303 279 231 767 198 53 658 192 960 111 553 276 124 447 207 140 362 906 866 640 709 421 92 356 74 470 342 286 702 533 13 931 224 284 419 80 108 239 668 774 729 354 820 539 371 116 409 534 203 825 793 711 77 990 818 334 704 896 343 195 534 643 546 538 400 137 362 841 544 73 361 374 5 138 245 532 102 935 637 47 878 39 492 312 751 704 268 420 321 462 190 700 949 312 196 792 263 309 224 805 516 193 647 960 389 210 354 397 861 691 989 677 202 94 892 96 58 443 14 85 145 572 171 484 369 241 401 430 672 997 721 452 190 334 531 456 259 363 918 230 375 919 809 248 130
663 270 782 968 201 799 202 549 481 305 140 767 624 32 534 722 469 632 902 329 239 195 64 320 512 880 256 79 29 834 178 380 23 172 691 550 481 575 105 305 88 438 58 624 18 96 411 992 388 114 677 852 650 57 849 907 595 349 108 752 59 648 224 977 140 828 633 510 96 164 843 374 617 339 462 200 470 339 567 129 477 594 377 816 837 218 505 204 626 970 662 593 200 313 67 877 331 387 570 263 960 238 486 679 385 243 157 174 376 191 166 986 919 986 122 214 502 85 151 302 223 529 424 368 410 481 488 633 402 104 284 153 115 132 117 386 710 779 123 235 745 553 59 773 186 810 367 572 22 626 568 221 624 627 531 122 960 808 664 262 840 726 993 190 322 943 798 631 176 534 925 668 515 727 192 276 837 594 856 604 645 480 78 978 566 69 290 881 511 513 47 355 331 885 375 470 819 1 572 678 949 476 49 627 18 431 402 39 792 766 210 231 174 845 15 469 554 165 966 953 272 239 955 184 930 207 271 690 976 604 629 940 14 280 386 690 967 639 903 61 364 584 828 4 168 841 345 457 483 834 982 701 533 49 558 513 150 436 985 879 928 180 913 616 826 860 895 672 886 722 652 340 133 404 553 661 301 479 769 12 361 498 479 393 196 186 60 826 990 156 42 75 682 111 834 855 390 392 758 515 431 634 836 276 708 755 249 901 841 845 613 792 171 599 367 375 154 816 316 414 757 301 150 596 649 55 150 678 949 365 239 218 37 16 975 656 733 160 778 22 718 1 883 144 81 205 135 810 425 356 893 148 763 506 532 178 537 610 891 30 605 800 827 223 325 21 434 951 47 336 86 967 711 394 71 435 94 372 571 683 951 875 78 63 50 619 87 751 994 154 22 124 454 843 290 237 497 56 900 556 152 124 240 148 175 261 241 59 615 551 223 394 22 744 385 657 197 623 760 350 837 999 746 292 542 173 877 531 991 320 909 889 807 305 75 394 47 967 829 15 498 767 432 334 591 971 165 144 152 165 79 136 613 554 497 77 945 668 481 663 204 738 995 621 868 916 474 571 839 566 5 203 865 99 867 785 322 424 280 222 634 981 611 899 719 349 492 11 16 8 372 523 520 47 845 212 383 363 349 430
98 361 830 953 490 93 467 447 653 534 582 173 51 169 875 156 574 249 567 709 433 152 539 776 745 273 457 524 64 149 332 888 429 266 580 40 877 589 73 774 492 332 186 722 563 641 926 9 251 437 425 672 797 966 13 317 344 177 118 226 482 483 65 993 286 5 205 379 916 131 64 281 939 694 227 756 603 166 697 974 89 154 330 970 964 484 268 539 874 217 490 515 758 659 247 386 763 754 646 838 997 738 980 380 893 938 120 195 770 371 193 591 737 769 119 771 431 768 218 978 571 516 921 751 650 419 466 940 119 864 581 900 515 962 965 60 582 846 263 473 496 728 440 604 324 334 478 794 12 94 552 224 399 207 85 394 163 459 508 504 471 324 724 34 460 223 41 918 964 809 421 815 413 864 509 709 486 518 859 764 700 111 808 955 575 890 484 149 581 384 17 460 368 101 664 687 288 785 138 409 180 275 47 576 243 910 798 690 261 935 947 629 795 814 977 580 152 569 929 148 678 701 348 714 289 220 867 551 983 4 445 350 297 881 265 888 882 939 325 260 515 897 649 546 432 214 928 341 258 159 312 213 193 938 778 301 376 0 859 398 906 320 31 491 449 888 124 549 870 659 913 39 735 247 868 15 63 243 808 293 786 717 606 604 591 137 189 202 501 427 100 36 837 502 131 617 861 545 303 802 492 163 927 958 359 211 778 144 739 469 443 791 975 111 959 502 415 884 645 348 471 111 868 621 476 493 454 214 133 201 901 886 554 988 552 244 599 481 809 893 846 807 444 671 687 87 46 927 13 612 75 783 416 480 726 797 49 212 40 352 371 54 541 782 290 875 931 226 465 799 480 531 819 931 941 697 347 63 1 47 671 39 331 78 930 456 59 510 745 702 803 318 622 220 522 701 539 377 905 27 209 872 517 212 686 162 231 846 804 950 431 829 37 49 378 751 346 204 986 298 616 965 387 393 72 490 150 744 560 206 715 956 423 993 400 576 266 7 3 418 539 830 477 87 403 48 388 91 392 353 830 749 871 537 929 92 59 775 950 509 931 667 515 743 279 838 635 389 913 706 993 543 405 590 791 348 64 782 29 784 657 272 266 637 302 372 975 82 665 39 436 915 692 95 575 786 175 526 687 858
215 149 370 302 774 681 184 707 551 952 10 194 972 445 717 662 807 725 88 593 512 21 279 674 652 102 688 50 469 114 393 825 223 238 83 609 794 56 960 989 224 342 387 289 649 295 599 718 108 230 538 228 557 759 625 164 586 968 970 707 144 518 911 625 352 110 98 511 669 723 961 945 761 197 118 943 708 706 42 908 575 501 163 677 825 734 822 24 738 894 751 702 470 872 313 645 578 114 3 441 906 544 727 650 465 962 444 319 940 780 125 425 707 382 760 293 472 692 247 398 444 429 475 354 548 812 329 349 848 900 338 303 452 159 533 423 703 263 210 866 715 8 679 503 995 105 292 79 474 628 15 373 724 346 856 323 808 514 854 751 6 986 47 357 224 985 630 896 969 513 741 496 884 870 893 411 721 936 455 561 846 379 108 443 119 347 713 397 843 32 992 504 411 911 502 174 800 349 922 277 939 117 491 161 593 799 549 267 574 829 403 907 459 252 846 81 72 924 516 221 128 367 845 400 925 442 365 872 197 410 425 246 732 191 9 970 375 576 744 294 343 672 581 959 279 217 370 32 427 889 134 638 692 678 147 634 857 125 309 285 306 543 547 205 537 180 476 821 774 486 297 639 612 202 193 516 388 180 924 798 879 359 421 221 114 417 841 836 576 414 733 904 831 185 229 363 432 214 966 138 708 635 394 987 678 891 137 452 591 415 700 368 620 893 245 604 830 93 873 72 216 626 944 429 939 712 199 962 497 679 531 611 42 346 120 130 819 793 343 507 306 759 394 2 852 482 327 27 649 283 62 539 199 59 40 179 600 676 850 468 842 978 868 45 862 87 612 467 595 890 212 877 706 941 515 298 662 334 872 882 125 307 992 323 287 579 16 498 491 498 773 715 945 35 495 13 904 882 677 691 533 999 451 728 532 46 293 370 190 597 670 142 228 913 333 835 310 1 304 762 119 317 161 326 955 716 534 928 351 370 111 83 274 265 870 917 89 493 800 161 522 842 944 624 487 781 737 661 761 671 245 2 895 668 73 600 475 903 147 547 349 130 653 965 154 675 587 416 179 305 948 146 692 941 613 709 893 163 571 904 685 189 380 876 537 454 955 980 578 324 733 647 349 36 199 174 20 236 836 201
816 283 665 203 257 263 237 661 916 906 562 792 461 832 197 17 764 774 704 859 947 60 316 339 627 624 922 150 548 301 111 338 538 603 169 577 910 270 847 251 230 772 499 703 131 788 436 487 576 440 644 975 673 193 987 867 409 19 147 291 609 690 240 787 583 72 480 312 324 879 488 811 970 209 835 220 619 682 864 739 996 237 942 251 469 882 263 696 983 252 142 641 551 930 997 277 672 688 303 523 66 694 0 623 79 856 680 244 999 658 472 285 849 79 504 75 602 223 362 214 571 991 727 81 857 515 530 702 733 632 467 503 345 33 954 362 380 970 542 107 238 847 411 176 150 563 805 559 98 216 450 498 447 534 303 285 804 133 184 572 794 275 926 145 392 123 999 476 315 6 982 107 766 398 755 188 453 419 509 203 334 74 681 83 309 88 815 427 905 240 817 137 199 679 233 943 984 19 406 803 256 347 922 96 474 125 756 583 255 717 27 938 210 939 557 97 391 544 135 292 975 414 433 520 655 625 367 807 325 949 265 565 25 691 34 162 253 291 317 221 655 543 189 630 550 544 718 230 797 39 294 994 552 672 832 736 702 500 715 499 760 355 575 949 707 960 234 399 241 114 792 570 431 97 646 644 8 871 493 684 303 350 236 703 291 765 429 631 795 980 816 599 444 27 78 250 260 143 687 647 398 18 777 558 274 410 418 565 971 534 37 467 84 888 988 796 759 499 70 594 75 208 897 300 276 28 599 48 627 298 272 294 763 896 332 424 428 523 836 240 927 102 972 236 806 940 163 616 995 253 272 787 432 142 174 314 763 314 77 957 954 931 861 358 855 719 317 493 939 881 758 751 150 541 124 972 290 409 720 772 998 502 674 216 392 868 659 413 719 246 537 263 497 814 40 763 302 459 221 258 742 318 210 782 7 184 675 57 79 277 776 528 235 193 798 262 867 281 68 528 494 819 256 811 411 850 186 347 933 393 843 76 472 317 574 487 142 617 50 376 696 109 842 149 285 928 671 987 230 981 886 341 656 727 234 73 234 452 209 18 633 166 248 523 292 467 785 971 871 90 885 8 20 24 29 355 937 205 156 244 289 946 66 914 60 307 478 444 31 162 47 579 652 186 658 349 689 216 175 261
521 728 841 68 857 615 91 657 28 51 192 538 3 115 533 233 257 738 556 823 709 942 121 590 826 959 763 467 917 35 203 959 5 214 296 385 93 748 861 776 922 631 165 112 734 287 764 692 496 957 169 290 703 409 109 581 303 259 264 457 912 928 890 706 401 300 359 160 198 394 998 712 843 941 658 486 306 647 545 255 822 518 652 837 252 103 373 800 914 486 568 115 756 782 46 751 933 304 313 105 101 694 86 57 360 214 295 127 532 686 234 694 232 298 763 67 144 830 407 532 143 756 154 788 397 422 957 125 602 889 804 659 416 961 201 528 862 928 410 9 998 425 356 561 842 927 613 888 879 255 807 626 536 708 207 616 710 111 570 113 754 272 684 582 3 305 433 936 259 978 890 240 187 653 722 175 811 804 790 612 534 420 453 585 337 370 622 150 929 375 126 251 693 669 967 238 294 255 446 779 867 137 508 714 678 964 767 36 612 721 969 662 60 346 196 691 170 516 48 277 233 849 410 626 749 332 760 152 784 507 744 165 215 946 676 464 213 153 164 730 132 110 463 280 109 356 107 637 972 673 913 93 806 686 862 169 311 450 718 250 461 664 220 327 265 864 553 723 854 297 131 385 201 642 387 992 697 445 539 773 633 493 747 475 447 723 699 301 409 53 754 437 360 314 399 444 679 971 670 932 821 891 699 550 614 882 367 127 964 317 940 180 406 668 495 971 792 844 337 30 370 326 162 125 923 325 394 612 718 33 876 633 589 364 934 27 601 721 595 423 9 665 129 952 342 750 628 707 797 15 112 632 233 739 126 471 30 622 698 398 305 683 761 190 144 860 343 171 464 65 82 266 184 94 970 249 952 986 160 379 194 499 172 908 339 144 517 48 293 488 851 423 858 193 785 685 890 218 86 409 198 935 651 5 110 808 455 788 690 488 874 584 743 984 712 146 103 899 152 284 198 895 308 436 280 302 545 17 764 465 865 766 221 882 941 382 292 342 235 968 185 260 364 869 503 720 325 992 412 986 223 540 530 822 605 731 340 584 178 746 338 961 124 606 742 858 341 134 195 491 412 302 598 53 925 449 793 354 633 206 311 61 462 254 599 911 886 251 98 765 966 586 681 419 733 383 462 740 720 50
731 662 962 241 425 421 726 995 883 239 53 533 313 582 251 494 168 325 94 611 33 620 357 86 84 201 939 52 847 687 468 784 465 958 250 645 979 77 603 312 677 96 47 96 159 693 320 820 348 175 682 136 961 87 747 108 355 599 845 390 617 763 844 898 474 845 216 220 105 71 612 921 319 456 236 504 129 211 436 7 596 523 7 738 374 217 164 580 422 248 823 360 20 414 506 480 912 190 109 234 406 66 646 747 173 641 225 107 196 608 532 382 335 250 384 855 379 971 734 190 145 11 194 60 860 510 362 241 620 927 684 998 834 679 719 968 148 227 453 417 151 548 835 65 847 544 23 102 102 298 84 44 948 802 607 901 251 506 250 116 250 334 434 345 347 102 837 952 642 883 24 358 300 793 916 293 386 77 850 734 860 327 167 627 405 968 410 960 993 31 846 290 259 955 133 587 161 33 609 742 58 382 281 141 762 470 87 381 605 953 105 271 900 605 159 271 501 428 734 993 841 552 603 254 357 168 84 915 370 95 662 123 160 596 344 366 404 319 704 546 558 602 220 919 810 594 923 719 518 614 228 100 694 297 577 355 200 436 24 949 834 797 339 632 581 201 982 272 723 802 302 328 255 146 774 37 995 266 963 821 467 236 71 106 957 112 385 890 280 533 280 597 323 925 907 343 463 230 220 571 593 147 911 851 34 275 477 989 726 66 16 451 857 331 937 187 497 270 939 702 75 887 276 99 955 275 714 540 521 209 444 654 717 840 607 880 463 129 215 632 827 676 344 756 148 16 226 543 769 305 648 982 276 415 437 398 345 225 951 581 596 97 791 352 826 363 954 456 53 896 969 154 834 688 58 754 936 709 51 811 618 304 424 631 224 884 557 470 641 702 889 141 245 716 320 180 795 196 660 477 542 416 634 208 819 978 621 664 439 897 964 113 652 360 255 473 264 388 920 620 337 557 812 888 310 831 833 252 627 100 939 301 935 897 595 136 363 112 826 805 919 125 713 589 630 611 857 22 324 299 647 443 697 891 708 571 590 166 864 686 285 418 201 378 709 935 209 3 877 628 951 350 18 258 178 909 85 792 524 547 325 210 891 212 142 55 993 610 746 692 582 770 303 421 650 872 58 86 76 654
689 166 29 226 178 873 320 539 54 203 239 16 399 287 319 157 924 869 566 951 267 964 323 887 75 155 218 278 832 216 578 8 119 769 174 527 403 395 597 354 72 748 754 445 698 24 751 25 814 534 758 663 960 453 876 87 546 857 944 64 565 982 714 29 574 741 36 709 596 328 475 846 258 127 733 174 66 447 274 896 596 139 936 923 719 626 551 675 436 107 219 577 477 815 675 335 536 949 506 616 374 726 183 391 143 933 858 120 346 805 348 506 97 373 136 272 64 746 37 301 128 395 952 659 469 220 154 124 570 308 173 970 417 989 313 353 624 37 272 367 197 10 250 615 905 107 215 111 804 358 749 240 726 874 311 940 284 78 911 929 234 84 209 739 962 702 243 308 25 333 146 154 470 99 859 598 403 902 522 43 477 547 847 121 637 448 590 100 430 942 965 981 526 213 937 366 453 388 329 300 91 993 886 506 441 241 117 502 222 478 931 383 667 150 965 483 374 141 818 502 791 488 569 826 662 953 868 732 380 718 290 710 930 287 333 28 704 534 437 39 737 293 17 180 739 768 388 851 395 250 935 328 842 763 378 417 245 611 819 402 125 512 931 86 19 228 44 813 928 561 746 695 769 114 413 259 818 670 750 598 270 764 172 478 895 215 381 716 651 850 489 519 247 244 606 509 853 349 581 19 427 861 564 82 877 147 333 202 744 389 213 967 232 796 187 5 103 298 853 602 606 168 524 457 51 141 949 146 868 586 935 213 27 340 178 847 636 168 974 622 678 737 624 727 451 828 273 396 119 374 196 272 976 428 507 824 723 603 48 910 701 454 640 907 476 586 681 789 871 287 420 148 757 47 601 877 120 390 113 207 378 579 932 361 441 587 120 705 438 732 743 953 534 449 581 380 557 563 304 639 40 852 781 291 924 52 629 824 411 47 186 121 916 335 468 522 762 122 47 268 616 831 415 156 864 996 428 313 276 752 503 541 376 826 356 386 989 947 176 845 410 112 502 232 925 929 267 688 632 810 312 211 531 305 491 154 809 294 538 53 703 409 315 706 430 560 968 404 482 961 218 774 953 796 995 855 209 275 732 903 775 325 909 244 443 156 38 346 534 284 877 256 250 473 1 135 417 505 401 51
386 931 906 345 127 865 677 880 563 300 94 82 589 855 514 424 92 899 386 89 467 47 560 94 427 912 75 90 43 562 483 573 279 506 474 552 243 930 470 474 884 346 925 546 267 758 323 778 373 886 408 455 944 518 156 368 428 990 876 806 3 874 41 665 959 76 378 257 349 449 734 777 184 329 309 241 724 822 721 247 846 411 120 699 690 118 5 132 913 956 115 579 187 571 710 203 65 982 405 156 945 356 20 43 855 399 56 40 689 389 380 995 301 799 232 975 969 400 599 778 844 773 526 933 427 716 252 131 92 407 978 125 124 208 560 534 347 92 950 870 872 890 654 745 268 139 756 213 50 82 160 826 628 280 270 866 843 308 580 253 491 486 643 508 287 124 305 874 544 825 455 712 319 733 758 958 294 987 302 467 192 18 804 438 740 156 627 717 380 912 385 276 867 523 211 455 809 200 149 664 685 688 147 997 572 899 932 733 890 267 869 157 791 356 58 378 843 459 829 994 132 801 534 947 391 592 118 108 759 937 95 844 324 120 711 980 447 654 89 823 259 770 649 698 925 113 516 642 175 726 100 3 75 527 795 254 711 273 820 557 746 250 758 271 237 375 584 211 660 904 502 265 341 821 725 944 163 72 90 378 354 8 743 757 869 593 584 424 68 792 569 142 932 464 132 954 984 164 691 931 950 133 386 526 719 189 506 756 355 656 516 990 430 51 345 875 235 187 117 39 823 804 265 568 349 618 776 362 370 65 460 697 924 576 666 912 923 787 280 307 468 498 992 491 986 443 660 776 187 774 456 942 164 567 551 571 529 495 118 231 917 853 306 119 929 755 636 634 228 563 584 807 636 89 556 488 474 881 85 825 240 266 313 680 146 324 836 27 326 243 860 801 788 288 587 932 738 330 160 491 647 226 629 815 281 705 830 848 709 187 54 875 454 470 617 4 907 223 537 425 925 990 438 252 10 164 944 434 889 794 337 414 343 229 82 961 342 108 114 172 910 95 932 566 178 30 533 885 996 372 484 466 194 474 46 886 13 14 338 619 938 928 361 549 153 482 436 524 629 305 116 326 483 669 346 213 399 771 12 500 280 341 912 511 461 76 48 200 786 324 935 99 506 768 603 889 529 725 551 454
112 299 925 80 113 662 378 97 160 623 489 220 558 385 107 702 459 643 680 781 477 494 282 383 486 185 160 963 69 108 506 841 745 961 750 531 770 430 385 450 651 315 329 270 107 937 404 943 507 277 683 11 698 455 330 260 356 145 800 768 268 227 208 426 104 240 728 599 471 266 466 626 749 986 288 352 256 133 3 896 481 445 453 522 516 400 606 152 876 248 642 894 128 468 831 60 614 714 354 129 55 256 430 289 474 684 943 507 396 337 13 313 922 492 678 681 885 516 11 775 620 12 392 848 805 310 565 177 345 498 938 542 869 261 646 635 603 989 789 857 564 983 170 692 572 297 576 743 423 142 157 266 316 311 643 537 650 369 322 205 414 828 501 407 9 162 189 467 155 402 831 68 276 557 456 612 487 387 124 258 211 724 484 410 417 481 850 499 431 384 371 823 84 602 11 458 72 869 295 278 209 151 574 791 746 767 353 783 366 464 443 197 146 753 181 203 61 592 24 92 822 424 856 529 778 202 601 317 515 154 666 595 98 618 412 684 260 842 695 403 529 697 559 565 450 747 631 710 761 215 258 970 701 383 911 580 165 525 558 386 261 309 150 508 388 39 59 891 25 74 553 197 815 665 896 733 266 965 88 831 178 284 343 915 476 329 624 330 701 514 917 79 282 614 760 346 405 198 298 346 621 21 686 505 192 680 799 210 834 590 334 74 606 769 330 791 729 495 286 888 139 36 423 209 635 638 805 92 139 815 831 935 892 651 538 300 909 123 836 145 327 106 519 859 398 368 181 390 976 764 718 24 501 43 750 938 664 286 597 932 847 303 137 245 2 952 734 960 20 506 641 847 572 279 263 377 451 998 266 317 329 183 353 113 609 650 167 943 326 739 395 565 229 458 513 341 154 32 258 528 522 717 366 501 853 224 651 23 334 473 674 369 126 935 339 509 526 973 515 660 403 977 532 547 7 99 48 716 979 455 1 765 911 29 412 506 642 975 972 595 137 294 690 523 721 666 336 226 676 684 514 854 737 217 960 129 263 108 153 337 197 77 951 409 654 680 505 38 145 890 912 960 206 127 939 770 888 923 352 120 254 45 153 867 935 864 209 721 679 915 291 576 628 109 831 700 714 720 246 731
795 19 840 218 176 326 412 492 146 301 597 941 646 355 318 778 382 732 215 448 751 821 5 167 126 70 671 31 251 310 183 824 307 797 518 86 580 592 117 479 744 796 558 394 798 963 142 872 172 605 867 225 416 339 601 886 611 447 273 290 807 914 685 954 844 460 243 225 557 345 154 248 686 826 248 530 488 195 76 37 160 282 942 324 810 168 989 873 490 575 5 893 914 970 609 223 864 207 888 574 377 174 15 58 163 48 32 405 367 90 794 185 576 22 192 180 271 896 456 982 643 193 444 776 101 378 228 94 295 245 982 924 294 308 1 939 26 66 342 909 923 662 808 105 370 379 421 441 943 360 259 577 72 806 616 624 311 31 976 604 476 664 140 603 804 654 934 677 865 369 775 359 288 973 630 582 619 941 845 162 788 518 513 553 226 721 491 725 445 682 637 575 856 910 469 174 467 50 685 53 169 71 708 179 285 912 261 760 666 303 234 256 468 724 779 757 577 914 890 656 300 560 524 262 607 726 166 996 225 21 558 529 612 42 83 695 269 425 330 554 18 5 920 255 700 296 438 990 162 731 999 901 743 342 442 5 145 595 103 535 452 961 269 5 173 389 803 581 828 731 540 283 865 118 202 738 611 143 355 242 354 173 292 653 196 769 319 206 697 506 376 639 605 17 382 941 407 406 859 589 465 170 414 487 464 115 710 25 42 577 980 167 850 277 75 232 25 273 534 405 525 540 163 446 550 626 599 279 42 646 530 314 623 317 694 614 509 838 586 199 597 211 968 662 762 358 549 877 225 273 846 784 108 333 756 544 637 89 930 250 342 258 43 829 975 464 887 372 525 888 390 872 182 509 80 581 726 135 485 264 831 44 352 43 618 558 30 177 992 481 794 644 869 411 917 728 662 901 710 772 851 734 70 884 847 602 999 465 942 34 558 503 351 740 635 897 17 887 879 7 20 559 271 951 79 10 266 100 473 518 734 925 697 9 450 379 916 838 802 368 57 518 634 687 979 990 708 254 543 738 787 746 39 317 625 268 268 86 546 217 51 636 649 111 650 746 979 811 362 370 567 17 857 977 808 764 1 535 522 547 468 19 27 139 596 528 518 286 719 163 630 591 532 282 195 870 623 936 284 923
795 279 901 33 420 942 407 675 249 902 350 655 17 7 906 506 569 237 555 49 189 975 228 540 99 906 718 593 277 521 175 199 259 106 26 246 677 273 259 1 511 218 592 734 313 224 234 615 903 239 750 664 350 605 909 884 357 549 516 177 684 931 314 959 134 74 325 633 107 953 623 833 950 288 749 815 358 674 762 605 946 97 260 665 682 89 463 103 263 676 92 246 186 823 513 883 565 377 268 536 336 870 302 55 270 39 844 276 593 546 138 250 73 885 738 460 847 700 869 271 871 0 539 847 117 400 319 762 141 199 185 777 358 965 821 846 314 57 632 633 937 468 820 783 967 782 305 320 842 204 363 368 84 894 565 281 267 965 766 459 958 853 761 494 65 154 456 847 178 723 625 615 123 818 941 59 552 3 832 968 499 137 495 300 758 971 16 683 344 943 547 992 250 449 585 350 720 603 424 755 470 9 869 3 846 946 130 24 48 511 423 918 506 14 325 287 44 596 301 217 503 116 35 678 910 822 675 999 271 869 722 45 665 414 331 953 656 926 180 511 753 211 133 679 113 180 233 454 525 923 603 665 858 198 45 861 116 984 277 145 903 430 2 824 807 93 459 713 89 757 499 706 264 638 892 15 480 878 185 97 247 90 366 443 944 277 377 195 748 372 827 202 112 26 157 647 28 994 541 528 758 764 127 371 723 235 346 621 753 886 835 314 384 318 861 689 392 861 3 648 248 834 83 864 175 153 368 727 356 218 508 313 5 967 105 117 598 409 713 690 549 894 755 166 413 153 412 772 678 58 6 993 695 967 636 672 150 775 981 90 90 863 656 54 423 775 749 180 517 191 522 278 892 508 91 710 195 367 696 609 327 169 289 648 909 1 928 950 318 763 273 623 967 94 282 705 18 604 788 656 615 824 818 789 746 242 333 837 745 582 871 872 653 39 796 25 726 981 48 588 123 380 507 968 787 195 220 382 186 688 557 793 922 587 820 874 601 585 797 869 583 369 262 906 111 841 418 451 553 16 961 442 534 151 875 595 346 880 188 544 259 260 432 965 567 348 801 822 755 323 277 783 573 152 443 214 440 842 760 265 555 390 171 981 256 5 427 984 997 703 543 731 258 802 77 743 481 464 262 4
372 185 661 659 148 956 493 507 139 691 239 702 544 427 423 34 280 392 659 467 161 513 9 565 786 456 761 859 163 725 251 855 487 849 836 333 543 435 32 503 126 916 566 435 462 696 399 282 356 180 644 322 646 578 136 278 130 886 471 17 155 612 126 325 24 816 602 41 18 274 921 929 61 701 803 911 446 953 849 559 632 131 732 918 354 496 794 970 123 557 991 992 462 980 92 212 269 97 905 893 376 342 353 707 16 856 873 153 462 585 459 298 832 642 599 564 591 782 798 20 503 788 745 654 882 26 348 687 25 208 386 209 722 561 519 183 395 589 958 966 164 614 279 297 564 534 873 608 980 837 953 878 876 949 714 221 603 257 395 935 435 406 24 658 562 164 445 93 325 259 198 987 689 514 707 516 736 388 882 794 421 972 797 474 372 916 260 143 456 559 59 38 843 542 544 247 267 910 491 367 493 915 762 615 577 742 238 767 996 530 987 854 12 495 300 444 111 997 708 914 307 772 250 204 488 985 500 448 215 825 245 131 245 473 920 8 97 547 976 107 980 693 772 647 374 248 41 525 779 257 955 585 744 110 330 887 900 432 910 220 987 267 751 296 278 527 7 174 88 561 864 716 254 556 836 553 18 461 638 183 777 550 103 36 676 482 758 891 39 626 557 770 479 936 879 112 365 509 340 845 854 970 812 687 503 864 39 480 308 376 107 577 945 340 242 672 797 355 154 669 21 260 179 68 688 667 38 330 707 353 30 111 776 366 612 209 373 342 33 379 993 122 61 152 474 39 602 882 916 750 572 738 240 484 805 126 939 943 747 32 508 116 975 623 307 155 107 300 733 403 666 776 312 676 361 636 269 177 689 130 258 224 977 138 990 835 713 945 951 19 807 534 437 323 935 388 695 387 673 811 474 772 159 198 972 224 938 542 157 826 91 264 454 899 209 330 918 864 15 111 9 280 527 690 137 552 931 879 351 140 383 612 380 544 42 332 279 317 621 163 835 665 994 559 692 200 266 811 885 343 524 32 809 862 371 138 632 467 973 841 996 359 639 891 187 312 596 34 151 615 700 539 109 833 491 312 547 622 853 905 524 865 407 49 839 312 773 720 705 52 295 119 76 163 203 624 110 634 178 232
569 521 13 684 673 709 124 190 482 1 689 229 367 389 280 210 329 402 865 57 112 139 622 594 423 485 498 350 149 745 948 696 679 319 506 318 693 980 71 801 902 505 3 426 701 830 917 801 778 821 778 646 371 34 309 35 916 328 947 776 126 188 390 326 807 826 616 663 960 426 518 476 881 411 833 859 353 406 787 406 30 953 311 686 665 155 832 681 723 997 770 550 952 589 509 788 442 133 930 175 33 621 563 912 437 733 756 628 579 912 80 566 186 837 668 292 927 882 288 554 841 723 645 279 598 645 130 371 391 674 155 222 141 266 179 170 712 222 297 350 163 298 51 133 961 133 232 935 295 467 371 541 657 560 830 109 249 707 622 644 257 566 570 470 183 711 3 195 509 774 701 37 784 479 417 273 841 45 808 473 548 862 787 998 706 267 428 956 288 675 446 941 359 939 982 200 620 254 592 755 489 195 749 788 9 965 686 432 139 945 861 591 295 635 230 969 634 399 48 590 177 647 750 536 891 427 54 292 458 628 359 232 592 744 451 87 238 212 821 303 864 774 628 523 504 475 770 95 402 114 488 906 146 614 477 55 313 81 215 110 814 271 318 684 127 745 630 569 545 358 641 659 878 306 229 970 504 832 161 291 215 230 557 617 675 814 246 350 364 562 681 755 5 417 324 170 535 142 53 14 22 950 6 3 284 277 785 740 985 609 818 10 747 692 443 473 198 768 212 65 208 844 734 341 892 597 889 476 335 156 830 234 491 993 362 457 986 496 452 265 472 647 222 473 810 121 992 956 55 611 932 822 479 189 360 868 121 650 44 238 903 500 590 849 516 363 220 57 728 826 94 955 316 14 379 224 740 72 117 927 186 826 672 796 135 69 729 518 96 526 805 664 63 219 310 310 92 810 945 735 422 958 744 981 891 999 266 511 945 297 20 261 863 153 844 158 533 397 150 644 714 187 826 914 825 781 881 813 84 186 167 166 303 233 401 181 733 258 898 802 68 778 794 99 898 174 110 294 441 980 387 438 661 322 751 759 212 29 17 89 856 975 300 559 736 156 839 856 16 152 714 493 689 929 690 338 251 906 120 791 563 306 483 996 856 206 818 363 215 680 871 909 770 306 891 494 257 460 34 902
531 161 784 438 571 207 463 154 633 247 301 245 938 184 271 143 279 125 331 844 879 472 406 306 474 891 987 654 112 684 454 538 932 270 124 133 328 434 927 395 959 900 755 343 386 951 849 740 970 437 240 76 44 124 371 520 75 569 0 449 516 603 45 293 188 495 837 57 203 9 505 561 85 336 359 437 840 688 78 211 534 595 218 467 80 62 378 87 2 144 579 470 31 360 216 94 291 113 755 281 916 968 290 183 723 251 500 843 883 926 466 284 49 530 281 161 377 618 305 130 64 190 513 684 381 519 170 308 671 709 993 575 747 138 938 41 707 983 353 945 826 296 794 427 43 646 515 27 725 930 41 106 789 563 499 666 958 934 140 462 21 465 6 14 964 51 231 452 669 822 62 535 721 570 350 918 170 94 448 707 438 102 154 788 669 293 550 407 615 572 732 700 543 107 350 843 943 645 839 149 362 727 942 263 178 104 329 394 59 816 23 957 272 571 77 627 229 31 794 89 387 711 156 365 702 966 838 97 371 514 891 727 594 64 970 65 382 969 930 846 456 246 650 349 535 702 393 602 966 606 812 585 430 798 812 580 566 666 703 864 482 560 242 110 326 410 299 793 456 75 137 652 882 107 573 899 740 526 464 354 539 743 225 493 177 162 851 813 693 270 403 703 422 634 603 33 484 255 8 790 49 212 202 842 295 781 278 818 40 215 417 549 363 815 289 78 461 284 873 566 87 589 771 447 603 150 573 232 456 817 780 856 593 385 610 341 569 446 824 838 70 298 181 217 843 840 216 825 473 997 121 311 257 276 659 806 835 476 55 556 649 268 813 488 656 305 538 115 412 502 816 273 27 910 455 7 933 156 401 678 724 508 366 55 306 702 410 352 428 593 568 980 472 569 172 450 135 815 482 238 517 115 363 659 230 873 855 165 975 412 17 401 887 153 255 179 8 119 91 113 106 846 662 532 224 177 793 985 721 630 452 386 719 41 219 716 467 932 313 708 149 261 893 794 965 268 786 458 220 980 248 885 199 209 496 720 162 477 489 147 977 819 491 572 660 371 89 929 790 179 247 604 722 437 16 397 886 372 477 390 101 988 189 480 863 934 685 381 258 819 388 364 793 578 246 867 870 771 227 334
809 526 487 533 802 366 77 779 539 180 37 409 607 822 801 282 724 215 159 197 371 653 738 492 612 920 522 277 472 296 596 700 204 232 136 141 890 511 152 148 71 390 753 413 798 192 250 663 824 811 567 218 676 422 93 28 47 67 421 360 757 853 118 501 922 951 185 226 192 224 152 368 920 804 230 448 884 278 308 600 413 652 665 593 260 462 152 171 926 523 523 66 782 167 258 676 262 586 100 581 658 685 81 3 884 993 493 284 465 308 951 418 259 400 70 877 454 435 430 412 204 208 161 357 252 0 634 98 378 323 43 775 831 945 861 960 689 190 129 845 108 338 327 307 669 328 462 289 354 461 75 557 255 361 579 866 234 756 280 372 710 202 577 278 812 703 472 961 934 73 845 452 70 633 237 921 254 332 563 815 180 444 975 99 62 454 204 490 744 687 959 438 676 293 311 729 378 832 733 300 183 564 834 402 640 243 645 457 350 457 271 166 49 809 864 678 833 357 483 555 555 378 34 345 257 565 355 282 738 276 492 857 452 130 820 695 565 84 818 492 796 804 628 391 817 107 444 295 12 26 784 221 514 781 550 279 36 331 685 88 885 629 46 527 553 952 932 611 775 173 905 601 758 297 931 11 282 855 707 249 782 289 761 998 665 115 270 720 381 541 640 279 481 38 471 343 301 315 299 315 203 938 474 545 360 164 447 337 219 211 158 399 794 42 465 877 513 814 10 924 432 923 822 727 604 334 308 929 440 23 363 567 146 47 577 95 213 268 2 390 6 829 93 755 249 613 156 370 702 489 894 499 855 203 423 965 18 456 453 661 536 264 719 275 487 990 166 54 785 559 217 544 122 89 724 469 68 352 291 895 745 543 996 589 636 123 11 328 484 442 640 558 272 447 656 974 210 613 315 734 773 427 645 91 21 132 146 510 914 155 369 128 515 127 37 511 829 40 485 694 593 76 100 211 477 882 574 863 362 438 184 921 621 965 154 536 664 210 608 150 73 967 217 599 364 920 853 919 274 945 492 317 110 693 624 696 956 449 87 788 562 739 737 866 478 281 200 554 608 57 172 80 782 853 930 621 286 27 829 633 215 716 64 487 211 722 679 709 932 630 605 899 663 602 177 672 678 427 417 138
864 600 12 516 488 420 61 205 838 189 510 727 237 92 979 510 42 606 199 36 811 59 418 725 390 100 18 444 697 201 961 57 556 603 725 589 626 9 592 802 925 444 428 126 834 138 581 930 992 425 141 387 20 487 791 169 223 32 785 403 382 984 198 795 847 389 748 642 55 652 390 939 323 379 285 258 401 45 166 887 734 419 510 123 10 835 290 127 883 982 110 914 658 349 627 840 774 482 453 817 40 697 925 536 417 488 497 559 913 152 524 373 946 313 546 356 86 336 505 209 936 565 350 253 732 723 412 654 931 422 771 308 411 328 526 687 603 588 714 332 833 858 486 695 441 434 483 303 536 548 636 602 191 567 978 118 6 608 639 787 288 198 988 365 797 26 708 511 670 286 929 288 583 988 619 629 793 267 323 619 478 838 229 891 366 581 288 877 611 325 890 267 243 344 998 753 717 744 47 517 900 220 246 823 481 799 358 103 926 940 958 532 629 63 526 744 691 135 276 518 834 225 32 505 11 134 902 641 600 877 736 352 24 462 148 978 18 785 738 710 77 810 745 247 109 157 751 740 45 398 630 817 210 372 9 676 565 829 748 403 715 601 222 49 696 440 746 419 989 880 621 495 247 279 185 948 676 647 397 990 71 77 44 799 603 391 240 316 842 832 754 819 819 476 103 990 818 940 934 677 274 758 622 711 692 662 450 672 158 428 775 779 329 163 850 765 660 355 239 51 60 333 686 639 905 79 618 297 433 9 757 486 394 2 191 899 49 547 676 153 800 466 147 849 791 327 443 967 437 90 644 217 546 730 455 588 406 332 230 788 49 735 291 137 668 982 359 695 191 301 485 156 28 856 705 182 71 212 78 462 347 659 454 109 760 754 643 458 462 886 190 514 228 853 325 682 712 44 315 54 108 856 88 433 106 589 12 410 699 14 145 529 296 923 105 623 55 641 571 290 2 118 622 807 693 630 392 416 961 24 336 31 320 57 9 282 631 72 633 846 837 683 866 584 181 662 562 692 606 613 82 0 273 142 139 891 660 908 628 154 945 417 349 762 303 1 196 131 840 54 639 588 969 559 146 492 57 891 866 929 915 113 663 532 860 300 367 541 175 256 154 577 703 867 123 259 798 746 116 408
402 64 367 798 433 706 378 399 112 520 578 42 273 292 308 704 987 382 824 997 355 966 175 802 155 749 104 73 649 684 802 838 409 148 609 485 582 497 353 462 200 430 40 813 656 304 423 229 322 586 834 458 24 403 453 319 990 828 882 379 20 654 459 865 429 584 956 691 389 207 125 649 581 668 348 531 11 291 272 874 483 560 392 370 886 132 702 501 151 640 532 780 697 604 215 424 3 284 855 793 272 5 307 594 625 866 28 229 463 539 895 528 150 717 607 342 357 130 986 967 986 570 645 799 581 7 463 127 768 336 773 277 411 899 706 325 473 25 253 564 134 343 627 876 258 103 271 789 833 863 511 27 390 837 723 555 247 593 219 757 432 813 416 688 203 26 763 124 754 752 181 546 707 80 828 593 817 243 88 989 310 451 270 614 39 648 225 990 584 812 362 813 20 294 319 490 563 426 963 479 483 634 708 207 203 291 785 492 884 632 242 241 150 301 543 31 198 292 179 668 512 242 32 947 881 144 107 714 550 597 961 831 669 958 604 700 788 910 737 397 945 770 206 916 30 507 544 891 783 322 683 889 342 401 518 65 22 193 680 88 763 732 393 427 433 571 863 382 980 42 11 61 600 446 980 117 725 160 738 149 334 320 353 132 766 399 405 897 558 155 489 670 226 677 933 807 901 372 301 30 286 5 24 980 494 608 715 15 84 501 813 930 559 98 800 372 278 292 849 906 544 478 619 895 460 374 213 77 284 85 738 242 555 396 230 502 163 62 491 905 452 765 718 576 24 750 133 238 0 241 991 106 507 385 676 84 9 600 983 246 10 401 288 902 132 755 612 309 980 40 60 341 647 802 846 985 899 598 416 482 822 268 95 181 701 157 599 347 210 746 359 920 346 512 729 964 152 150 661 28 89 817 290 967 403 858 221 883 479 1 482 382 214 646 282 527 796 16 913 586 958 624 748 295 727 421 554 332 823 235 461 834 138 780 523 917 366 279 844 751 704 826 291 646 11 944 335 902 714 111 36 661 68 550 268 883 365 958 88 609 605 443 758 437 270 451 77 387 78 598 584 869 612 186 181 147 828 791 729 183 769 553 637 152 677 94 19 838 389 185 640 626 453 500 860 251 324 428 879 754
930 30 788 283 488 611 805 114 333 320 0 723 110 251 288 687 711 849 200 704 542 726 808 778 474 94 82 63 619 15 299 140 727 31 652 627 199 498 420 140 502 535 598 161 727 606 747 146 941 505 340 412 167 385 260 89 310 408 441 9 436 981 43 723 407 280 251 682 723 975 182 710 838 941 599 692 625 118 361 428 502 157 729 894 164 399 446 286 425 412 109 612 114 186 47 379 101 860 163 776 409 382 888 446 361 643 537 843 888 31 45 891 605 636 481 896 780 846 619 458 1 626 522 811 466 864 147 497 689 368 215 56 661 237 894 908 27 74 723 606 177 992 393 85 527 726 64 135 472 764 307 479 746 921 292 668 565 967 353 408 499 241 39 281 585 44 507 511 759 140 526 556 927 875 941 999 636 890 77 949 634 607 610 460 811 595 9 109 593 572 464 163 152 361 111 733 48 47 41 986 863 225 235 182 564 916 425 234 215 885 759 716 740 586 845 714 743 989 641 819 666 887 564 134 27 676 535 432 426 915 365 586 696 492 780 552 779 515 695 907 12 225 518 650 658 631 908 497 801 960 236 890 387 121 844 930 221 39 533 454 600 999 678 692 803 27 858 777 382 359 356 226 250 888 317 744 67 165 811 195 755 255 495 723 507 537 721 537 919 994 820 383 843 423 342 209 903 204 923 699 173 664 521 79 802 425 124 204 911 929 128 862 783 466 13 618 558 106 9 432 569 168 258 955 325 481 298 590 278 823 205 704 517 64 878 725 485 375 179 374 319 806 745 116 777 597 770 103 349 2 790 244 648 715 67 255 694 520 962 523 602 702 643 84 422 131 565 695 626 154 21 172 249 899 61 652 311 296 805 206 785 37 675 290 193 461 868 842 504 302 323 817 511 500 20 160 145 374 841 572 170 510 802 559 789 801 471 712 754 586 67 27 385 877 279 194 331 298 672 943 713 291 584 236 187 346 215 21 496 460 666 454 762 975 951 531 385 314 927 449 816 657 324 338 146 888 84 315 391 889 138 40 668 465 905 936 326 768 357 0 164 96 679 629 395 240 357 424 727 761 629 156 366 601 572 236 527 198 300 17 696 794 222 716 338 551 643 155 302 82 270 956 121 184 573 405 184 395 360 614
911 141 252 918 421 28 451 961 665 75 501 49 948 569 806 300 468 795 756 785 344 17 575 813 41 910 994 405 90 7 31 204 117 55 59 829 585 641 432 941 809 164 105 675 990 328 204 224 641 260 81 801 319 396 240 477 960 577 191 533 462 350 110 949 56 837 281 297 462 430 144 133 148 206 399 496 932 760 147 694 267 483 150 949 330 172 469 533 226 276 831 250 720 895 298 656 35 122 749 208 555 641 566 900 469 184 457 11 718 796 343 942 566 881 668 993 262 983 875 27 878 808 18 439 767 520 55 568 86 462 623 256 680 850 96 445 230 352 778 874 256 9 694 344 92 272 410 815 169 951 650 539 812 307 281 961 351 488 578 744 859 150 51 219 604 29 78 955 9 413 553 931 826 203 287 700 628 921 685 726 236 649 213 397 284 683 338 28 879 834 79 760 737 212 840 163 669 565 525 346 265 993 451 321 950 625 652 5 624 213 434 669 331 226 726 996 738 23 613 337 160 781 855 447 534 30 158 724 722 537 780 883 278 175 104 674 471 433 466 894 65 130 313 795 746 721 342 494 689 980 440 724 161 637 931 528 116 390 312 601 641 119 280 754 800 867 229 618 804 894 394 671 513 634 136 923 245 50 256 858 629 83 30 155 545 917 142 506 574 602 470 923 500 905 820 118 3 8 577 81 318 452 7 308 266 533 952 616 910 999 216 930 748 916 861 980 453 128 882 998 959 832 789 809 376 788 406 805 523 799 118 848 757 872 618 396 196 451 969 762 390 688 773 689 102 235 26 346 818 426 657 997 702 850 912 922 970 37 903 891 425 647 832 772 730 352 960 177 629 873 331 559 844 434 971 657 730 188 311 722 67 211 779 719 287 956 362 40 76 70 58 650 807 299 323 348 883 370 649 59 522 503 819 3 248 52 102 429 213 27 337 808 549 890 16 402 153 295 264 974 480 903 439 292 314 476 750 162 786 784 751 373 876 572 570 341 832 397 527 1 704 612 149 698 499 168 557 392 187 841 674 312 20 197 88 975 135 340 391 808 943 312 686 472 330 310 705 30 770 818 737 213 660 299 445 912 392 315 850 285 14 293 946 649 941 679 325 146 388 631 13 622 371 897 876 618 486 957 788 312
67 926 818 417 91 686 709 931 705 309 152 982 875 840 926 127 688 184 573 726 587 245 791 962 672 955 51 419 216 728 511 939 415 775 34 990 418 918 122 494 30 278 733 586 565 414 865 930 306 290 108 976 759 894 950 136 747 685 485 313 646 308 348 489 498 626 867 324 76 731 879 361 690 571 104 515 791 348 165 318 701 788 395 229 899 755 655 615 987 779 156 121 405 299 588 362 403 491 970 574 227 170 641 149 561 67 619 924 158 72 701 955 357 888 248 824 952 695 320 801 697 172 509 662 373 180 402 854 250 434 296 851 601 718 458 27 739 493 649 198 321 198 245 74 123 85 128 511 85 576 869 984 679 756 634 861 855 684 265 861 685 791 421 975 807 560 310 347 670 447 432 94 861 80 382 779 537 533 325 279 994 172 933 299 606 509 628 275 232 413 145 808 49 114 103 427 426 593 412 640 800 654 383 402 41 448 763 321 771 129 474 396 922 329 822 861 913 819 691 903 378 377 961 960 921 708 456 66 447 643 279 271 14 40 529 6 873 835 666 780 506 995 600 398 814 920 390 113 583 588 450 526 87 305 63 890 903 814 313 320 33 366 69 996 400 84 860 384 877 56 155 696 590 478 915 172 180 468 499 298 838 729 856 979 866 431 221 53 901 187 609 559 34 592 584 335 803 244 711 936 795 259 904 27 781 792 123 312 593 200 468 150 899 500 284 268 52 737 853 751 539 833 708 789 33 923 959 44 420 489 90 788 628 879 766 393 222 108 587 289 261 508 204 761 938 695 651 364 864 412 443 794 910 278 778 426 297 98 512 212 930 118 918 772 417 725 866 616 33 890 432 630 370 14 347 284 413 905 15 96 36 928 118 117 290 151 351 461 171 956 344 839 1 917 465 107 27 716 608 765 248 415 389 961 885 782 526 57 416 64 383 616 992 606 489 484 586 960 52 687 518 174 382 724 634 554 728 288 590 297 926 613 789 631 134 444 184 517 439 715 8 745 629 655 88 983 887 499 502 847 43 993 338 781 182 278 642 94 829 505 243 475 472 188 92 174 948 233 895 838 733 285 955 904 713 808 889 122 580 647 16 428 561 89 747 417 632 610 853 25 369 212 835 200 609 652 799 10 760 555
299 703 852 524 671 728 579 525 922 809 566 651 900 471 773 271 743 62 658 566 948 716 558 116 857 168 135 133 844 483 107 113 118 765 220 249 603 616 939 285 346 914 15 75 343 893 270 216 520 141 581 742 939 757 444 23 898 752 286 311 376 166 887 745 244 883 674 116 637 764 673 931 768 783 273 736 904 231 858 246 708 523 292 122 958 712 86 77 952 423 704 657 990 595 271 834 910 574 437 866 386 862 99 111 110 555 316 892 467 242 127 603 21 114 811 794 695 538 350 531 148 803 955 148 867 443 530 518 798 23 128 983 768 534 612 552 662 334 448 774 744 212 333 317 150 601 556 77 590 92 425 615 814 263 300 840 816 285 848 912 869 484 341 649 483 758 930 808 703 392 958 753 385 830 851 784 978 764 851 944 996 64 820 114 41 569 429 936 71 991 53 764 162 629 614 46 850 276 556 113 251 899 849 936 457 329 701 431 198 697 75 630 336 851 350 721 723 49 816 764 133 634 799 372 647 95 133 598 633 698 722 388 749 998 51 964 184 248 359 825 653 300 39 893 125 510 395 619 409 904 624 294 428 109 841 199 309 313 349 869 441 387 806 832 966 259 971 225 693 787 174 751 369 516 998 936 940 76 325 893 84 640 50 596 474 167 656 466 467 97 33 602 231 511 62 25 532 605 65 664 347 906 650 470 135 589 821 675 364 24 881 742 569 509 520 211 969 430 638 234 421 818 50 344 40 4 601 749 520 947 15 479 393 414 726 816 123 895 483 447 391 337 358 160 394 377 793 541 291 834 38 380 728 74 784 718 755 368 913 509 100 864 585 688 285 714 450 473 48 290 461 186 720 735 574 963 58 131 315 849 510 57 243 669 847 416 232 583 476 585 398 346 939 487 496 566 860 208 56 903 994 812 310 172 690 495 317 338 198 146 798 570 192 16 906 705 909 425 974 54 56 695 905 692 759 68 282 907 835 319 460 812 865 667 524 169 638 941 732 580 121 334 83 988 382 366 172 737 700 903 40 750 348 68 219 835 98 229 539 320 447 633 952 697 516 678 73 134 393 6 543 395 180 607 249 494 727 993 639 983 892 403 519 375 352 301 490 899 701 481 231 511 41 340 358 300 370 917 654 573
938 774 134 815 305 917 77 451 981 285 844 774 412 32 943 427 183 404 33 645 251 626 15 312 76 441 379 968 225 413 669 87 750 473 777 751 265 491 875 829 869 164 833 650 319 842 708 548 709 618 321 225 548 791 931 161 662 971 502 559 415 444 426 932 283 384 218 963 815 435 332 59 944 681 552 833 691 993 387 421 149 0 615 586 162 24 544 757 937 810 550 200 616 914 532 106 65 366 815 771 198 40 527 437 956 819 597 527 341 502 580 707 250 162 330 856 810 560 684 977 872 728 681 133 177 542 865 993 290 168 519 575 190 727 952 903 240 528 558 950 644 449 231 943 185 584 571 547 228 181 131 647 726 41 393 136 674 548 777 888 662 831 277 337 816 142 423 108 797 232 214 409 62 819 278 5 447 950 375 736 575 563 999 127 101 839 198 538 832 610 280 212 0 623 739 54 170 284 712 89 903 110 971 813 777 74 377 571 516 937 739 984 20 889 816 917 482 178 804 29 431 722 13 49 553 338 6 840 122 765 600 645 765 331 859 409 871 944 887 620 113 567 565 28 449 886 200 737 92 570 452 280 426 437 584 976 954 35 944 952 314 18 644 268 385 436 971 93 274 738 296 745 179 727 489 171 509 465 150 54 247 954 584 795 390 677 363 40 185 570 107 739 514 638 159 424 237 521 1 74 548 696 488 952 668 850 332 59 543 787 939 882 613 40 333 930 882 681 395 68 487 552 63 807 959 923 459 14 730 993 988 915 834 59 763 483 399 516 154 211 749 945 888 887 876 246 644 561 498 360 952 342 555 623 910 968 211 337 859 58 118 303 655 21 952 941 80 270 454 740 82 110 997 232 616 365 597 805 25 409 636 387 310 443 820 288 277 272 818 138 387 678 16 844 441 2 685 62 207 881 736 337 445 916 160 133 163 920 508 418 181 892 769 103 673 317 881 257 361 474 455 275 166 993 635 354 457 156 338 585 761 747 294 554 717 658 527 45 348 818 456 915 310 721 990 286 217 563 355 935 833 922 678 154 504 687 975 866 964 222 747 19 260 28 794 623 381 663 267 69 978 58 610 168 229 133 767 150 184 452 978 745 276 145 147 91 630 987 47 323 936 197 651 462 293 67 530 2 568 231
716 461 765 921 829 240 92 338 241 53 979 862 585 298 456 728 884 201 907 798 950 12 337 461 322 902 316 374 628 454 671 893 766 568 530 60 426 526 830 871 44 216 478 824 127 396 281 707 919 728 302 248 54 621 997 648 30 471 735 520 742 129 253 737 664 550 617 13 901 299 6 267 305 376 151 992 982 583 468 536 789 654 837 942 938 513 16 233 481 518 188 603 619 339 836 776 718 43 219 944 687 324 542 943 35 777 642 194 903 273 436 915 863 731 99 105 183 959 429 564 104 404 805 191 75 239 291 671 922 551 139 861 94 19 166 206 677 336 691 31 506 308 4 576 886 355 590 486 723 435 766 911 762 535 349 906 11 805 866 215 4 108 410 92 322 814 130 587 833 249 481 158 166 249 450 231 809 913 732 848 939 513 619 911 198 883 635 330 736 25 965 661 395 326 417 47 381 534 909 178 727 584 929 636 623 867 66 990 537 364 779 923 772 481 67 604 217 711 998 608 759 441 785 541 418 536 759 828 423 767 726 324 224 442 896 466 311 150 363 955 768 405 593 299 38 757 209 718 652 315 651 24 319 535 761 639 522 608 842 223 769 621 615 526 312 272 195 382 351 624 919 820 702 695 710 852 162 688 654 936 986 415 78 185 789 202 342 409 615 446 592 758 673 737 844 669 524 3 204 906 801 825 324 170 110 869 503 717 933 512 776 779 413 109 982 151 893 335 813 689 158 105 476 503 181 893 44 710 195 392 347 375 245 170 327 301 771 138 745 647 260 758 1 412 908 45 943 863 213 415 161 147 402 881 421 445 571 296 634 198 455 542 120 268 502 260 900 414 859 256 429 263 262 685 313 906 46 190 756 549 111 350 24 988 793 984 70 357 340 736 165 754 324 335 733 358 207 49 462 519 926 426 578 302 776 554 807 306 660 600 608 220 925 316 969 132 947 633 548 328 865 715 662 444 527 111 759 583 523 650 948 170 747 905 851 35 728 11 219 133 244 330 538 333 577 668 200 18 817 306 488 208 345 34 40 691 754 606 505 567 847 559 904 938 97 603 430 798 940 381 819 345 354 929 339 35 90 542 770 104 400 748 956 85 258 693 667 248 645 799 790 96 128 674 592 19 16 404 141 215
819 718 946 749 120 950 88 495 786 841 320 425 634 717 204 543 599 541 791 38 248 858 782 517 39 355 128 871 328 460 392 108 942 422 50 288 509 716 238 331 16 326 264 732 940 488 548 298 411 443 976 421 618 153 736 658 273 329 455 566 80 883 732 238 674 643 388 313 772 37 881 863 93 251 479 522 425 405 755 621 628 506 972 210 149 296 807 278 14 101 627 521 766 297 739 787 738 54 821 498 440 59 767 476 426 48 169 342 178 920 623 20 527 86 34 307 552 961 348 525 348 796 602 491 896 698 723 948 773 563 812 616 315 361 307 985 649 352 220 889 383 180 822 920 549 161 543 757 330 485 87 219 802 112 343 872 598 747 316 767 783 555 500 797 415 885 890 105 760 261 11 279 231 801 222 777 242 318 625 351 996 62 712 495 289 140 169 690 732 583 145 430 198 502 719 274 214 35 938 120 447 308 308 980 220 280 973 553 712 48 293 987 752 288 67 183 146 347 507 181 718 394 323 424 328 799 832 201 15 880 607 708 611 451 146 423 676 342 42 437 419 4 511 104 962 953 429 792 283 93 468 155 695 199 730 598 209 115 144 565 271 902 474 91 310 273 15 327 128 849 656 830 672 948 821 840 128 250 371 411 844 508 934 254 20 530 897 565 159 807 939 698 669 179 370 577 268 443 546 66 622 704 503 354 727 205 917 176 994 788 587 755 503 182 24 307 434 838 413 441 83 980 234 117 214 332 354 509 5 327 239 732 329 107 136 479 628 639 768 328 996 658 964 315 754 986 974 812 724 653 945 927 209 214 708 86 986 359 329 930 842 27 352 877 902 484 90 840 859 916 760 1 936 195 923 457 74 399 946 74 976 52 212 517 35 754 556 851 333 817 164 10 567 612 235 3 921 252 824 295 258 703 460 921 487 381 668 542 838 805 930 785 331 296 825 906 523 281 278 513 838 288 891 440 337 457 154 648 551 967 208 352 149 15 726 323 923 946 55 391 417 379 286 297 152 347 633 920 60 326 282 85 553 849 780 413 299 535 966 147 423 316 719 747 759 894 644 888 688 898 335 991 943 527 405 833 340 463 351 285 8 661 471 354 582 464 804 169 224 301 881 878 584 891 97 848 26 446 968 929
392 175 470 625 541 289 632 845 660 297 824 464 699 339 379 456 253 380 717 763 471 281 55 134 64 115 832 525 765 565 927 188 370 910 539 283 240 205 486 697 165 691 212 114 145 883 335 914 925 730 774 627 22 83 965 539 226 538 798 129 156 956 582 596 155 893 255 615 389 625 462 601 997 416 891 718 622 991 839 896 780 872 947 33 926 80 233 964 155 607 953 956 325 266 515 997 893 695 357 278 759 370 170 15 270 171 431 664 687 739 302 145 112 763 388 645 663 328 897 639 204 806 769 505 123 962 334 819 99 816 183 572 554 232 154 230 246 819 641 677 262 108 252 725 847 876 946 373 823 378 225 185 119 531 93 954 433 757 78 702 369 10 996 131 803 868 454 348 628 969 663 80 384 440 401 103 645 994 461 628 33 866 653 712 846 715 210 24 137 108 174 914 888 566 412 851 658 582 669 576 290 147 940 91 804 891 589 251 651 355 881 688 265 973 426 248 7 78 576 925 432 816 738 26 515 930 467 294 239 209 332 606 793 576 786 797 631 114 599 226 302 232 736 989 696 0 246 381 545 854 96 274 197 992 439 748 719 67 627 495 140 760 72 904 467 738 652 310 299 137 789 612 719 640 47 105 21 159 852 994 729 812 993 899 356 716 529 132 568 883 860 915 610 708 306 299 755 880 772 503 559 152 337 139 949 575 75 521 472 842 342 137 122 192 113 976 179 196 883 503 199 355 102 487 400 807 346 907 276 448 78 960 708 390 135 854 120 908 501 465 15 221 396 293 321 421 107 844 216 964 55 424 622 63 944 127 737 458 410 790 615 311 898 723 143 309 498 413 143 541 507 954 839 399 392 23 533 211 486 604 453 946 309 914 430 431 29 467 408 790 894 712 819 414 436 197 705 835 461 88 861 266 836 682 28 523 339 381 123 648 23 363 76 349 531 850 510 209 135 993 292 73 403 469 871 472 552 193 982 35 449 438 825 271 600 813 950 279 965 476 976 126 587 992 665 781 178 484 431 426 62 538 41 849 93 582 698 760 114 802 86 425 384 620 834 899 460 221 827 622 505 463 626 766 670 852 820 814 383 65 609 629 373 27 21 171 76 459 52 596 690 38 202 429 290 370 135 611 847 803
462 897 339 298 551 726 424 526 988 28 956 787 102 836 862 334 460 714 673 938 246 122 58 271 843 924 191 747 736 82 547 245 406 854 309 424 309 894 483 296 961 289 401 989 995 997 475 159 413 364 880 891 549 195 721 100 689 900 423 849 190 373 192 762 162 664 384 435 832 287 134 742 664 773 341 138 453 110 784 910 727 995 491 963 499 202 706 353 936 727 929 526 741 328 584 447 240 330 553 730 33 340 202 239 49 651 877 11 609 282 662 396 665 522 884 659 936 160 594 568 428 364 544 107 759 833 764 905 194 813 481 788 399 495 365 221 76 469 442 616 428 831 406 442 772 313 881 77 775 712 953 511 526 733 805 390 742 301 270 331 947 988 654 545 406 593 239 792 849 986 188 288 392 28 872 505 203 968 1 292 330 461 893 114 675 405 507 805 306 739 180 441 956 490 819 377 45 638 67 789 837 966 554 883 835 474 560 779 429 483 986 275 162 948 115 486 563 712 326 37 844 427 126 994 925 441 999 22 497 692 175 627 768 537 394 949 196 679 805 963 633 39 911 886 37 348 951 764 35 249 408 244 297 853 759 260 641 12 572 448 631 384 499 825 544 290 242 123 866 447 132 616 737 876 283 397 659 772 281 641 128 401 553 156 358 987 847 114 23 674 55 892 695 762 47 624 383 795 829 836 695 277 539 706 439 599 963 486 646 238 271 795 758 148 315 1 6 287 808 768 117 858 265 641 111 325 141 964 555 121 106 182 772 806 427 153 244 548 628 953 216 365 132 959 693 21 162 538 725 734 295 969 41 268 532 602 346 149 613 153 870 321 56 908 403 56 600 800 71 425 890 7 842 853 652 440 555 928 308 95 37 466 460 613 218 497 433 509 176 730 16 686 289 432 909 643 507 463 426 92 989 600 393 832 95 917 775 437 105 167 694 189 238 293 230 982 42 420 83 206 409 651 932 82 941 804 197 339 994 560 34 11 51 239 454 490 21 161 539 624 838 680 8 31 60 19 324 98 62 957 813 281 685 594 235 795 265 267 801 106 130 352 95 847 44 99 750 921 957 208 529 696 227 490 814 48 317 603 59 552 967 373 470 226 12 349 738 203 477 482 818 224 313 606 614 324 250 251 40 425
893 250 316 512 927 97 798 879 494 443 581 377 856 135 4 326 155 677 85 790 416 922 597 446 741 638 242 675 499 724 922 520 602 333 12 336 590 363 348 21 313 12 351 954 996 593 157 246 141 335 638 835 173 444 159 499 897 382 955 570 881 14 452 419 591 414 690 177 453 58 591 773 644 127 405 778 791 217 255 619 342 878 833 805 658 591 526 313 771 117 960 753 493 286 756 104 672 174 161 360 291 489 133 699 827 519 547 435 960 590 128 765 377 870 254 890 684 941 644 131 838 370 932 397 498 681 544 238 287 592 591 603 212 540 658 634 733 544 954 544 702 777 284 866 765 453 770 18 943 444 818 756 830 855 717 603 575 249 229 662 682 675 460 954 572 575 921 941 27 376 89 240 248 271 903 302 400 173 229 178 849 557 54 971 979 827 695 121 370 743 392 571 898 534 850 616 786 355 176 316 179 366 777 419 714 612 635 117 941 544 186 367 5 381 747 821 224 272 252 473 502 757 927 946 514 261 236 624 524 465 717 899 77 225 681 742 49 329 856 803 856 654 136 468 544 873 830 941 671 189 465 951 733 890 9 990 783 687 445 887 530 353 577 759 867 6 715 790 816 412 378 698 221 202 569 910 898 752 994 95 235 737 594 336 363 14 957 180 339 597 127 123 279 147 121 937 537 914 917 804 855 37 126 52 120 705 521 288 830 782 107 596 777 444 415 48 875 954 191 813 155 108 903 622 5 186 735 998 962 871 872 379 190 628 960 247 591 420 224 625 164 916 350 754 81 801 792 883 690 407 956 113 309 333 877 553 774 361 207 554 780 218 280 895 773 728 869 65 814 132 32 92 638 501 277 291 751 142 823 575 913 151 487 471 850 694 425 978 125 795 185 892 218 241 295 798 766 387 699 449 522 21 119 444 658 900 361 481 593 737 816 888 276 965 213 15 663 319 457 393 574 497 696 192 75 337 171 855 745 578 44 187 779 941 137 738 609 966 532 718 95 560 215 738 93 105 47 856 694 688 865 341 141 473 8 181 597 226 808 491 479 963 79 122 792 258 275 109 816 146 736 971 356 416 164 869 685 940 40 909 66 773 199 38 469 705 876 62 286 311 620 867 674 813 501 401 211 180 168 757
197 490 733 543 319 820 132 624 762 898 197 170 633 538 823 648 913 453 745 368 643 863 367 373 891 516 368 603 575 984 923 219 554 265 309 391 917 801 443 553 549 858 96 74 450 118 269 189 835 456 18 884 376 794 816 355 222 259 633 73 194 949 361 846 667 546 56 406 23 767 564 543 675 125 786 886 907 254 935 239 381 848 544 227 204 855 800 715 476 890 19 994 250 472 111 904 868 217 983 160 26 695 740 810 886 495 792 198 317 911 612 116 903 61 412 585 336 407 299 542 224 99 550 501 474 427 120 289 186 910 985 561 752 752 68 878 46 556 934 341 920 505 459 803 82 761 601 462 329 920 50 464 238 772 456 541 54 522 691 880 921 524 406 985 576 236 996 311 839 57 639 419 173 779 229 770 663 314 206 179 700 457 351 402 770 850 364 638 284 142 429 398 374 777 678 523 395 245 134 490 582 234 656 322 225 104 133 14 722 146 250 111 447 217 399 712 316 160 237 706 370 668 918 330 103 75 408 806 368 592 706 849 701 931 414 334 600 450 228 618 738 977 694 307 356 409 850 735 959 492 372 930 11 735 184 822 491 563 847 850 453 280 571 909 120 302 323 995 435 171 519 678 998 271 461 221 805 469 711 233 3 397 888 856 257 24 32 801 329 523 753 626 733 514 905 384 526 316 614 559 913 771 198 619 76 949 135 145 161 581 869 849 799 351 268 353 669 5 194 190 356 618 983 730 27 408 240 909 362 699 814 265 81 802 883 83 266 143 810 348 201 442 424 497 956 903 114 317 512 861 806 998 156 769 652 550 421 338 207 27 759 1 300 711 537 262 400 297 223 96 366 266 523 878 601 182 639 967 827 253 118 913 760 101 535 687 63 213 904 610 881 662 564 682 649 925 288 274 853 499 899 67 37 271 99 558 711 496 976 646 501 827 7 584 923 201 545 667 819 401 898 383 416 321 585 361 929 187 255 950 396 602 312 605 457 345 153 187 15 87 773 15 854 919 605 532 909 381 887 487 447 292 829 286 927 268 357 68 98 804 484 56 148 800 780 347 149 516 592 985 634 726 754 300 275 345 949 707 420 730 995 612 837 438 748 586 748 281 701 856 932 860 240 719 451 891 694 237 49 460
77 711 129 862 555 798 9 629 181 762 537 233 794 107 698 810 294 655 524 315 849 864 418 757 256 645 404 518 868 454 545 101 596 5 595 502 996 414 590 466 945 823 940 295 272 285 217 66 29 664 351 556 876 912 873 604 45 629 379 536 522 910 341 335 20 934 28 401 435 856 586 419 573 649 689 810 288 350 29 84 649 848 797 233 26 664 633 817 329 306 811 687 621 654 921 264 760 621 437 494 958 973 512 515 499 864 559 997 770 79 389 8 640 184 768 34 524 533 434 492 48 326 258 751 432 499 699 95 987 641 601 26 393 314 939 99 430 401 427 8 941 164 773 205 604 756 402 609 864 488 707 258 120 265 260 569 577 797 951 587 801 594 110 578 768 892 742 728 99 969 674 134 480 115 683 125 313 464 575 192 732 567 97 387 298 259 165 437 279 715 980 411 245 1 605 861 36 304 692 788 872 739 120 792 650 466 594 968 231 249 60 361 856 638 734 203 911 381 768 289 566 383 573 263 98 623 318 581 817 464 447 201 55 263 116 912 714 60 299 71 642 521 764 561 99 246 822 706 278 520 317 909 294 600 265 138 360 962 277 174 722 385 746 715 266 938 735 304 977 523 499 654 783 184 683 244 840 537 553 64 327 922 224 577 359 463 573 568 968 838 855 576 362 507 667 511 344 367 261 707 670 396 566 138 593 624 815 848 25 327 268 57 391 952 988 796 734 322 663 634 691 76 597 781 204 695 260 309 278 10 598 224 457 973 427 813 272 958 632 268 176 692 713 977 159 849 856 768 121 163 912 440 128 779 3 278 640 807 472 451 532 614 415 936 632 916 9 478 35 904 762 391 229 733 833 721 29 914 638 397 285 854 940 501 808 994 183 181 253 754 901 93 44 101 154 804 287 559 427 107 12 208 941 9 498 842 335 843 825 258 351 128 152 966 544 599 47 601 987 157 406 795 167 441 929 667 739 603 866 799 711 197 636 136 929 823 950 37 730 624 324 770 674 818 773 762 923 755 962 365 774 193 126 32 86 850 170 135 357 841 647 661 253 663 696 203 202 168 397 34 867 857 92 964 609 496 152 28 326 936 853 532 812 778 16 751 198 309 474 653 19 833 50 892 910 330 878 409 122 939
747 449 233 493 945 36 526 973 197 265 207 270 609 35 312 326 461 24 350 349 208 40 912 46 779 826 998 830 632 154 171 465 623 335 949 336 363 217 94 766 154 361 496 941 666 633 306 567 917 711 867 937 85 692 387 73 333 248 341 32 683 276 214 26 868 954 326 688 117 446 849 266 637 186 934 983 818 431 336 318 627 566 77 833 542 287 256 700 866 718 217 507 167 410 977 555 316 308 462 17 501 4 62 634 545 27 500 634 578 110 899 856 890 44 689 475 827 724 107 267 380 890 88 572 948 309 34 111 500 613 147 930 494 403 934 213 297 595 187 935 665 808 205 339 30 990 964 526 47 108 681 376 820 430 36 163 22 445 834 129 618 521 422 452 899 372 512 998 439 356 233 589 543 138 783 43 528 219 210 745 101 937 193 717 403 838 739 364 853 969 858 240 24 649 912 785 977 284 351 514 614 11 922 587 384 382 231 744 491 455 57 535 475 178 535 435 849 737 839 406 130 694 246 452 246 553 295 169 599 788 928 884 616 893 743 110 211 173 875 374 79 304 197 6 477 356 155 735 552 859 494 925 598 986 912 97 971 652 408 310 140 636 369 386 496 604 370 266 937 24 457 82 274 230 567 671 532 531 296 958 757 400 144 226 311 872 586 501 395 740 95 514 176 710 441 824 861 216 987 811 247 681 444 254 685 919 927 706 505 580 895 374 699 745 599 456 913 797 458 481 767 104 728 74 607 805 287 971 364 288 417 126 300 59 413 308 56 145 861 265 813 545 438 167 270 325 17 929 574 79 18 32 490 537 225 243 622 723 684 189 382 521 981 641 462 555 849 223 996 478 760 239 988 602 994 316 719 904 998 406 905 865 139 998 815 486 761 270 1 402 354 903 200 156 916 75 68 729 487 912 62 687 713 663 540 716 839 150 39 905 446 378 222 426 221 813 535 670 964 491 788 910 327 735 76 800 287 941 116 306 214 491 5 962 140 786 749 983 66 655 290 599 654 353 805 381 190 924 999 337 936 694 131 792 451 963 387 139 359 13 836 393 461 75 778 332 413 89 878 945 319 382 293 949 74 891 419 57 955 205 174 720 907 738 922 344 270 834 851 669 131 516 797 677 334 566 64 924 805 684
842 17 524 73 736 484 874 86 321 777 234 171 330 730 853 373 987 424 52 88 94 824 85 130 309 213 336 40 766 770 605 888 653 144 378 564 130 299 487 208 742 508 560 518 338 301 161 766 164 811 78 896 733 810 140 111 851 81 383 153 624 488 275 621 800 160 478 634 520 912 4 958 455 214 560 192 594 377 734 621 253 292 344 8 479 609 806 130 756 714 590 526 142 696 646 748 730 460 347 967 86 830 447 182 686 265 595 140 51 662 345 606 582 669 506 552 732 274 684 584 122 820 130 612 508 220 987 305 344 775 270 693 386 178 400 529 652 853 344 561 980 638 245 322 876 953 445 378 17 3 894 440 574 170 661 163 497 503 760 670 292 72 761 115 98 831 582 140 917 26 259 50 731 193 977 143 728 460 316 575 140 441 582 522 144 389 495 873 679 464 678 372 990 754 75 726 34 424 202 7 191 25 527 49 474 570 354 620 239 31 24 859 568 465 263 809 419 454 973 848 737 405 996 549 129 766 925 993 758 482 384 721 419 708 299 985 360 110 910 36 993 682 714 917 251 864 0 378 613 19 153 531 284 233 939 434 402 225 892 102 309 267 26 946 366 479 790 723 18 110 496 929 417 931 1 709 999 402 732 476 214 208 113 734 892 140 807 941 345 905 71 522 805 581 228 200 700 90 729 189 297 18 151 361 715 975 651 838 629 25 425 300 218 104 54 869 562 207 622 0 558 384 377 971 696 551 73 65 797 583 346 249 880 336 996 525 252 258 901 850 585 477 746 774 12 385 697 232 697 618 725 601 967 691 206 487 533 856 442 966 705 775 977 195 789 964 235 235 969 855 939 428 228 435 540 849 702 724 490 897 589 724 928 830 989 330 853 610 357 577 265 426 935 707 50 137 161 51 231 611 399 3 750 127 133 616 830 858 432 699 552 172 375 26 352 285 829 598 709 2 611 5 559 188 240 120 133 665 932 492 960 270 542 119 868 626 61 60 866 924 897 155 118 88 662 745 768 484 959 20 580 752 252 964 349 87 37 99 709 655 141 147 931 809 818 908 847 249 30 237 722 722 304 122 931 688 921 27 216 975 60 938 307 709 877 303 330 671 417 502 410 277 829 705 929 241 327 107 526 214
823 993 190 993 598 172 659 808 458 905 567 402 386 775 881 994 16 997 145 492 1 595 53 436 618 397 868 100 245 356 569 487 967 24 455 936 965 140 755 1 139 984 83 641 262 837 461 148 299 974 597 50 817 252 418 686 837 471 708 712 133 738 553 532 898 302 141 799 43 213 536 163 22 465 699 924 934 834 233 994 863 660 62 77 145 585 282 624 627 62 81 729 193 127 392 73 944 815 253 402 720 747 574 259 6 975 625 365 10 514 333 29 12 965 818 739 871 475 139 979 856 94 722 852 25 256 943 895 423 283 431 165 400 471 582 441 537 741 197 869 633 616 200 835 875 686 57 681 243 24 607 465 356 164 35 53 643 530 87 942 584 48 451 993 179 789 859 776 244 961 350 72 509 925 368 684 352 210 125 254 444 333 824 652 918 982 991 899 280 484 93 738 28 791 899 391 613 0 902 508 692 808 866 2 571 459 464 903 141 50 871 921 256 471 803 579 588 30 369 552 281 850 84 72 10 206 480 284 910 765 141 944 92 996 608 499 69 80 969 622 657 43 706 786 669 280 79 247 143 686 856 13 77 671 376 897 181 754 287 621 856 166 870 947 865 852 577 171 388 119 937 854 554 725 698 669 530 453 881 46 74 170 69 996 516 408 443 829 17 593 756 799 264 254 580 641 897 492 372 149 144 574 194 827 955 430 701 724 563 289 626 583 763 771 717 645 295 694 901 630 499 366 280 692 790 922 745 678 726 581 473 43 264 553 549 59 938 869 143 745 398 405 928 61 163 469 234 357 638 298 103 77 644 395 901 419 294 733 573 118 280 360 361 341 248 425 92 407 150 220 104 623 989 864 382 526 668 805 344 368 72 1 356 470 474 538 24 405 211 321 282 562 236 122 821 264 544 786 647 974 831 321 623 229 422 665 596 813 143 249 278 566 984 379 90 971 615 328 955 978 190 555 464 759 873 723 15 10 818 119 434 730 380 651 974 493 467 144 775 218 438 142 661 694 117 196 324 93 598 908 698 456 1 108 969 714 638 473 168 664 788 29 175 11 131 691 773 431 138 340 278 116 142 525 689 498 467 992 386 737 798 580 194 217 124 877 506 104 614 7 337 330 485 736 976 729 90 208 452 959
203 769 375 100 580 11 208 365 441 780 443 65 854 771 902 568 158 637 428 538 989 680 283 95 699 299 538 949 764 65 379 507 820 393 90 975 520 178 642 831 505 815 363 788 232 505 441 493 44 42 986 460 782 826 707 275 816 243 586 943 606 45 734 576 104 327 354 728 747 692 705 156 955 776 747 26 486 83 546 522 302 815 955 793 613 260 654 682 465 140 146 886 734 231 411 331 949 379 586 486 81 324 235 837 670 986 156 635 711 659 879 372 60 990 337 782 147 658 722 961 871 516 827 979 950 747 546 604 780 864 181 609 816 658 323 226 198 772 636 354 484 398 348 687 785 950 194 766 516 743 241 500 635 120 77 760 647 232 738 28 336 389 777 124 955 413 909 507 323 307 744 496 925 33 700 621 243 508 758 486 333 536 751 256 848 996 534 181 841 613 969 139 278 582 948 9 911 260 19 308 58 95 798 156 394 796 800 77 379 60 25 157 634 384 368 484 378 971 628 154 848 769 718 541 409 757 157 220 303 533 824 462 161 825 549 729 251 463 145 268 674 824 326 561 258 585 985 618 588 299 37 679 115 202 904 901 983 968 552 826 94 198 889 891 318 726 50 842 858 365 368 606 379 194 584 906 723 589 744 266 380 989 987 185 682 565 944 10 199 802 27 512 551 753 582 729 562 303 161 235 776 80 488 961 535 18 171 581 313 938 394 631 326 499 535 22 434 642 898 422 490 90 938 974 998 539 216 638 442 12 284 824 660 525 988 336 517 648 508 625 407 482 719 607 556 337 845 319 583 658 490 560 833 336 543 808 446 308 917 665 168 769 892 884 494 557 73 103 925 162 344 277 103 437 973 170 708 930 776 602 710 454 671 861 244 588 561 795 497 22 570 248 343 130 691 510 183 936 730 558 75 119 971 251 451 550 224 636 93 732 382 644 200 404 402 474 709 781 308 448 927 338 901 732 268 66 533 257 256 699 392 590 175 878 856 718 975 273 836 829 530 79 507 416 486 243 578 992 25 790 811 802 43 846 394 730 528 900 189 250 799 652 485 394 218 703 420 699 548 138 336 112 339 767 340 772 109 813 682 30 677 267 474 692 464 667 568 763 532 724 32 615 91 805 345 231 2 513 70 910
867 375 829 387 100 926 737 165 945 188 900 255 793 82 933 671 680 371 10 964 480 738 835 797 426 346 110 786 923 161 552 472 245 104 62 641 271 724 520 420 797 772 294 953 650 950 744 944 77 879 684 372 290 91 925 703 95 889 749 33 510 27 733 635 387 600 20 599 533 206 975 152 130 653 933 896 333 121 856 672 462 150 601 538 121 808 56 347 292 251 139 619 427 539 657 310 698 443 940 491 5 740 84 44 443 486 33 698 418 193 240 589 637 926 273 753 612 469 233 493 117 280 86 709 729 2 554 427 108 536 996 163 803 584 287 641 393 406 166 674 720 286 427 914 458 29 916 610 394 27 378 453 566 486 680 407 372 610 488 420 931 608 423 868 654 808 634 984 964 628 646 434 782 371 920 439 433 342 620 476 599 838 914 295 519 301 646 741 728 902 383 396 71 838 610 388 504 733 966 206 280 299 754 143 833 128 838 837 437 705 895 641 180 955 472 563 935 171 551 259 903 661 144 989 149 973 71 514 433 756 670 569 143 996 136 657 361 150 637 197 964 757 639 641 601 983 350 580 484 533 701 516 449 820 176 546 768 658 821 950 424 542 875 125 877 289 935 727 673 474 542 719 770 870 470 679 717 36 488 248 985 598 119 672 530 518 896 141 877 84 873 337 432 670 421 13 718 306 983 812 459 571 986 423 937 263 865 176 923 204 252 786 261 218 846 275 353 429 18 268 923 307 332 425 75 581 903 406 66 513 9 623 56 949 273 347 894 982 309 646 20 148 270 121 243 166 205 298 392 497 705 606 203 304 207 839 914 191 753 859 310 386 614 54 68 960 582 269 47 781 242 855 239 833 839 818 494 4 713 311 466 45 15 331 267 107 568 431 222 11 886 374 664 116 265 332 402 641 427 729 833 254 727 345 758 344 721 925 25 976 349 871 531 271 147 481 15 965 193 883 571 513 866 335 690 617 469 396 528 508 268 785 438 394 532 947 377 529 444 140 740 240 669 522 61 643 84 63 805 205 499 877 458 568 245 732 13 966 209 970 335 164 852 649 481 508 251 611 80 988 652 504 21 105 301 247 807 488 256 474 164 94 291 403 891 24 633 185 337 309 734 131 200 459 644 58 431 432 836 412
386 72 721 559 595 434 417 494 36 679 557 832 859 816 605 354 89 459 853 222 217 191 161 799 111 254 609 613 677 755 828 936 578 381 462 318 178 890 732 785 416 127 411 248 947 328 794 971 800 307 309 294 352 862 354 463 260 977 893 15 236 365 82 541 347 19 534 771 875 456 995 348 329 745 224 52 872 377 832 117 620 759 99 514 469 867 253 671 362 39 256 805 122 472 534 510 652 5 414 828 690 109 648 366 272 760 454 231 996 991 458 302 569 178 445 952 680 738 653 859 762 687 955 106 248 224 946 690 781 792 972 310 266 209 991 591 544 293 742 303 222 971 354 701 182 223 707 497 866 773 203 770 700 958 609 521 936 200 937 192 195 13 59 468 312 907 939 266 215 322 820 688 52 72 996 507 525 216 576 295 182 579 269 578 912 570 851 178 847 385 487 997 590 672 491 916 95 11 354 493 836 374 204 273 891 87 455 723 198 853 697 2 380 396 946 681 546 477 619 988 537 67 902 7 512 603 834 320 128 28 598 970 172 203 460 668 995 51 469 854 515 206 298 984 123 332 16 90 258 705 547 121 770 134 940 768 616 311 606 253 17 857 621 623 700 919 739 65 326 793 30 821 192 289 376 239 851 641 733 428 211 842 27 771 157 853 134 377 468 95 833 668 949 65 602 950 144 28 972 875 224 782 100 665 677 48 128 820 194 417 309 721 578 564 957 14 122 261 253 730 572 239 233 93 829 207 690 86 555 215 864 670 858 165 987 105 99 813 393 242 786 988 596 261 871 716 396 759 382 376 575 45 694 626 294 480 776 786 810 225 725 194 110 558 402 271 608 790 855 676 810 329 743 579 884 138 498 731 941 479 414 142 262 73 169 384 725 36 695 675 158 160 207 641 513 290 686 783 196 483 649 560 775 149 456 351 476 282 76 874 574 5 44 745 637 587 347 592 833 289 80 163 759 627 286 398 383 395 443 972 597 821 3 618 573 642 834 254 231 436 268 839 591 893 755 548 398 138 611 922 98 713 19 852 253 476 198 274 219 453 482 659 703 833 42 575 903 683 124 576 666 716 821 630 524 306 179 604 671 326 902 746 811 739 155 513 797 185 783 526 253 644 350 109 233 135 476 184 844 261
416 631 396 807 325 628 746 256 62 35 173 301 745 882 769 370 77 640 254 608 472 970 668 843 205 883 224 685 979 139 661 570 397 402 935 457 992 372 613 166 582 231 560 169 162 8 204 484 198 165 91 399 132 803 994 32 523 443 377 702 616 556 850 414 595 189 272 570 307 260 168 800 918 589 306 455 451 208 459 226 231 873 230 699 752 976 264 666 20 472 718 769 984 992 617 182 267 110 477 20 328 151 83 932 476 642 338 580 114 177 81 735 998 177 757 36 764 456 459 941 953 600 552 232 74 493 389 541 395 224 76 763 480 32 597 771 748 877 342 12 752 278 618 765 410 949 857 922 871 212 121 690 496 642 804 29 88 173 790 676 191 721 894 962 727 946 879 164 493 250 765 493 184 467 927 852 41 676 370 403 60 151 487 871 959 846 403 540 682 511 808 76 260 667 310 167 230 483 239 506 613 31 323 713 820 496 833 565 652 431 91 122 916 284 619 400 550 982 527 938 661 530 570 79 623 704 647 500 917 178 592 773 613 286 887 366 276 448 932 12 824 317 270 297 718 667 182 978 599 289 225 734 651 978 468 264 767 630 788 527 60 452 356 813 620 568 246 729 45 544 718 143 459 118 138 405 494 740 289 556 169 395 76 377 714 944 101 752 554 361 788 933 433 51 325 447 705 760 821 576 230 549 342 561 711 254 298 978 333 794 244 152 472 776 777 575 563 785 510 654 756 930 694 369 340 916 459 837 38 848 587 504 869 540 184 928 572 874 627 450 545 229 616 750 945 682 750 695 323 69 296 292 202 72 537 229 889 309 406 618 802 927 958 513 45 663 504 787 384 492 405 398 672 305 526 868 678 56 274 691 854 631 551 682 994 547 91 111 192 24 964 180 41 867 231 327 860 123 337 383 576 995 745 113 928 97 923 644 675 158 784 865 24 685 87 960 536 91 700 179 630 786 944 379 199 796 950 50 937 201 643 324 672 225 103 261 590 591 167 536 859 105 411 826 178 591 575 927 111 198 922 973 327 496 745 832 231 787 895 101 462 859 402 862 413 455 791 336 801 283 929 563 498 999 639 862 403 531 912 699 971 417 474 613 84 155 519 289 910 831 490 346 836 354 683 954 756 772 843 281
483 945 251 449 642 896 517 327 929 595 915 401 759 604 7 308 369 683 382 627 256 33 681 730 283 642 878 117 28 813 733 569 998 837 53 22 735 890 525 139 518 530 181 976 351 11 54 393 28 851 201 791 91 570 697 232 427 131 795 466 38 362 269 976 707 654 438 207 342 841 451 940 234 687 530 499 283 778 632 664 126 419 154 840 887 716 709 340 132 366 60 86 604 590 233 359 418 763 788 515 392 321 392 355 421 156 865 477 473 222 641 376 342 302 965 816 219 685 184 957 210 403 111 311 460 59 163 137 65 538 510 903 870 414 533 670 700 19 898 859 530 714 126 105 401 74 998 342 455 406 856 429 853 392 131 219 311 881 881 570 165 376 63 199 510 976 763 934 419 215 381 227 776 947 549 637 956 22 454 418 410 821 748 259 657 703 44 954 7 767 436 86 230 40 329 657 874 844 918 557 181 329 841 747 642 395 832 446 755 246 93 407 148 763 43 759 412 436 905 721 638 325 52 40 148 916 609 343 280 845 336 760 540 302 394 865 386 976 270 857 364 615 216 960 718 896 661 778 244 426 33 157 371 866 65 768 994 795 564 657 241 234 329 483 595 247 292 754 34 409 634 671 278 912 864 632 107 341 958 474 760 204 203 215 247 307 113 65 542 443 239 17 137 343 960 725 213 732 616 401 695 900 297 33 965 918 196 418 303 88 834 863 943 254 647 422 724 480 883 441 545 398 818 633 57 769 812 550 716 699 713 933 120 767 452 797 492 546 680 987 348 203 478 87 647 315 828 852 346 492 483 828 160 34 654 533 813 928 561 523 210 723 177 352 237 172 890 87 676 526 578 342 162 378 145 1 973 998 403 516 394 662 50 796 625 955 742 44 430 356 440 858 963 660 613 836 706 140 649 49 693 909 361 183 329 633 210 740 174 443 47 889 954 523 810 612 278 889 684 344 474 95 906 445 706 209 232 60 947 181 459 586 912 185 356 494 720 645 272 504 992 828 321 316 241 556 247 798 341 915 112 945 408 390 234 887 812 560 946 602 779 823 760 33 393 151 391 115 193 460 542 365 828 758 369 803 943 458 37 301 556 136 227 835 968 864 697 855 390 356 689 588 53 945 749 876 504 490 565 890
852 740 720 949 962 440 769 527 896 212 955 626 491 390 866 914 102 614 870 471 312 772 178 228 614 92 894 976 113 468 156 257 588 7 534 785 37 898 669 303 139 262 731 412 712 130 463 42 784 522 39 747 511 961 269 491 210 635 137 930 779 101 623 586 260 773 953 907 75 468 497 539 401 16 857 525 151 117 336 793 576 848 413 995 5 449 478 598 418 687 399 766 185 760 404 163 888 467 24 786 762 277 723 997 656 646 664 792 135 529 178 448 20 751 44 767 314 90 213 401 487 759 595 257 38 732 361 139 727 751 987 455 819 187 773 197 726 419 258 93 143 884 599 234 302 467 423 987 863 335 474 926 370 873 810 853 644 347 521 601 256 901 327 446 253 401 585 815 359 456 546 502 494 470 93 973 540 974 604 491 339 774 452 20 408 954 136 48 759 2 7 360 343 240 811 963 78 234 569 214 833 629 236 819 890 857 235 332 90 931 547 483 358 713 517 434 175 307 774 580 772 10 132 426 935 292 30 790 990 448 343 666 776 786 914 336 525 752 935 474 19 228 979 442 657 518 171 664 374 205 976 266 411 740 503 284 600 115 83 714 700 270 28 889 173 999 51 459 360 720 543 480 989 650 833 821 73 114 0 980 946 416 370 660 598 488 425 876 176 777 167 487 35 931 20 8 32 297 25 134 978 663 584 646 133 809 670 281 729 941 328 957 531 652 596 270 868 53 186 487 256 136 37 23 189 550 487 599 48 680 474 199 9 907 90 701 719 975 357 915 18 90 775 348 621 866 771 291 354 25 372 0 178 815 233 654 973 708 75 938 869 677 479 578 537 986 971 533 948 957 25 133 904 123 15 462 113 919 655 32 704 851 29 601 393 273 219 580 147 501 547 199 971 446 263 144 155 843 372 265 485 825 894 756 972 178 845 863 452 490 104 272 725 391 68 620 20 607 447 611 246 214 444 954 80 788 810 920 94 755 703 729 790 990 254 779 147 423 153 30 707 224 53 152 860 115 337 253 199 29 995 223 726 363 601 143 924 598 265 772 155 534 334 96 522 870 374 571 94 437 399 656 86 99 138 614 8 740 992 429 864 996 503 1 388 489 682 599 524 989 72 725 839 732 543 418 306 989 173 627
121 462 313 111 47 932 913 183 687 897 330 472 989 312 972 386 843 11 505 656 862 792 258 850 18 858 961 748 258 613 188 329 353 691 841 312 201 365 908 538 974 61 89 873 33 203 261 945 844 295 613 147 715 999 61 216 483 492 458 215 545 520 796 895 543 474 329 49 226 810 71 670 861 650 87 479 885 25 389 974 45 821 948 970 543 84 680 321 372 645 177 542 3 472 156 717 410 45 673 340 837 258 242 831 412 531 880 306 668 140 68 689 310 124 23 926 512 601 908 449 927 825 729 158 535 656 576 687 162 642 283 678 352 987 347 0 784 653 676 360 479 164 306 937 505 778 765 933 319 713 929 653 936 722 304 889 205 49 758 912 838 792 830 320 576 441 397 106 354 257 7 490 364 792 25 666 321 728 780 859 107 422 220 588 773 700 330 303 260 144 507 449 927 495 125 697 524 906 788 24 874 926 449 450 169 930 380 292 461 763 3 297 384 63 289 706 161 461 454 931 238 33 970 186 567 579 770 749 560 200 736 779 282 972 819 946 650 558 199 233 520 323 154 444 181 760 62 442 567 694 852 486 990 689 447 138 702 225 754 432 267 959 137 763 91 8 492 835 793 342 55 144 667 152 779 141 394 671 867 48 769 136 610 297 843 417 199 89 781 776 815 605 927 286 154 778 500 50 477 307 554 200 196 144 482 916 762 334 257 252 748 172 970 178 170 11 649 764 416 958 4 417 231 325 249 687 397 816 84 301 564 520 911 844 278 963 519 687 108 613 97 62 440 517 6 681 98 764 643 793 540 494 221 313 516 779 926 500 939 243 830 306 443 478 352 314 810 710 609 410 3 926 351 47 14 292 846 500 87 56 859 915 55 334 329 620 665 543 238 204 538 672 704 504 155 801 116 393 349 200 836 407 422 111 832 442 131 511 614 858 898 209 613 669 342 275 70 255 234 832 624 572 917 411 450 135 128 500 479 29 576 378 279 497 363 80 342 671 739 715 976 237 217 242 461 111 289 294 247 490 297 957 303 778 471 802 626 19 286 826 861 458 468 766 212 725 580 645 325 960 202 23 104 450 377 432 808 587 169 804 92 340 615 49 124 908 676 745 319 60 602 102 199 858 366 308 629 971 743 647
526 477 257 771 570 128 437 750 379 657 227 530 22 179 594 219 933 77 923 416 194 7 819 325 428 802 352 731 412 672 390 665 881 454 136 789 173 989 752 52 50 474 609 895 292 880 971 521 658 331 36 114 147 101 840 316 27 364 906 445 234 519 980 958 466 366 910 478 278 741 204 880 649 360 899 488 246 285 344 103 932 374 828 118 439 991 704 713 370 979 940 150 340 909 93 89 935 81 184 771 105 835 601 640 507 171 649 694 710 253 664 115 726 882 644 659 161 290 875 163 981 586 927 297 203 501 930 149 760 988 488 622 880 584 690 165 288 583 887 498 669 806 388 371 655 40 152 560 696 108 617 80 450 324 953 178 170 466 850 660 458 777 437 332 59 63 639 770 484 973 499 382 192 442 503 912 122 693 547 242 126 614 825 805 421 432 634 298 595 693 429 552 894 421 599 202 367 613 325 726 715 290 101 34 39 377 459 960 68 52 870 560 212 554 313 698 543 401 101 22 238 84 945 456 59 584 893 272 403 259 615 146 786 835 832 889 947 363 275 601 177 771 610 591 217 909 424 647 22 330 254 305 975 268 630 522 989 315 761 293 997 104 329 94 917 729 531 615 541 901 214 736 953 950 361 974 874 529 606 85 278 269 539 171 728 608 659 504 20 96 123 589 937 749 930 867 4 234 164 173 567 738 86 434 894 34 483 890 4 655 729 319 870 425 314 357 820 563 826 957 11 848 269 375 481 721 8 395 489 121 549 395 994 196 405 583 563 854 376 296 646 395 923 667 447 654 735 531 566 120 943 424 503 659 989 658 386 172 409 123 905 33 379 675 196 150 884 731 997 967 367 855 31 884 21 926 770 270 462 672 476 299 8 92 704 399 847 255 844 151 999 833 675 925 472 826 64 285 803 132 684 563 858 337 721 730 376 995 228 244 494 788 11 660 991 226 48 831 560 554 352 913 302 758 840 17 949 0 261 18 473 859 491 69 297 412 450 368 597 560 859 10 24 837 407 921 345 578 481 704 686 550 695 349 863 228 453 496 380 799 466 383 433 779 917 330 561 294 655 885 721 71 95 541 125 708 395 204 909 754 264 652 887 170 431 933 17 917 949 698 363 823 437 134 816 999 40 911 369 350
558 27 269 760 754 343 558 644 869 299 724 685 843 164 206 333 2 173 769 856 264 233 374 88 98 455 376 597 398 562 73 242 760 893 118 124 123 409 91 57 280 740 554 724 43 872 336 757 332 997 384 281 605 960 425 612 328 371 368 228 119 680 1 798 161 207 745 573 689 470 361 987 231 534 254 916 264 640 630 459 808 231 157 580 775 887 603 818 704 23 12 530 212 278 18 719 191 579 389 927 258 34 758 292 150 905 796 881 741 742 325 141 256 960 771 285 595 446 700 157 220 763 894 468 650 942 559 560 63 193 90 885 659 583 442 605 438 395 881 280 402 897 79 619 614 403 627 546 682 630 625 416 559 396 470 14 652 412 749 50 887 770 789 644 395 600 968 103 515 959 533 442 152 778 157 713 85 201 427 314 486 796 277 610 96 318 442 879 83 587 538 205 543 366 324 541 877 685 995 457 824 670 808 878 110 145 240 579 146 173 299 604 365 140 947 806 15 122 147 926 375 523 733 602 262 781 65 301 8 104 487 600 11 283 25 649 848 463 854 932 107 516 137 925 554 148 123 889 917 498 321 370 810 675 181 192 204 26 327 69 237 593 686 260 395 672 438 328 230 7 271 703 64 35 689 270 944 129 341 222 586 250 397 317 811 598 999 678 568 741 231 557 816 131 384 543 102 763 895 875 927 37 429 905 181 286 456 579 144 865 543 912 707 989 588 819 741 666 329 511 844 170 837 981 430 754 111 797 786 874 734 604 819 195 352 614 622 451 435 688 705 478 858 348 617 29 568 221 61 626 680 288 922 33 667 1 974 121 504 253 678 3 939 603 796 256 419 198 95 803 90 503 629 553 853 142 79 374 238 41 314 548 783 801 563 527 157 2 731 177 740 982 344 855 443 274 960 839 738 742 204 246 169 98 78 707 294 548 502 325 265 905 343 676 681 58 805 818 617 113 169 241 857 701 433 372 906 857 572 981 13 455 928 484 230 809 899 888 0 555 764 793 283 663 234 697 326 367 804 999 133 953 452 989 920 391 874 30 467 441 546 202 75 939 385 106 723 552 607 472 427 494 780 435 721 671 498 898 113 898 689 911 86 730 330 762 540 680 753 645 915 11 768 515 649 819 773 815 646 998
883 758 180 102 803 854 924 701 992 838 586 971 306 236 506 721 57 860 559 740 986 952 618 92 565 385 39 921 297 810 876 989 303 947 456 444 888 469 309 872 125 505 474 414 658 383 969 975 770 406 704 476 452 46 321 798 394 105 358 871 302 849 57 680 615 492 393 431 315 800 227 803 801 677 162 421 436 869 8 761 234 524 879 696 167 181 363 338 773 44 877 55 567 335 209 733 152 33 782 21 267 92 393 220 14 995 527 831 561 364 223 844 635 302 365 452 133 256 939 582 554 730 187 55 544 908 628 74 64 613 816 900 949 953 958 838 470 533 664 887 491 171 775 93 802 181 825 401 330 780 727 554 835 509 373 866 836 798 29 11 767 406 740 360 215 377 151 438 327 863 188 492 444 91 644 112 471 365 310 489 710 410 811 246 101 466 807 577 913 159 366 487 611 412 772 726 169 939 926 760 869 806 961 379 225 831 159 998 247 126 842 360 514 755 306 470 250 418 964 631 389 782 944 588 783 859 634 622 133 763 0 630 822 98 603 688 504 808 300 138 784 896 827 400 803 887 37 976 384 686 567 417 393 722 588 259 722 179 220 374 626 745 248 218 441 617 239 428 346 937 522 29 418 190 171 84 986 547 761 897 298 123 112 139 232 963 193 534 809 818 291 981 318 171 895 743 917 923 775 962 243 387 104 934 37 334 642 146 890 383 40 271 381 409 764 363 429 890 930 999 9 832 754 528 457 754 776 701 612 126 905 509 78 220 278 762 485 960 778 956 568 425 804 795 857 155 461 698 335 960 359 486 785 213 231 770 635 229 555 205 597 49 193 598 612 736 323 536 696 387 592 693 474 162 282 446 44 619 182 757 893 964 543 763 263 173 216 912 736 704 224 953 240 625 554 638 277 394 865 768 85 727 51 770 100 143 787 354 672 645 432 73 28 748 475 753 169 428 91 760 908 322 772 328 558 793 296 353 541 47 4 252 816 164 540 100 571 976 294 273 945 725 656 574 799 627 7 709 756 358 339 960 750 346 189 131 628 687 51 240 119 257 470 246 230 243 816 382 228 912 859 674 837 23 174 714 893 84 702 603 222 891 799 980 211 539 862 286 989 279 200 290 637 744 803 31 235 789 610 693
606 327 499 695 987 346 984 105 177 616 492 877 113 98 987 274 803 660 550 380 65 163 901 404 154 607 544 798 568 845 988 712 208 263 811 852 726 950 279 432 377 202 933 687 672 3 688 635 668 301 666 722 124 441 699 86 447 361 917 555 448 81 502 114 832 446 280 994 941 413 193 506 40 452 726 46 656 424 649 21 196 328 906 7 429 78 940 375 478 37 284 182 837 365 23 780 317 262 564 340 402 99 907 431 952 481 378 934 537 648 478 124 609 199 480 768 677 836 100 317 32 771 519 494 393 80 520 171 471 562 50 396 780 628 790 676 870 441 794 99 36 832 946 528 404 348 964 651 485 554 831 363 49 800 157 557 43 545 466 459 469 201 683 251 617 340 757 86 297 253 843 709 849 349 871 743 718 586 764 742 67 873 799 301 516 731 673 462 417 880 715 502 242 630 221 308 893 991 296 141 449 183 811 471 23 823 635 370 331 950 724 152 502 127 349 176 776 544 67 254 170 396 234 347 402 472 361 14 686 729 805 4 959 560 289 918 716 249 838 374 901 812 308 923 642 412 120 477 384 245 614 617 885 407 332 261 202 18 592 25 897 816 989 590 679 893 834 384 3 26 824 819 349 631 624 807 180 569 197 610 451 446 456 723 684 608 605 722 595 331 948 979 839 860 164 121 29 840 736 724 832 445 512 613 639 774 456 611 519 507 596 414 620 529 297 337 857 719 734 680 511 4 19 634 281 530 525 157 960 198 99 260 960 99 856 273 848 443 28 886 905 482 346 593 152 114 12 961 345 825 519 882 981 264 975 890 623 705 812 415 67 419 871 440 471 906 658 874 638 772 937 585 132 552 187 66 773 674 479 994 458 780 411 191 565 525 325 327 849 689 946 366 679 509 159 949 505 721 524 203 610 623 301 310 683 188 560 621 796 114 178 83 929 6 178 481 518 269 981 360 64 725 917 302 215 999 860 583 746 87 451 838 45 347 510 932 27 961 870 359 734 355 418 861 656 875 953 22 544 841 950 278 100 349 986 713 672 572 547 695 50 906 475 944 831 518 10 308 23 37 753 711 850 514 760 348 112 27 11 859 832 922 649 341 604 301 345 353 495 255 954 329 293 557 706 374 141 690 562 975
127 227 730 353 131 264 828 680 901 933 538 443 619 605 440 775 364 320 633 269 67 227 954 541 782 18 741 709 125 601 43 476 318 601 964 360 230 223 160 986 410 996 721 959 260 387 34 753 890 544 60 371 902 962 195 837 442 968 885 488 165 517 208 883 296 210 128 858 46 217 387 604 106 81 284 655 771 815 295 929 471 59 114 394 758 544 288 992 566 804 921 255 613 63 862 309 777 77 724 394 217 983 552 239 729 651 715 876 326 516 525 817 870 808 848 564 896 804 13 702 775 972 109 529 907 409 987 459 556 144 551 287 132 224 117 987 472 350 355 429 542 181 171 97 422 317 124 1 542 458 765 902 569 477 120 788 524 881 730 308 426 68 373 929 766 363 604 626 424 607 458 369 165 310 554 130 353 656 692 279 204 98 923 80 513 581 266 21 117 735 122 225 904 14 791 312 470 454 369 369 269 375 573 479 674 784 655 488 916 512 643 868 162 225 232 665 683 5 937 71 209 164 985 154 576 74 147 971 831 221 18 890 769 240 70 770 645 679 641 749 584 781 910 265 297 989 452 887 700 253 702 993 860 506 702 734 847 270 476 447 761 279 506 436 313 855 94 41 799 696 964 863 242 48 916 191 620 999 278 705 605 117 297 71 361 576 338 727 641 528 901 442 169 376 505 231 162 113 748 122 195 28 819 880 779 94 805 266 77 882 888 315 778 912 44 695 494 467 393 155 126 942 157 708 631 857 517 804 30 384 42 44 879 519 686 66 858 816 720 262 970 445 584 925 65 817 72 771 672 261 734 42 425 979 482 391 267 626 305 254 281 96 586 290 794 284 421 125 890 298 970 37 179 870 145 65 745 835 861 698 242 731 357 289 233 418 901 371 176 163 346 227 499 280 936 688 403 378 476 781 205 422 754 443 851 290 232 689 668 356 911 436 87 85 275 182 840 814 520 637 338 968 993 664 191 969 232 549 65 726 591 844 425 195 201 577 88 471 989 439 175 660 867 299 518 78 883 419 346 858 182 553 555 863 304 51 384 967 997 117 248 457 131 24 790 921 728 267 273 293 432 331 822 509 661 454 985 20 870 928 127 830 74 826 479 487 31 727 187 983 380 14 330 362 607 875 483 16 66 277
898 234 333 532 164 651 148 653 941 479 651 138 19 838 153 777 193 244 305 555 248 553 482 931 942 816 505 275 363 216 485 274 466 210 980 111 220 830 273 803 77 470 952 898 977 67 397 555 290 915 290 417 436 2 751 855 106 2 529 839 302 488 188 161 644 339 361 890 470 588 410 391 119 587 561 836 715 132 574 898 142 291 977 490 509 248 393 373 39 482 513 633 447 597 379 344 709 136 752 394 767 701 558 979 812 118 585 784 559 111 495 569 270 257 568 50 280 433 364 399 109 299 124 80 689 38 326 111 138 188 9 197 336 761 599 307 728 431 254 503 513 99 505 971 131 649 738 428 612 346 655 885 839 327 653 283 294 168 152 517 941 786 375 491 857 553 619 556 242 199 975 681 584 975 98 643 61 573 251 675 863 938 70 244 865 459 189 394 157 866 954 180 366 785 397 750 442 148 566 795 464 244 345 198 524 266 211 563 691 32 847 988 141 86 901 938 342 996 194 974 725 281 743 498 281 366 476 957 839 386 13 820 403 1 72 22 207 627 880 245 443 549 817 991 522 255 715 523 318 244 813 415 900 716 412 873 792 235 703 400 3 527 218 62 685 643 160 862 244 821 210 821 33 403 582 925 8 373 958 510 908 149 702 913 983 375 242 756 684 861 902 300 96 44 112 603 925 86 660 718 406 687 56 903 805 367 824 55 203 46 971 503 680 890 783 348 199 68 109 599 340 364 628 99 567 129 120 90 207 451 737 211 723 638 244 656 921 138 785 831 304 696 90 31 76 527 613 383 45 139 315 644 296 247 409 398 966 132 137 395 892 711 732 467 710 456 730 515 241 399 835 954 24 221 891 468 463 17 173 528 355 710 192 464 267 341 18 85 31 0 591 630 452 7 756 548 603 318 948 902 124 715 978 661 856 930 256 496 261 145 580 336 170 599 62 731 918 437 300 926 8 913 957 531 495 288 2 727 246 166 562 948 270 725 157 39 278 54 795 481 232 926 394 551 58 98 682 117 176 999 750 269 290 552 340 972 426 398 724 393 994 812 557 278 782 633 790 701 720 506 528 443 873 534 767 334 416 550 900 283 502 409 510 757 518 227 938 185 164 598 959 457 15 359 130 495 987 115 585 294
357 866 905 642 903 168 526 603 456 221 30 566 273 305 79 790 458 788 901 673 200 218 813 45 26 267 2 887 551 94 157 870 997 74 412 684 63 690 581 405 198 997 576 327 955 654 993 780 526 199 454 546 743 286 868 217 728 94 364 410 240 54 603 704 224 864 335 265 305 243 912 408 920 350 942 694 904 968 356 401 919 45 546 96 931 88 809 401 972 878 872 787 397 435 576 103 456 983 496 660 927 785 40 627 339 795 612 311 926 129 221 703 232 197 702 646 406 776 764 648 816 587 458 654 17 831 759 473 379 256 542 437 497 285 80 52 348 595 952 574 48 259 84 520 518 445 346 653 313 691 29 594 989 685 107 665 838 776 951 273 296 687 370 425 652 5 824 760 31 782 47 140 514 632 619 563 200 967 358 257 13 429 807 740 791 358 932 17 546 820 763 536 725 408 777 760 148 13 618 0 906 108 1 516 332 794 535 749 284 139 201 822 938 813 255 368 9 720 531 243 785 707 449 25 656 917 478 713 894 235 84 52 468 121 157 951 319 622 353 416 464 392 92 239 676 607 738 574 710 813 98 630 794 94 217 827 260 776 757 253 761 425 398 621 825 198 211 437 831 115 694 619 29 440 346 165 165 529 735 484 847 696 446 706 260 873 304 983 499 351 440 384 155 450 400 422 767 32 459 179 865 705 263 934 522 696 32 840 483 683 858 103 787 767 884 528 532 433 495 929 833 37 965 693 325 175 687 939 41 411 564 79 212 814 904 165 618 373 846 564 585 463 194 326 835 151 72 443 154 395 471 88 797 952 123 173 901 367 242 182 732 599 873 7 985 252 288 821 700 610 633 432 875 993 443 48 598 619 604 71 768 189 58 133 116 36 590 732 892 755 742 4 192 143 294 275 717 248 338 962 587 976 576 299 565 122 173 55 463 665 307 833 523 568 271 78 434 476 907 969 784 495 791 889 166 708 27 606 765 129 728 162 383 834 481 968 164 86 990 715 195 593 770 925 554 106 516 523 466 744 493 193 266 382 258 661 26 932 787 899 713 637 358 633 527 696 929 825 154 569 696 998 539 60 559 878 213 896 947 296 965 196 794 270 980 440 508 498 520 729 825 544 911 872 864 26 832 343 375 307
